Customer ID,Recency,Frequency,Monetary,AvgOrderValue,UniqueProducts,TotalItems,AvgDaysBetweenPurchases,BasketSize,PreferredDay,PreferredHour,CountryDiversity,CustomerLifetimeDays,PurchaseVelocity,Purchases_Last30Days,Purchases_Last60Days,Purchases_Last90Days,ProductDiversityScore,AvgPricePreference,StdPricePreference,R_Score,F_Score,M_Score,RFM_Score,CustomerSegment
12347.0,2,7,3643.58,21.061156069364163,99,1924,2.104651162790698,274.85714285714283,Tuesday,14,1,365,0.01912568306010929,1.0,2.0,2.0,99,2.7108670520231213,2.2837545202946528,4,4,4,444,Champions
12348.0,75,4,450.2,45.019999999999996,7,149,31.333333333333332,37.25,Thursday,19,1,282,0.014134275618374558,0.0,0.0,1.0,7,16.39,20.320580700363855,2,3,2,232,Regular
12349.0,19,1,1667.55,23.486619718309857,71,559,0.0,559.0,Monday,9,1,0,1.0,1.0,1.0,1.0,71,8.487323943661972,35.50440527828892,3,1,4,314,At Risk
12350.0,310,1,334.40000000000003,19.67058823529412,17,197,0.0,197.0,Wednesday,16,1,0,1.0,0.0,0.0,0.0,17,3.841176470588235,9.334750855240422,1,1,2,112,Regular
12352.0,36,8,2506.04,29.482823529411764,59,536,3.0714285714285716,67.0,Tuesday,14,1,260,0.03065134099616858,0.0,1.0,3.0,59,15.93070588235294,53.70632399998194,3,4,4,344,Loyal
12353.0,204,1,89.0,22.25,4,20,0.0,20.0,Thursday,17,1,0,1.0,0.0,0.0,0.0,4,6.074999999999999,4.516174634946409,1,1,1,111,Regular
12354.0,232,1,916.84,16.97851851851852,54,402,0.0,402.0,Thursday,13,1,0,1.0,0.0,0.0,0.0,54,4.743333333333333,4.407078354493089,1,1,3,113,Regular
12355.0,214,1,264.40000000000003,24.03636363636364,11,84,0.0,84.0,Monday,13,1,0,1.0,0.0,0.0,0.0,11,4.740909090909091,3.5129630073357005,1,1,2,112,Regular
12356.0,23,3,1986.59,47.2997619047619,38,623,7.365853658536586,207.66666666666666,Tuesday,9,1,302,0.009900990099009901,1.0,1.0,1.0,38,4.113809523809524,4.379501003082959,3,3,4,334,Loyal
12357.0,33,1,4327.21,38.983873873873875,111,1694,0.0,1694.0,Sunday,16,1,0,1.0,0.0,1.0,1.0,111,3.5936936936936936,3.7709456079411674,3,1,4,314,At Risk
12358.0,2,2,1154.02,64.11222222222221,12,212,8.764705882352942,106.0,Tuesday,10,1,149,0.013333333333333334,1.0,1.0,1.0,12,8.712222222222222,11.652048825424021,4,2,3,423,At Risk
12359.0,58,4,6310.03,25.755224489795918,214,1609,1.1188524590163935,402.25,Thursday,12,1,274,0.014545454545454545,0.0,1.0,1.0,214,8.664530612244898,20.736230674501794,2,3,4,234,Regular
12360.0,52,3,2638.66,20.61453125,104,1129,1.1653543307086613,376.3333333333333,Tuesday,15,1,148,0.020134228187919462,0.0,1.0,1.0,104,3.57234375,6.420349229392603,2,3,4,234,Regular
12361.0,287,1,189.9,18.990000000000002,10,91,0.0,91.0,Friday,13,1,0,1.0,0.0,0.0,0.0,10,3.335,4.129571540863665,1,1,1,111,Regular
12362.0,3,10,5158.79,19.69003816793893,197,2093,1.0996168582375478,209.3,Thursday,15,1,292,0.034129692832764506,1.0,5.0,6.0,197,3.993778625954198,4.1258538924215875,4,4,4,444,Champions
12363.0,110,2,532.2,24.19090909090909,22,372,6.285714285714286,186.0,Monday,13,1,132,0.015037593984962405,0.0,0.0,0.0,22,2.391818181818182,2.4855231055504405,2,2,2,222,At Risk
12364.0,8,4,1233.18,14.857590361445784,69,1290,1.2560975609756098,322.5,Friday,15,1,104,0.0380952380952381,1.0,2.0,3.0,69,1.946867469879518,3.3240344014064847,4,3,3,433,Regular
12365.0,291,2,641.38,29.153636363636362,22,174,0.0,87.0,Monday,13,1,0,2.0,0.0,0.0,0.0,22,17.150454545454547,67.84281008873329,1,2,3,123,Regular
12367.0,4,1,156.3,15.63,10,113,0.0,113.0,Monday,16,1,0,1.0,1.0,1.0,1.0,10,3.499,5.256533395055465,4,1,1,411,At Risk
12370.0,51,4,2915.96,18.69205128205128,134,1358,1.9870967741935484,339.5,Tuesday,12,2,309,0.012903225806451613,0.0,1.0,1.0,134,2.90474358974359,3.4624126305442258,3,3,4,334,Loyal
12371.0,45,2,1747.26,28.643606557377048,61,525,0.23333333333333334,262.5,Tuesday,10,1,14,0.13333333333333333,0.0,2.0,2.0,61,3.9291803278688526,5.124192064798107,3,2,4,324,At Risk
12372.0,72,3,1119.84,22.853877551020407,34,686,4.666666666666667,228.66666666666666,Wednesday,12,1,224,0.013333333333333334,0.0,0.0,1.0,34,3.0840816326530613,3.98513326751615,2,3,3,233,Regular
12373.0,311,1,339.1,26.084615384615386,13,167,0.0,167.0,Tuesday,13,1,0,1.0,0.0,0.0,0.0,13,4.869230769230769,10.57791603730658,1,1,2,112,Regular
12374.0,25,1,742.9300000000001,22.513030303030305,33,342,0.0,342.0,Monday,15,1,0,1.0,1.0,1.0,1.0,33,4.21969696969697,7.309977549917853,3,1,3,313,At Risk
12375.0,11,2,395.1,24.69375,14,148,5.8,74.0,Friday,14,1,87,0.022727272727272728,1.0,1.0,1.0,14,7.215,12.913885550058122,4,2,2,422,At Risk
12377.0,315,2,1628.1200000000001,21.144415584415587,72,944,0.5131578947368421,472.0,Monday,9,1,39,0.05,0.0,0.0,0.0,72,2.718831168831169,4.650517224778668,1,2,4,124,Regular
12378.0,130,1,3835.34,17.83879069767442,215,2097,0.0,2097.0,Tuesday,10,1,0,1.0,0.0,0.0,0.0,215,3.041302325581395,3.0065523734881583,2,1,4,214,At Risk
12379.0,82,2,811.44,20.806153846153848,38,359,2.3157894736842106,179.5,Monday,10,1,88,0.02247191011235955,0.0,0.0,1.0,38,2.917948717948718,3.075261374845516,2,2,3,223,At Risk
12380.0,22,4,2267.85,22.907575757575756,74,911,1.653061224489796,227.75,Tuesday,9,1,164,0.024242424242424242,1.0,2.0,3.0,74,3.446767676767677,3.987770546968704,3,3,4,334,Loyal
12381.0,5,5,1821.91,21.185000000000002,69,772,1.3294117647058823,154.4,Friday,9,1,115,0.04310344827586207,1.0,4.0,4.0,69,4.730116279069768,7.417411550127658,4,4,4,444,Champions
12383.0,185,5,1679.44,18.254782608695653,82,1072,1.8131868131868132,214.4,Wednesday,14,1,167,0.02976190476190476,0.0,0.0,0.0,82,3.288804347826087,4.211355095633631,1,4,4,144,Regular
12384.0,29,2,585.27,21.676666666666666,26,126,3.5384615384615383,63.0,Wednesday,11,1,92,0.021505376344086023,1.0,1.0,1.0,26,7.87925925925926,9.820554553480761,3,2,3,323,At Risk
12386.0,367,1,215.70000000000002,30.814285714285717,7,94,0.0,94.0,Wednesday,9,1,0,1.0,0.0,0.0,0.0,7,3.064285714285714,2.3276802267698278,1,1,1,111,Regular
12388.0,16,6,2533.6,26.9531914893617,55,1100,3.3225806451612905,183.33333333333334,Thursday,13,1,311,0.019230769230769232,1.0,1.0,2.0,55,2.9039361702127664,1.875678640245537,4,4,4,444,Champions
12390.0,80,1,526.44,16.98193548387097,31,317,0.0,317.0,Wednesday,9,1,0,1.0,0.0,0.0,1.0,31,4.104838709677419,4.741795631029621,2,1,2,212,At Risk
12391.0,22,1,433.78000000000003,4.715000000000001,91,265,0.0,265.0,Friday,12,1,0,1.0,1.0,1.0,1.0,91,2.4407608695652177,2.204699891712683,3,1,2,312,At Risk
12393.0,72,4,1193.5,20.57758620689655,45,618,4.543859649122807,154.5,Wednesday,9,1,260,0.01532567049808429,0.0,0.0,1.0,45,2.322413793103448,1.1309510209271831,2,3,3,233,Regular
12394.0,64,2,543.08,24.685454545454547,21,191,7.285714285714286,95.5,Friday,14,2,153,0.012987012987012988,0.0,0.0,1.0,21,3.696363636363636,4.602186380463038,2,2,2,222,At Risk
12395.0,19,12,2468.67,17.143541666666668,85,1234,2.4195804195804196,102.83333333333333,Friday,16,1,351,0.03409090909090909,1.0,3.0,4.0,85,4.2411111111111115,5.41607153983687,3,4,4,344,Loyal
12397.0,36,2,2372.46,19.13274193548387,108,1191,0.8048780487804879,595.5,Wednesday,14,1,99,0.02,0.0,1.0,1.0,108,3.515806451612903,3.921305178597795,3,2,4,324,At Risk
12398.0,46,1,1597.1399999999999,19.242650602409636,83,1322,0.0,1322.0,Tuesday,10,1,0,1.0,0.0,1.0,1.0,83,2.027831325301205,4.466103514849183,3,1,4,314,At Risk
12399.0,119,4,804.15,16.083,43,704,2.8979591836734695,176.0,Wednesday,9,1,142,0.027972027972027972,0.0,0.0,0.0,43,2.3722,3.8464355564335047,2,3,3,233,Regular
12401.0,303,1,84.3,16.86,5,11,0.0,11.0,Wednesday,13,1,0,1.0,0.0,0.0,0.0,5,9.68,4.7015423001393915,1,1,1,111,Regular
12402.0,323,1,225.60000000000002,20.50909090909091,11,94,0.0,94.0,Thursday,13,1,0,1.0,0.0,0.0,0.0,11,3.290909090909091,3.9065853492415967,1,1,1,111,Regular
12403.0,50,1,128.9,42.96666666666667,3,24,0.0,24.0,Friday,10,1,0,1.0,0.0,1.0,1.0,3,9.033333333333333,7.775656456745843,3,1,1,311,At Risk
12405.0,149,1,1586.0700000000002,33.74617021276596,47,521,0.0,521.0,Thursday,8,1,0,1.0,0.0,0.0,0.0,47,4.017021276595745,5.785183066095066,1,1,4,114,Regular
12406.0,22,2,3051.18,30.819999999999997,88,1526,1.6428571428571428,763.0,Thursday,19,1,161,0.012345679012345678,1.0,1.0,1.0,88,2.5626262626262624,2.598288520631628,3,2,4,324,At Risk
12407.0,50,5,1417.36,19.96281690140845,54,876,3.0285714285714285,175.2,Wednesday,9,1,214,0.023255813953488372,0.0,1.0,1.0,54,3.4832394366197184,4.29487294827811,3,4,4,344,Loyal
12408.0,33,5,2327.91,23.514242424242422,80,1089,2.306122448979592,217.8,Friday,10,1,227,0.021929824561403508,0.0,1.0,1.0,80,3.0991919191919193,3.5948897053182907,3,4,4,344,Loyal
12409.0,79,3,3452.39,86.30975,34,641,2.641025641025641,213.66666666666666,Friday,12,1,103,0.028846153846153848,0.0,0.0,2.0,34,6.485249999999999,4.213889723588421,2,3,4,234,Regular
12410.0,309,2,693.33,26.66653846153846,26,211,0.0,105.5,Friday,10,1,0,2.0,0.0,0.0,0.0,26,6.335384615384616,7.7426399791126705,1,2,3,123,Regular
12412.0,75,3,1199.04,20.32271186440678,42,733,1.603448275862069,244.33333333333334,Monday,13,1,94,0.031578947368421054,0.0,0.0,1.0,42,2.795932203389831,3.65129080559855,2,3,3,233,Regular
12413.0,67,3,758.1,19.95,29,286,7.27027027027027,95.33333333333333,Thursday,16,1,270,0.01107011070110701,0.0,0.0,1.0,29,4.798421052631579,5.880625783171972,2,3,3,233,Regular
12414.0,217,3,463.65000000000003,30.910000000000004,13,168,6.571428571428571,56.0,Friday,14,1,93,0.031914893617021274,0.0,0.0,0.0,13,10.143333333333334,15.545392825375567,1,3,2,132,Regular
12415.0,25,12,8255.71,58.1388028169014,122,1586,2.1773049645390072,132.16666666666666,Tuesday,10,1,312,0.038338658146964855,1.0,2.0,3.0,122,6.683380281690141,29.21838182924592,3,4,4,344,Loyal
12417.0,3,9,3521.3,18.73031914893617,154,1368,1.8716577540106951,152.0,Thursday,14,2,354,0.02535211267605634,1.0,2.0,2.0,154,5.435851063829787,5.264408069284275,4,4,4,444,Champions
12418.0,113,1,654.66,19.838181818181816,33,359,0.0,359.0,Friday,11,1,0,1.0,0.0,0.0,0.0,33,3.663636363636364,3.2161232662378416,2,1,3,213,At Risk
12420.0,64,1,570.15,21.116666666666667,27,201,0.0,201.0,Friday,8,1,0,1.0,0.0,0.0,1.0,27,5.037037037037037,4.049423334837855,2,1,2,212,At Risk
12421.0,16,4,788.32,17.916363636363638,32,436,7.0,109.0,Sunday,13,1,303,0.013157894736842105,1.0,1.0,1.0,32,4.614090909090909,7.806705024552968,4,3,3,433,Regular
12422.0,96,3,803.5600000000001,20.604102564102565,39,370,6.0,123.33333333333333,Friday,9,2,229,0.013043478260869565,0.0,0.0,0.0,39,3.26025641025641,6.334622693528457,2,3,3,233,Regular
12423.0,1,8,1859.31,14.87448,97,1339,2.814516129032258,167.375,Monday,10,1,352,0.0226628895184136,1.0,1.0,1.0,97,2.9135999999999997,4.1231729873813165,4,4,4,444,Champions
12424.0,163,2,703.72,33.51047619047619,21,256,0.0,128.0,Thursday,12,1,0,2.0,0.0,0.0,0.0,21,2.9504761904761905,1.8072257086221308,1,2,3,123,Regular
12425.0,78,1,580.64,18.145,32,328,0.0,328.0,Thursday,17,1,0,1.0,0.0,0.0,1.0,32,2.741875,2.5828359476083773,2,1,3,213,At Risk
12426.0,195,1,582.73,19.424333333333333,30,258,0.0,258.0,Sunday,12,1,0,1.0,0.0,0.0,0.0,30,3.9363333333333332,4.266062937710336,1,1,3,113,Regular
12427.0,22,3,765.32,25.51066666666667,25,245,12.03448275862069,81.66666666666667,Friday,15,1,349,0.008571428571428572,1.0,2.0,2.0,25,4.735,5.03908910077181,3,3,3,333,Loyal
12428.0,26,9,7583.08,26.700985915492957,251,3114,0.901060070671378,346.0,Tuesday,9,1,257,0.03488372093023256,1.0,1.0,1.0,251,4.7537676056338025,17.211985230597627,3,4,4,344,Loyal
12429.0,9,4,3196.84,35.52044444444444,76,1173,3.9887640449438204,293.25,Monday,12,2,356,0.011204481792717087,1.0,1.0,1.0,76,3.7826666666666666,4.314248355902161,4,3,4,434,Regular
12430.0,43,1,256.4,23.30909090909091,11,117,0.0,117.0,Thursday,15,1,0,1.0,0.0,1.0,1.0,11,6.225454545454546,11.685803663964549,3,1,2,312,At Risk
12431.0,60,13,4725.65,20.909955752212387,161,1850,1.3733333333333333,142.30769230769232,Thursday,14,2,313,0.041401273885350316,0.0,1.0,3.0,161,3.8499557522123897,2.880165349850226,2,4,4,244,Regular
12432.0,43,5,3721.28,42.28727272727273,87,875,1.471264367816092,175.0,Monday,13,1,129,0.038461538461538464,0.0,2.0,2.0,87,12.620454545454548,74.52739795382652,3,4,4,344,Loyal
12433.0,1,7,8451.57,26.577264150943396,195,4601,1.167192429022082,657.2857142857143,Wednesday,13,1,372,0.01876675603217158,3.0,4.0,4.0,195,2.611666666666667,2.410171542952153,4,4,4,444,Champions
12434.0,85,2,806.14,16.122799999999998,46,394,3.5714285714285716,197.0,Friday,12,1,175,0.011363636363636364,0.0,0.0,1.0,46,3.6726,2.9911453065503117,2,2,3,223,At Risk
12435.0,268,1,1358.3999999999999,194.05714285714285,7,128,0.0,128.0,Thursday,7,1,0,1.0,0.0,0.0,0.0,7,10.607142857142858,5.995236204092141,1,1,4,114,Regular
12436.0,100,1,509.01,31.813125,16,211,0.0,211.0,Thursday,12,1,0,1.0,0.0,0.0,0.0,16,5.2675,9.468541950409612,2,1,2,212,At Risk
12437.0,2,18,4390.79,23.993387978142078,114,2132,1.7692307692307692,118.44444444444444,Wednesday,9,1,329,0.05454545454545454,3.0,6.0,7.0,114,4.299453551912568,5.273939112815758,4,4,4,444,Champions
12438.0,14,2,2866.17,30.491170212765958,80,1024,1.3440860215053763,512.0,Friday,13,1,125,0.015873015873015872,1.0,1.0,1.0,80,4.048829787234042,6.06196973850093,4,2,4,424,At Risk
12441.0,367,1,173.55,15.77727272727273,11,121,0.0,121.0,Wednesday,10,1,0,1.0,0.0,0.0,0.0,11,3.700909090909091,4.959059294957975,1,1,1,111,Regular
12442.0,3,1,172.06,14.338333333333333,12,182,0.0,182.0,Tuesday,14,1,0,1.0,1.0,1.0,1.0,12,3.34,7.822651259469051,4,1,1,411,At Risk
12444.0,21,5,5005.46,28.440113636363638,138,1153,0.8514285714285714,230.6,Tuesday,14,1,149,0.03333333333333333,1.0,2.0,3.0,138,6.3586931818181816,7.054750051027148,3,4,4,344,Loyal
12445.0,22,1,133.4,33.35,4,62,0.0,62.0,Thursday,18,1,0,1.0,1.0,1.0,1.0,4,7.9875,13.341999787638034,3,1,1,311,At Risk
12446.0,58,1,1002.3100000000001,17.584385964912283,57,351,0.0,351.0,Thursday,12,1,0,1.0,0.0,1.0,1.0,57,4.352631578947368,3.6558483119105545,2,1,3,213,At Risk
12447.0,243,1,476.49,18.326538461538462,26,190,0.0,190.0,Sunday,13,1,0,1.0,0.0,0.0,0.0,26,3.5742307692307693,3.2914217877104996,1,1,2,112,Regular
12448.0,44,1,449.45,20.429545454545455,22,243,0.0,243.0,Wednesday,13,1,0,1.0,0.0,1.0,1.0,22,5.951818181818182,14.41783473485386,3,1,2,312,At Risk
12449.0,22,4,4067.29,21.294712041884818,118,1553,0.8578947368421053,388.25,Thursday,9,1,164,0.024242424242424242,1.0,1.0,1.0,118,3.694712041884817,3.1349560218205554,3,3,4,334,Loyal
12450.0,156,2,131.88,18.84,7,88,2.8333333333333335,44.0,Sunday,14,1,17,0.1111111111111111,0.0,0.0,0.0,7,1.6128571428571428,0.663644339630656,1,2,1,121,Regular
12451.0,11,5,6776.76,22.439602649006623,246,4120,1.0332225913621262,824.0,Wednesday,9,1,313,0.01592356687898089,2.0,2.0,3.0,246,2.7110927152317883,3.699552159035178,4,4,4,444,Champions
12452.0,17,2,430.57000000000005,19.57136363636364,21,185,0.0,92.5,Wednesday,8,1,0,2.0,2.0,2.0,2.0,21,4.485,8.227890286788503,4,2,2,422,At Risk
12453.0,134,1,707.09,16.443953488372095,43,473,0.0,473.0,Thursday,14,1,0,1.0,0.0,0.0,0.0,43,2.393255813953488,1.773552690868479,2,1,3,213,At Risk
12454.0,56,1,581.7,193.9,3,38,0.0,38.0,Friday,17,1,0,1.0,0.0,1.0,1.0,3,18.016666666666666,20.650746556319298,2,1,3,213,At Risk
12455.0,73,6,1396.8600000000001,19.400833333333335,67,809,3.112676056338028,134.83333333333334,Wednesday,9,2,223,0.026785714285714284,0.0,0.0,1.0,67,3.714444444444444,6.324951013313365,2,4,4,244,Regular
12456.0,44,3,2839.44,24.477931034482758,101,1253,1.817391304347826,417.6666666666667,Wednesday,15,1,210,0.014218009478672985,0.0,1.0,1.0,101,3.8276724137931035,6.534213815556259,3,3,4,334,Loyal
12457.0,85,4,1532.53,27.36660714285714,49,513,2.7636363636363637,128.25,Wednesday,15,1,153,0.025974025974025976,0.0,0.0,2.0,49,5.609999999999999,9.07212133155997,2,3,4,234,Regular
12458.0,71,2,823.38,23.525142857142857,33,368,6.264705882352941,184.0,Thursday,15,1,213,0.009345794392523364,0.0,0.0,1.0,33,4.596857142857142,9.038940844846737,2,2,3,223,At Risk
12461.0,94,2,826.88,23.62514285714286,35,287,1.7647058823529411,143.5,Friday,10,1,60,0.03278688524590164,0.0,0.0,0.0,35,4.258857142857143,6.7180414562879385,2,2,3,223,At Risk
12462.0,19,2,1152.15,19.2025,49,440,4.813559322033898,220.0,Wednesday,14,1,284,0.007017543859649123,1.0,1.0,1.0,49,4.832833333333332,5.616908822253939,3,2,3,323,At Risk
12463.0,53,4,1344.78,16.202168674698793,65,776,2.268292682926829,194.0,Tuesday,14,1,188,0.021164021164021163,0.0,1.0,1.0,65,3.0434939759036146,4.075669459818224,2,3,3,233,Regular
12464.0,10,8,1212.05,41.79482758620689,6,112,10.571428571428571,14.0,Thursday,13,1,299,0.02666666666666667,2.0,2.0,2.0,6,11.832758620689654,4.752729964791456,4,4,3,443,Champions
12465.0,17,2,701.39,15.247608695652174,45,431,3.3777777777777778,215.5,Thursday,13,1,152,0.013071895424836602,1.0,1.0,1.0,45,2.801521739130435,3.209575234887912,4,2,3,423,At Risk
12468.0,188,2,706.14,19.084864864864866,35,330,3.5555555555555554,165.0,Sunday,11,1,128,0.015503875968992248,0.0,0.0,0.0,35,3.592432432432433,4.295072373860154,1,2,3,123,Regular
12471.0,2,29,12256.33,30.71761904761905,144,5058,0.8869346733668342,174.41379310344828,Thursday,9,1,362,0.07988980716253444,6.0,7.0,11.0,144,4.546641604010025,17.233870115127914,4,4,4,444,Champions
12472.0,32,7,6095.53,18.47130303030303,217,3794,1.0151975683890577,542.0,Wednesday,14,1,336,0.020771513353115726,0.0,2.0,2.0,217,2.4256060606060608,3.219524181266938,3,4,4,344,Loyal
12473.0,29,5,3694.77,23.837225806451613,129,1822,1.0454545454545454,364.4,Monday,11,1,162,0.03067484662576687,2.0,3.0,3.0,129,8.988387096774193,55.510681556455154,3,4,4,344,Loyal
12474.0,17,18,7109.05,17.21319612590799,247,4401,0.7354368932038835,244.5,Tuesday,10,1,312,0.05750798722044728,2.0,5.0,5.0,247,2.9112106537530265,4.202637231050113,4,4,4,444,Champions
12475.0,54,1,663.64,20.11030303030303,33,333,0.0,333.0,Monday,10,1,0,1.0,0.0,1.0,1.0,33,3.1687878787878785,3.3370624784154828,2,1,3,213,At Risk
12476.0,16,11,6346.18,28.331160714285716,174,2040,1.5291479820627802,185.45454545454547,Thursday,10,1,345,0.031791907514450865,2.0,4.0,5.0,174,4.971517857142857,4.713762068956071,4,4,4,444,Champions
12477.0,23,6,10522.54,37.5805,185,2649,0.992831541218638,441.5,Friday,9,1,278,0.021505376344086023,1.0,2.0,3.0,185,4.508964285714286,3.020426991368845,3,4,4,344,Loyal
12478.0,4,1,680.99,18.91638888888889,36,236,0.0,236.0,Tuesday,9,1,0,1.0,1.0,1.0,1.0,36,4.537777777777778,7.282563563985697,4,1,3,413,At Risk
12479.0,11,1,527.2,17.006451612903227,31,385,0.0,385.0,Monday,13,1,0,1.0,1.0,1.0,1.0,31,2.6687096774193546,3.7011860638949097,4,1,2,412,At Risk
12480.0,28,4,2836.79,19.038859060402686,126,1335,2.074324324324324,333.75,Friday,14,1,307,0.012987012987012988,1.0,1.0,1.0,126,3.208523489932886,3.4654973855872497,3,3,4,334,Loyal
12481.0,23,10,4775.6,23.878,138,2519,1.7035175879396984,251.9,Monday,10,1,342,0.029154518950437316,1.0,1.0,2.0,138,3.6111500000000003,4.546914374512207,3,4,4,344,Loyal
12483.0,17,8,2060.54,30.30205882352941,43,822,4.731343283582089,102.75,Sunday,11,1,322,0.02476780185758514,1.0,2.0,2.0,43,5.57764705882353,10.217054241125993,4,4,4,444,Champions
12484.0,33,6,4423.88,13.049793510324484,252,2007,0.8905325443786982,334.5,Friday,13,1,303,0.019736842105263157,0.0,2.0,2.0,252,3.156253687315634,3.657506483261146,3,4,4,344,Loyal
12488.0,10,3,1239.26,22.94925925925926,46,493,1.2264150943396226,164.33333333333334,Wednesday,10,1,65,0.045454545454545456,1.0,2.0,3.0,46,3.773333333333333,3.8637087471778804,4,3,3,433,Regular
12489.0,336,1,334.93,22.328666666666667,15,105,0.0,105.0,Friday,13,1,0,1.0,0.0,0.0,0.0,15,5.908,5.402178396588863,1,1,2,112,Regular
12490.0,5,10,4927.61,20.70424369747899,127,2704,1.3544303797468353,270.4,Wednesday,9,1,324,0.03076923076923077,3.0,4.0,4.0,127,2.7357983193277313,3.5488619429269104,4,4,4,444,Champions
12491.0,39,1,413.6,16.544,25,188,0.0,188.0,Tuesday,12,1,0,1.0,0.0,1.0,1.0,25,3.486,3.6890750873355773,3,1,2,312,At Risk
12492.0,63,2,263.21000000000004,13.160500000000003,19,192,2.210526315789474,96.0,Friday,15,1,42,0.046511627906976744,0.0,0.0,1.0,19,3.3475,5.168932369658677,2,2,2,222,At Risk
12493.0,166,2,403.86,19.231428571428573,19,171,1.55,85.5,Thursday,14,1,31,0.0625,0.0,0.0,0.0,19,4.4747619047619045,5.6421171726999955,1,2,2,122,Regular
12494.0,16,7,1246.1,16.18311688311688,63,707,4.552631578947368,101.0,Thursday,13,1,349,0.02,1.0,2.0,2.0,63,3.862207792207792,4.870591022003663,4,4,3,443,Champions
12497.0,82,1,110.4,55.2,2,29,0.0,29.0,Monday,12,1,0,1.0,0.0,0.0,1.0,2,9.425,12.12688129734929,2,1,1,211,At Risk
12498.0,21,3,403.70000000000005,17.55217391304348,21,159,1.6363636363636365,53.0,Thursday,9,1,36,0.08108108108108109,2.0,3.0,3.0,21,4.197826086956522,4.627646129043596,3,3,2,332,Loyal
12500.0,23,11,779.14,19.977948717948717,29,238,8.078947368421053,21.636363636363637,Friday,10,1,310,0.03536977491961415,1.0,4.0,5.0,29,7.7907692307692304,6.813104008806691,3,4,3,343,Loyal
12501.0,337,1,2140.11,14.658287671232877,146,1639,0.0,1639.0,Friday,12,1,0,1.0,0.0,0.0,0.0,146,2.458082191780822,2.7937349404222034,1,1,4,114,Regular
12502.0,96,5,3683.07,25.22650684931507,101,772,1.4689655172413794,154.4,Thursday,11,1,214,0.023255813953488372,0.0,0.0,0.0,101,6.463424657534246,5.622894387616076,2,4,4,244,Regular
12504.0,18,2,482.04999999999995,53.5611111111111,6,90,1.5,45.0,Wednesday,14,1,12,0.15384615384615385,2.0,2.0,2.0,6,9.011111111111111,5.259442566575959,4,2,2,422,At Risk
12506.0,233,1,73.5,3.1956521739130435,23,23,0.0,23.0,Thursday,8,1,0,1.0,0.0,0.0,0.0,23,3.1956521739130435,2.086586656124731,1,1,1,111,Regular
12507.0,134,3,666.25,44.416666666666664,13,190,11.714285714285714,63.333333333333336,Monday,9,1,164,0.01818181818181818,0.0,0.0,0.0,13,6.47,9.21384439696203,2,3,3,233,Regular
12508.0,26,2,397.88,5.851176470588236,57,271,0.029850746268656716,135.5,Thursday,16,1,2,0.6666666666666666,2.0,2.0,2.0,57,1.7400000000000002,1.30831097677131,3,2,2,322,At Risk
12509.0,284,1,176.5,25.214285714285715,7,55,0.0,55.0,Monday,14,1,0,1.0,0.0,0.0,0.0,7,5.564285714285715,6.200720004276001,1,1,1,111,Regular
12510.0,143,2,819.85,25.6203125,29,305,5.870967741935484,152.5,Tuesday,14,1,182,0.01092896174863388,0.0,0.0,0.0,29,4.290625,6.50531343000325,2,2,3,223,At Risk
12512.0,66,2,132.18,4.263870967741935,31,96,0.0,48.0,Tuesday,14,1,0,2.0,0.0,0.0,2.0,31,2.640322580645161,1.8017370949003038,2,2,1,221,At Risk
12513.0,113,1,612.29,17.494,35,462,0.0,462.0,Friday,10,1,0,1.0,0.0,0.0,0.0,35,2.180571428571428,3.468062641792238,2,1,3,213,At Risk
12514.0,267,1,1017.6800000000001,19.95450980392157,51,440,0.0,440.0,Thursday,16,1,0,1.0,0.0,0.0,0.0,51,3.296862745098039,3.212893082687987,1,1,3,113,Regular
12515.0,353,1,383.7,23.98125,16,131,0.0,131.0,Tuesday,15,1,0,1.0,0.0,0.0,0.0,16,6.78125,8.590690212860276,1,1,2,112,Regular
12516.0,78,2,396.48,30.49846153846154,11,193,8.5,96.5,Sunday,11,1,102,0.019417475728155338,0.0,0.0,1.0,11,3.9723076923076923,6.253523212086333,2,2,2,222,At Risk
12517.0,28,5,2481.6,8.894623655913978,232,1361,0.5755395683453237,272.2,Thursday,15,1,161,0.030864197530864196,2.0,2.0,3.0,232,2.3655555555555554,2.401618226096076,3,4,4,344,Loyal
12518.0,1,5,2056.89,16.58782258064516,84,1318,0.8780487804878049,263.6,Friday,10,1,109,0.045454545454545456,2.0,3.0,4.0,84,2.837177419354839,3.6379225646174267,4,4,4,444,Champions
12519.0,64,1,330.84000000000003,19.46117647058824,17,175,0.0,175.0,Friday,9,1,0,1.0,0.0,0.0,1.0,17,3.093529411764706,4.248002385204825,2,1,2,212,At Risk
12520.0,79,5,2634.26,17.330657894736845,121,1439,1.2781456953642385,287.8,Friday,11,1,194,0.02564102564102564,0.0,0.0,1.0,121,3.288421052631579,3.9783353877346994,2,4,4,244,Regular
12521.0,143,1,599.68,15.781052631578946,38,309,0.0,309.0,Wednesday,10,1,0,1.0,0.0,0.0,0.0,38,2.995789473684211,3.672131446433556,2,1,3,213,At Risk
12522.0,39,2,188.72,17.156363636363636,10,94,1.2,47.0,Monday,15,1,12,0.15384615384615385,0.0,2.0,2.0,10,5.451818181818182,6.377380054821601,3,2,1,321,At Risk
12523.0,19,11,1769.6100000000001,16.853428571428573,83,817,2.9615384615384617,74.27272727272727,Wednesday,9,1,312,0.03514376996805112,1.0,2.0,4.0,83,4.978476190476191,4.886621213727015,3,4,4,344,Loyal
12524.0,9,8,2544.86,23.56351851851852,83,1311,3.0,163.875,Thursday,13,1,324,0.024615384615384615,1.0,1.0,2.0,83,3.5630555555555556,4.777232307544737,4,4,4,444,Champions
12526.0,1,3,1316.66,18.54450704225352,64,632,1.3285714285714285,210.66666666666666,Tuesday,14,1,93,0.031914893617021274,1.0,2.0,2.0,64,3.3538028169014087,3.8720357754387633,4,3,3,433,Regular
12527.0,82,3,348.71000000000004,19.37277777777778,18,234,14.294117647058824,78.0,Tuesday,12,1,243,0.012295081967213115,0.0,0.0,1.0,18,2.9294444444444445,4.260131829252985,2,3,2,232,Regular
12528.0,9,6,1933.48,21.01608695652174,50,756,3.318681318681319,126.0,Wednesday,9,1,303,0.019736842105263157,1.0,1.0,2.0,50,5.487934782608695,5.2255148624913055,4,4,4,444,Champions
12530.0,60,4,1420.8200000000002,23.680333333333337,48,587,4.677966101694915,146.75,Tuesday,10,1,277,0.014388489208633094,0.0,1.0,1.0,48,4.169666666666667,5.897066195788729,2,3,4,234,Regular
12531.0,15,1,125.22,7.365882352941177,17,45,0.0,45.0,Friday,11,1,0,1.0,1.0,1.0,1.0,17,3.8094117647058825,6.817808913599218,4,1,1,411,At Risk
12532.0,30,1,349.83000000000004,21.864375000000003,16,153,0.0,153.0,Wednesday,13,1,0,1.0,1.0,1.0,1.0,16,3.698125,4.240866607585451,3,1,2,312,At Risk
12534.0,131,1,1089.18,17.28857142857143,63,651,0.0,651.0,Monday,10,1,0,1.0,0.0,0.0,0.0,63,3.035396825396825,3.874186210238566,2,1,3,213,At Risk
12535.0,92,2,716.35,21.069117647058825,28,219,2.8484848484848486,109.5,Monday,12,1,94,0.021052631578947368,0.0,0.0,0.0,28,4.451470588235294,2.4032643612423965,2,2,3,223,At Risk
12536.0,43,3,12494.19,48.99682352941176,254,2563,0.05905511811023622,854.3333333333334,Tuesday,14,1,15,0.1875,0.0,3.0,3.0,254,35.5623137254902,367.536380531121,3,3,4,334,Loyal
12538.0,29,1,363.95,17.33095238095238,21,191,0.0,191.0,Thursday,17,1,0,1.0,1.0,1.0,1.0,21,3.6433333333333335,3.1190564812669437,3,1,2,312,At Risk
12539.0,22,4,5568.35,20.396886446886448,157,2067,1.1397058823529411,516.75,Thursday,9,1,311,0.01282051282051282,1.0,1.0,1.0,157,4.176520146520147,3.6893319946418766,3,3,4,334,Loyal
12540.0,20,17,12249.44,27.100530973451328,266,5613,0.7405764966740577,330.1764705882353,Tuesday,13,1,342,0.04956268221574344,1.0,3.0,6.0,266,4.0051106194690265,5.9153374801752365,3,4,4,344,Loyal
12541.0,30,3,950.5799999999999,18.638823529411763,46,644,5.0,214.66666666666666,Thursday,10,1,251,0.011904761904761904,1.0,1.0,1.0,46,3.6700000000000004,6.591470245703912,3,3,3,333,Loyal
12544.0,36,1,372.7,19.61578947368421,19,136,0.0,136.0,Thursday,16,1,0,1.0,0.0,1.0,1.0,19,4.106315789473685,5.997465400322888,3,1,2,312,At Risk
12545.0,75,2,986.35,20.129591836734694,41,487,3.8333333333333335,243.5,Friday,12,1,184,0.010810810810810811,0.0,0.0,1.0,41,4.09795918367347,5.786532129145456,2,2,3,223,At Risk
12546.0,47,2,1149.98,16.911470588235293,58,537,0.4626865671641791,268.5,Friday,9,1,31,0.0625,0.0,1.0,2.0,58,3.244558823529412,4.6978262467070175,3,2,3,323,At Risk
12547.0,198,2,207.8,25.975,7,134,11.714285714285714,67.0,Friday,12,1,82,0.024096385542168676,0.0,0.0,0.0,7,7.95,12.38763784700584,1,2,1,121,Regular
12548.0,166,1,95.19999999999999,19.04,5,49,0.0,49.0,Sunday,15,1,0,1.0,0.0,0.0,0.0,5,6.720000000000001,11.896196871269407,1,1,1,111,Regular
12550.0,79,1,964.83,16.92684210526316,57,569,0.0,569.0,Wednesday,14,1,0,1.0,0.0,0.0,1.0,57,3.0903508771929826,4.153826963911146,2,1,3,213,At Risk
12551.0,358,1,168.0,16.8,10,100,0.0,100.0,Friday,11,1,0,1.0,0.0,0.0,0.0,10,1.6800000000000002,0.3198958163736021,1,1,1,111,Regular
12552.0,39,2,437.82,21.891,20,88,0.0,44.0,Monday,12,1,0,2.0,0.0,2.0,2.0,20,9.1155,8.446038295836507,3,2,2,322,At Risk
12553.0,8,10,3482.7000000000003,18.825405405405405,93,1707,1.7228260869565217,170.7,Friday,10,1,321,0.031055900621118012,2.0,3.0,3.0,93,3.274972972972973,3.8606679029507665,4,4,4,444,Champions
12556.0,50,2,599.56,5.038319327731092,100,355,0.847457627118644,177.5,Monday,13,1,100,0.019801980198019802,0.0,1.0,1.0,100,2.6860504201680673,2.49658961232148,3,2,3,323,At Risk
12558.0,8,1,195.08,19.508000000000003,10,160,0.0,160.0,Friday,10,1,0,1.0,1.0,1.0,1.0,10,1.167,0.7508077132143904,4,1,1,411,At Risk
12559.0,320,1,379.90999999999997,19.995263157894737,19,211,0.0,211.0,Monday,10,1,0,1.0,0.0,0.0,0.0,19,3.656842105263158,4.641790905137537,1,1,2,112,Regular
12560.0,5,3,2093.21,20.127019230769232,90,1062,1.3203883495145632,354.0,Tuesday,15,1,137,0.021739130434782608,1.0,1.0,1.0,90,2.875576923076923,3.1495627148853957,4,3,4,434,Regular
12561.0,303,1,238.85,14.928125,16,177,0.0,177.0,Thursday,11,1,0,1.0,0.0,0.0,0.0,16,2.964375,2.6427611034673566,1,1,1,111,Regular
12562.0,8,7,3449.94,21.03621951219512,98,1551,1.1533742331288344,221.57142857142858,Thursday,15,1,190,0.03664921465968586,2.0,3.0,4.0,98,3.2341463414634144,3.9875374725533566,4,4,4,444,Champions
12564.0,261,1,456.90000000000003,21.75714285714286,21,133,0.0,133.0,Wednesday,14,1,0,1.0,0.0,0.0,0.0,21,5.576190476190476,5.1997023724348646,1,1,2,112,Regular
12565.0,289,1,145.92000000000002,16.213333333333335,9,80,0.0,80.0,Thursday,10,1,0,1.0,0.0,0.0,0.0,9,2.351111111111111,1.455356008374278,1,1,1,111,Regular
12566.0,86,1,332.93,18.496111111111112,18,217,0.0,217.0,Wednesday,14,1,0,1.0,0.0,0.0,1.0,18,4.098888888888889,4.763152550803115,2,1,2,212,At Risk
12567.0,23,10,9268.68,21.113166287015947,318,4037,0.7831050228310502,403.7,Sunday,11,1,346,0.02881844380403458,1.0,1.0,1.0,318,3.455102505694761,3.892344896182564,3,4,4,344,Loyal
12569.0,2,32,4052.09,21.90318918918919,90,1669,1.2880434782608696,52.15625,Thursday,14,1,250,0.12749003984063745,10.0,15.0,17.0,90,5.514,6.0786541345067935,4,4,4,444,Champions
12571.0,40,2,489.37,15.2928125,29,451,2.6129032258064515,225.5,Monday,10,1,81,0.024390243902439025,0.0,1.0,1.0,29,1.376875,1.0148524046509455,3,2,2,322,At Risk
12572.0,9,2,968.22,16.41050847457627,53,416,0.7413793103448276,208.0,Wednesday,8,1,43,0.045454545454545456,1.0,2.0,2.0,53,4.274915254237288,4.287718778124392,4,2,3,423,At Risk
12573.0,227,1,160.54000000000002,5.733571428571429,26,84,0.0,84.0,Tuesday,15,1,0,1.0,0.0,0.0,0.0,26,2.0964285714285715,1.858189509702456,1,1,1,111,Regular
12574.0,316,1,218.45000000000002,19.85909090909091,11,61,0.0,61.0,Friday,9,1,0,1.0,0.0,0.0,0.0,11,5.2,4.811496648653098,1,1,1,111,Regular
12576.0,36,5,1297.1100000000001,14.909310344827588,71,919,3.116279069767442,183.8,Friday,10,1,268,0.01858736059479554,0.0,1.0,1.0,71,2.4277011494252876,3.8135479729784407,3,4,3,343,Loyal
12577.0,35,3,626.6,4.291780821917809,137,469,2.2275862068965515,156.33333333333334,Friday,13,1,323,0.009259259259259259,0.0,2.0,2.0,137,1.736095890410959,1.6352961867282094,3,3,3,333,Loyal
12578.0,21,2,2771.11,24.523097345132744,110,1160,2.75,580.0,Thursday,15,1,308,0.006472491909385114,1.0,1.0,1.0,110,3.1792035398230087,3.9870719970910184,3,2,4,324,At Risk
12579.0,78,1,440.42,15.18689655172414,29,285,0.0,285.0,Thursday,17,1,0,1.0,0.0,0.0,1.0,29,3.3386206896551722,4.349441445369681,2,1,2,212,At Risk
12580.0,247,1,415.7,17.320833333333333,24,238,0.0,238.0,Thursday,10,1,0,1.0,0.0,0.0,0.0,24,2.6075,3.489014125110042,1,1,2,112,Regular
12581.0,40,1,197.71,13.180666666666667,15,161,0.0,161.0,Monday,8,1,0,1.0,0.0,1.0,1.0,15,2.8926666666666665,4.783782822750014,3,1,1,311,At Risk
12582.0,239,2,473.92,23.696,19,204,2.5789473684210527,102.0,Thursday,11,1,49,0.04,0.0,0.0,0.0,19,5.716,11.774705449439177,1,2,2,122,Regular
12583.0,3,15,6156.9400000000005,27.486339285714287,108,3088,1.6322869955156951,205.86666666666667,Friday,12,1,370,0.04043126684636118,2.0,4.0,6.0,108,3.3204017857142856,4.487241936489354,4,4,4,444,Champions
12584.0,4,9,2338.15,24.355729166666666,44,416,2.863157894736842,46.22222222222222,Tuesday,13,1,276,0.032490974729241874,2.0,4.0,5.0,44,7.484375,4.625675441432709,4,4,4,444,Champions
12585.0,234,2,1793.7,21.353571428571428,77,1023,1.4096385542168675,511.5,Thursday,12,1,117,0.01694915254237288,0.0,0.0,0.0,77,3.538809523809524,4.281591418119603,1,2,4,124,Regular
12586.0,17,1,196.94000000000003,17.903636363636366,11,79,0.0,79.0,Tuesday,16,1,0,1.0,1.0,1.0,1.0,11,4.190909090909091,2.6985160905410757,4,1,1,411,At Risk
12587.0,8,1,144.0,36.0,4,51,0.0,51.0,Friday,12,1,0,1.0,1.0,1.0,1.0,4,11.56,18.96,4,1,1,411,At Risk
12588.0,39,1,214.89999999999998,21.49,10,53,0.0,53.0,Monday,15,1,0,1.0,0.0,1.0,1.0,10,9.58,11.498627937473428,3,1,1,311,At Risk
12589.0,29,2,646.68,18.47657142857143,29,306,3.3823529411764706,153.0,Friday,10,1,115,0.017241379310344827,1.0,1.0,1.0,29,4.502857142857143,5.306382711319604,3,2,3,323,At Risk
12590.0,211,2,1675.66,111.71066666666667,15,279,0.0,139.5,Thursday,14,1,0,2.0,0.0,0.0,0.0,15,39.186,133.86323862168325,1,2,4,124,Regular
12591.0,317,1,452.84999999999997,17.41730769230769,26,228,0.0,228.0,Wednesday,14,1,0,1.0,0.0,0.0,0.0,26,3.7807692307692307,5.613698903986157,1,1,2,112,Regular
12592.0,92,2,386.6,24.1625,10,230,8.066666666666666,115.0,Thursday,15,1,121,0.01639344262295082,0.0,0.0,0.0,10,3.61875,5.626777496933746,2,2,2,222,At Risk
12593.0,109,3,418.1,19.90952380952381,14,206,5.5,68.66666666666667,Thursday,9,1,110,0.02702702702702703,0.0,0.0,0.0,14,2.6523809523809527,3.552234373970705,2,3,2,232,Regular
12594.0,47,9,2900.28,26.608073394495413,47,1339,2.5277777777777777,148.77777777777777,Monday,12,1,276,0.032490974729241874,0.0,1.0,1.0,47,3.1721100917431193,4.622538598960392,3,4,4,344,Loyal
12596.0,51,2,509.07,22.133478260869566,21,246,8.636363636363637,123.0,Monday,13,1,190,0.010471204188481676,0.0,1.0,1.0,21,5.098260869565217,7.701702085887434,3,2,2,322,At Risk
12597.0,19,4,3646.82,18.41828282828283,176,1780,1.2588832487309645,445.0,Sunday,13,1,248,0.01606425702811245,1.0,2.0,2.0,176,4.086262626262626,5.079833640878626,3,3,4,334,Loyal
12598.0,10,8,2632.58,22.31,79,1410,2.324786324786325,176.25,Monday,12,1,275,0.028985507246376812,3.0,3.0,4.0,79,3.1001694915254236,3.848068442772017,4,4,4,444,Champions
12599.0,29,7,908.38,15.396271186440678,32,824,4.689655172413793,117.71428571428571,Tuesday,13,1,275,0.025362318840579712,1.0,1.0,1.0,32,3.102033898305085,5.5530987868722566,3,4,3,343,Loyal
12600.0,29,10,2284.22,37.446229508196716,31,648,5.65,64.8,Friday,10,1,342,0.029154518950437316,1.0,1.0,2.0,31,5.62344262295082,5.871828189256989,3,4,4,344,Loyal
12601.0,190,5,501.46000000000004,18.572592592592596,21,209,5.423076923076923,41.8,Thursday,10,1,142,0.03496503496503497,0.0,0.0,0.0,21,6.674444444444445,9.183211828504202,1,4,2,142,Regular
12602.0,59,1,153.12,12.76,12,162,0.0,162.0,Wednesday,11,1,0,1.0,0.0,1.0,1.0,12,1.9708333333333332,3.2348793945013923,2,1,1,211,At Risk
12603.0,22,1,126.0,126.0,1,7,0.0,7.0,Friday,10,1,0,1.0,1.0,1.0,1.0,1,18.0,0.0,3,1,1,311,At Risk
12604.0,79,2,254.18,15.88625,15,201,12.133333333333333,100.5,Wednesday,12,1,182,0.01092896174863388,0.0,0.0,1.0,15,2.59125,4.249428000723549,2,2,2,222,At Risk
12607.0,60,1,1556.1100000000001,15.561100000000001,100,1192,0.0,1192.0,Monday,16,1,0,1.0,0.0,1.0,1.0,100,2.1728,2.279283548606776,2,1,4,214,At Risk
12609.0,78,3,1089.41,18.78293103448276,55,552,4.2105263157894735,184.0,Monday,15,1,240,0.012448132780082987,0.0,0.0,1.0,55,3.6256896551724136,4.031217704701413,2,3,3,233,Regular
12610.0,23,5,2099.54,19.80698113207547,85,1049,0.9619047619047619,209.8,Friday,13,1,103,0.04807692307692308,1.0,3.0,3.0,85,5.024716981132076,7.688431904961681,3,4,4,344,Loyal
12611.0,52,1,1049.32,16.395625,64,646,0.0,646.0,Tuesday,13,1,0,1.0,0.0,1.0,1.0,64,2.705625,2.4334324017667415,2,1,3,213,At Risk
12612.0,74,1,690.0,38.333333333333336,18,226,0.0,226.0,Monday,15,1,0,1.0,0.0,0.0,1.0,18,4.663888888888889,3.9565212570535166,2,1,3,213,At Risk
12613.0,57,5,3233.2000000000003,21.699328859060405,121,1514,1.3783783783783783,302.8,Thursday,14,1,204,0.024390243902439025,0.0,1.0,1.0,121,2.9284563758389264,3.0380398474408015,2,4,4,244,Regular
12614.0,278,1,315.6,15.780000000000001,20,76,0.0,76.0,Monday,10,1,0,1.0,0.0,0.0,0.0,20,5.61,2.6762896546878987,1,1,2,112,Regular
12615.0,2,4,1951.39,19.912142857142857,79,1012,1.7010309278350515,253.0,Thursday,10,1,166,0.023952095808383235,1.0,2.0,3.0,79,3.2512244897959186,3.8587480650461186,4,3,4,434,Regular
12616.0,95,2,713.3,22.290625,25,284,6.516129032258065,142.0,Monday,15,1,202,0.009852216748768473,0.0,0.0,0.0,25,3.8203125,4.611029193333544,2,2,3,223,At Risk
12617.0,29,1,352.98,8.609268292682927,39,210,0.0,210.0,Thursday,14,1,0,1.0,1.0,1.0,1.0,39,1.928780487804878,1.9776870267081583,3,1,2,312,At Risk
12618.0,22,1,177.31,16.11909090909091,11,96,0.0,96.0,Friday,11,1,0,1.0,1.0,1.0,1.0,11,6.6381818181818195,11.34644950474096,3,1,1,311,At Risk
12619.0,16,9,1572.6,27.113793103448273,38,746,4.12280701754386,82.88888888888889,Wednesday,14,1,237,0.037815126050420166,1.0,2.0,4.0,38,10.513965517241378,50.996360377168955,4,4,4,444,Champions
12620.0,15,3,1185.89,14.117738095238096,82,845,2.2771084337349397,281.6666666666667,Friday,10,1,189,0.015789473684210527,1.0,1.0,2.0,82,2.3059523809523808,2.7042907089787818,4,3,3,433,Regular
12621.0,2,20,10144.23,23.646223776223774,246,4957,0.8271028037383178,247.85,Monday,11,1,364,0.0547945205479452,2.0,3.0,5.0,246,3.00997668997669,3.7961875549986197,4,4,4,444,Champions
12622.0,232,1,180.1,16.37272727272727,11,69,0.0,69.0,Thursday,16,1,0,1.0,0.0,0.0,0.0,11,5.739090909090909,5.908300017002276,1,1,1,111,Regular
12623.0,276,1,305.1,16.950000000000003,18,191,0.0,191.0,Tuesday,13,1,0,1.0,0.0,0.0,0.0,18,2.628888888888889,3.98214675903055,1,1,2,112,Regular
12624.0,106,2,641.13,16.87184210526316,36,355,1.9189189189189189,177.5,Wednesday,12,1,71,0.027777777777777776,0.0,0.0,0.0,36,3.8721052631578945,4.438456730754774,2,2,3,223,At Risk
12625.0,212,2,2242.2200000000003,28.382531645569625,71,1348,1.3717948717948718,674.0,Monday,13,1,107,0.018518518518518517,0.0,0.0,0.0,71,2.2137974683544304,3.344302197652641,1,2,4,124,Regular
12626.0,23,9,6246.04,21.76320557491289,228,3169,1.048951048951049,352.1111111111111,Thursday,11,1,303,0.029605263157894735,1.0,2.0,3.0,228,2.8570034843205576,3.567057720265835,3,4,4,344,Loyal
12627.0,11,7,4306.05,19.30964125560538,159,2276,0.5720720720720721,325.14285714285717,Thursday,15,1,129,0.05384615384615385,1.0,1.0,2.0,159,3.0071300448430494,3.4721416160535683,4,4,4,444,Champions
12628.0,4,3,736.46,18.4115,34,408,1.5128205128205128,136.0,Thursday,9,1,60,0.04918032786885246,1.0,2.0,3.0,34,3.64975,4.520146632236954,4,3,3,433,Regular
12630.0,10,2,1270.88,19.8575,60,548,0.5396825396825397,274.0,Thursday,10,1,34,0.05714285714285714,1.0,2.0,2.0,60,4.48640625,7.17875157541669,4,2,3,423,At Risk
12631.0,57,1,640.5,20.661290322580644,31,236,0.0,236.0,Thursday,13,1,0,1.0,0.0,1.0,1.0,31,4.537096774193548,7.098044892103922,2,1,3,213,At Risk
12633.0,59,4,1700.3400000000001,17.529278350515465,69,830,2.375,207.5,Friday,10,1,229,0.017391304347826087,0.0,1.0,1.0,69,3.263505154639175,3.6086533849314653,2,3,4,234,Regular
12635.0,90,2,1654.94,16.716565656565656,94,1024,0.6632653061224489,512.0,Sunday,11,1,65,0.030303030303030304,0.0,0.0,1.0,94,2.5662626262626262,3.1398435505866176,2,2,4,224,At Risk
12637.0,67,8,5925.14,15.674973544973545,203,2850,0.6737400530503979,356.25,Monday,15,1,256,0.0311284046692607,0.0,0.0,1.0,203,2.6867195767195766,2.812962007924071,2,4,4,244,Regular
12638.0,33,1,658.25,17.32236842105263,38,545,0.0,545.0,Sunday,13,1,0,1.0,0.0,1.0,1.0,38,2.6163157894736844,6.413862276583993,3,1,3,313,At Risk
12639.0,239,1,486.1,22.095454545454547,22,201,0.0,201.0,Friday,12,1,0,1.0,0.0,0.0,0.0,22,4.918181818181818,8.57040235559548,1,1,2,112,Regular
12640.0,24,3,1174.58,22.16188679245283,47,311,1.0961538461538463,103.66666666666667,Monday,12,1,57,0.05172413793103448,2.0,2.0,3.0,47,5.716981132075472,4.768993840385743,3,3,3,333,Loyal
12641.0,115,1,185.9,18.59,10,72,0.0,72.0,Tuesday,13,1,0,1.0,0.0,0.0,0.0,10,6.964999999999999,11.816397505162053,2,1,1,211,At Risk
12642.0,25,3,905.62,20.12488888888889,38,468,1.8636363636363635,156.0,Wednesday,9,1,82,0.03614457831325301,1.0,2.0,2.0,38,3.698222222222222,4.866415653551525,3,3,3,333,Loyal
12643.0,128,6,374.28,46.785,3,68,28.857142857142858,11.333333333333334,Tuesday,12,1,204,0.02926829268292683,0.0,0.0,0.0,3,11.62125,8.654076557982867,2,4,2,242,Regular
12644.0,130,1,463.87,15.462333333333333,30,289,0.0,289.0,Tuesday,10,1,0,1.0,0.0,0.0,0.0,30,2.8850000000000002,2.880445068579411,2,1,2,212,At Risk
12645.0,34,4,1550.18,22.796764705882353,57,904,4.1940298507462686,226.0,Monday,12,1,282,0.014134275618374558,0.0,1.0,1.0,57,2.7111764705882355,3.949529928353563,3,3,4,334,Loyal
12646.0,5,2,916.21,25.450277777777778,35,461,1.2571428571428571,230.5,Monday,10,1,44,0.044444444444444446,1.0,2.0,2.0,35,2.7275,2.4828029954641413,4,2,3,423,At Risk
12647.0,22,12,2850.62,25.226725663716813,75,945,3.0357142857142856,78.75,Sunday,12,1,346,0.0345821325648415,1.0,1.0,3.0,75,5.761946902654867,5.861562574824573,3,4,4,344,Loyal
12648.0,155,1,318.05,15.145238095238096,21,160,0.0,160.0,Friday,11,1,0,1.0,0.0,0.0,0.0,21,3.1723809523809527,3.9944134798013895,1,1,2,112,Regular
12649.0,107,3,567.0500000000001,22.682000000000002,22,288,4.375,96.0,Wednesday,14,1,105,0.02830188679245283,0.0,0.0,0.0,22,3.2928,4.528680381744775,2,3,2,232,Regular
12650.0,3,1,314.44,15.722,20,254,0.0,254.0,Tuesday,16,1,0,1.0,1.0,1.0,1.0,20,1.9344999999999999,3.9432947418437583,4,1,2,412,At Risk
12651.0,335,1,114.0,12.666666666666666,9,78,0.0,78.0,Sunday,12,1,0,1.0,0.0,0.0,0.0,9,2.244444444444445,1.9853281284910507,1,1,1,111,Regular
12652.0,331,1,919.98,19.16625,48,505,0.0,505.0,Wednesday,15,1,0,1.0,0.0,0.0,0.0,48,2.8972916666666664,3.3386739242841665,1,1,3,113,Regular
12653.0,149,2,1203.4099999999999,35.39441176470588,30,539,4.454545454545454,269.5,Thursday,10,1,147,0.013513513513513514,0.0,0.0,0.0,30,2.5229411764705882,2.528839150871481,1,2,3,123,Regular
12654.0,11,5,601.98,15.841578947368422,31,264,7.648648648648648,52.8,Thursday,10,1,284,0.017543859649122806,1.0,2.0,2.0,31,4.420526315789473,5.231431485853624,4,4,3,443,Champions
12656.0,17,5,2755.85,24.827477477477476,82,991,1.9545454545454546,198.2,Wednesday,11,1,216,0.02304147465437788,1.0,1.0,2.0,82,4.8183783783783785,4.621067082698647,4,4,4,444,Champions
12657.0,11,4,1297.1,30.883333333333333,32,364,1.6097560975609757,91.0,Thursday,11,1,67,0.058823529411764705,2.0,3.0,4.0,32,5.555476190476191,5.053070644513459,4,3,3,433,Regular
12658.0,19,1,686.05,19.056944444444444,36,320,0.0,320.0,Monday,10,1,0,1.0,1.0,1.0,1.0,36,4.114444444444445,3.8371473365691444,3,1,3,313,At Risk
12659.0,30,1,63.6,15.9,4,33,0.0,33.0,Thursday,11,1,0,1.0,1.0,1.0,1.0,4,6.5375,7.780142993544528,3,1,1,311,At Risk
12660.0,11,1,221.70000000000002,18.475,12,91,0.0,91.0,Monday,13,1,0,1.0,1.0,1.0,1.0,12,4.133333333333334,4.637217687233141,4,1,1,411,At Risk
12662.0,1,11,3837.1800000000003,16.75624454148472,128,1998,1.6140350877192982,181.63636363636363,Tuesday,13,1,372,0.029490616621983913,3.0,4.0,4.0,128,3.2195633187772925,4.04864508217942,4,4,4,444,Champions
12664.0,8,9,896.8,47.199999999999996,9,159,17.22222222222222,17.666666666666668,Tuesday,12,1,314,0.02857142857142857,2.0,4.0,6.0,9,17.926315789473687,17.98867211779134,4,4,3,443,Champions
12665.0,325,1,63.0,21.0,3,37,0.0,37.0,Wednesday,8,1,0,1.0,0.0,0.0,0.0,3,6.833333333333333,9.670617008926232,1,1,1,111,Regular
12667.0,58,1,620.13,18.791818181818183,33,395,0.0,395.0,Wednesday,17,1,0,1.0,0.0,1.0,1.0,33,3.624242424242424,6.967269026626856,2,1,3,213,At Risk
12668.0,12,4,3621.95,23.069745222929935,113,1450,2.198717948717949,362.5,Monday,13,1,343,0.011627906976744186,1.0,1.0,1.0,113,3.521210191082803,3.348857889949193,4,3,4,434,Regular
12669.0,151,3,2736.47,27.3647,97,1079,1.0606060606060606,359.6666666666667,Monday,10,1,105,0.02830188679245283,0.0,0.0,0.0,97,13.876700000000001,113.42175163320947,1,3,4,134,Regular
12670.0,10,5,2583.9700000000003,30.399647058823533,55,1085,2.630952380952381,217.0,Thursday,9,1,222,0.02242152466367713,2.0,2.0,2.0,55,3.3916470588235295,4.046461960498221,4,4,4,444,Champions
12672.0,330,1,225.9,22.59,10,78,0.0,78.0,Friday,9,1,0,1.0,0.0,0.0,0.0,10,3.79,2.5940958604749618,1,1,1,111,Regular
12673.0,5,2,604.22,14.737073170731708,41,321,8.025,160.5,Monday,11,1,321,0.006211180124223602,1.0,1.0,1.0,41,2.9946341463414634,3.254678246433106,4,2,3,423,At Risk
12674.0,39,4,1700.54,22.673866666666665,49,815,2.2837837837837838,203.75,Friday,9,1,169,0.023529411764705882,0.0,1.0,1.0,49,3.4919999999999995,4.5404687816079905,3,3,4,334,Loyal
12676.0,25,6,1271.39,28.895227272727276,33,622,6.604651162790698,103.66666666666667,Tuesday,15,1,286,0.020905923344947737,1.0,1.0,2.0,33,7.159545454545454,13.260008761185759,3,4,3,343,Loyal
12678.0,43,11,2784.9,52.54528301886793,40,677,5.865384615384615,61.54545454545455,Thursday,11,1,310,0.03536977491961415,0.0,1.0,2.0,40,17.34867924528302,41.52276053507076,3,4,4,344,Loyal
12679.0,59,4,884.0600000000001,19.64577777777778,42,338,5.068181818181818,84.5,Tuesday,12,1,225,0.017699115044247787,0.0,1.0,2.0,42,4.200444444444445,4.829932220282729,2,3,3,233,Regular
12680.0,1,4,866.77,16.668653846153845,32,408,2.176470588235294,102.0,Thursday,12,1,112,0.035398230088495575,1.0,1.0,3.0,32,3.9765384615384614,4.508702645718756,4,3,3,433,Regular
12681.0,15,22,12412.0,20.314238952536826,259,6318,0.5606557377049181,287.1818181818182,Monday,11,1,353,0.062146892655367235,3.0,6.0,7.0,259,3.246153846153846,3.7633146929179215,4,4,4,444,Champions
12682.0,4,31,10653.34,20.84802348336595,207,4603,0.692156862745098,148.48387096774192,Tuesday,14,1,367,0.08423913043478261,6.0,8.0,11.0,207,3.810371819960861,4.246191287461521,4,4,4,444,Champions
12683.0,4,15,7196.41,22.00737003058104,176,4063,1.0950920245398772,270.8666666666667,Thursday,15,1,361,0.04143646408839779,2.0,3.0,3.0,176,2.7829357798165137,3.68162998279552,4,4,4,444,Champions
12684.0,8,7,1873.19,19.31123711340206,60,1453,2.1145833333333335,207.57142857142858,Tuesday,10,1,205,0.03398058252427184,2.0,2.0,3.0,60,2.6687628865979383,4.35989732718653,4,4,4,444,Champions
12685.0,28,6,2849.4,18.383225806451613,115,1451,0.4090909090909091,241.83333333333334,Thursday,10,1,65,0.09090909090909091,1.0,3.0,4.0,115,3.1081935483870966,3.572868081238396,3,4,4,344,Loyal
12686.0,372,1,89.14,12.734285714285715,7,107,0.0,107.0,Friday,9,1,0,1.0,0.0,0.0,0.0,7,3.2585714285714285,6.513942555706769,1,1,1,111,Regular
12688.0,114,1,3658.89,24.392599999999998,150,1908,0.0,1908.0,Thursday,8,1,0,1.0,0.0,0.0,0.0,150,4.539333333333333,11.856341812013978,2,1,4,214,At Risk
12689.0,26,2,1247.6100000000001,17.327916666666667,57,628,1.4225352112676057,314.0,Monday,8,1,101,0.0196078431372549,1.0,1.0,1.0,57,2.8519444444444444,3.3501724315046486,3,2,3,323,At Risk
12690.0,206,1,389.01,24.313125,16,106,0.0,106.0,Wednesday,9,1,0,1.0,0.0,0.0,0.0,16,5.5268749999999995,4.690716674098604,1,1,2,112,Regular
12691.0,28,6,818.0,27.266666666666666,21,262,11.275862068965518,43.666666666666664,Monday,14,1,329,0.01818181818181818,1.0,2.0,2.0,21,5.261666666666667,5.999506924184131,3,4,3,343,Loyal
12693.0,127,4,855.91,21.946410256410257,35,255,5.026315789473684,63.75,Thursday,8,1,192,0.02072538860103627,0.0,0.0,0.0,35,5.44025641025641,5.057807662770131,2,3,3,233,Regular
12694.0,70,2,822.87,23.510571428571428,31,437,3.2941176470588234,218.5,Thursday,17,1,112,0.017699115044247787,0.0,0.0,1.0,31,4.087428571428571,5.229631829835658,2,2,3,223,At Risk
12695.0,7,4,568.0600000000001,21.848461538461542,22,184,8.04,46.0,Wednesday,12,1,203,0.0196078431372549,1.0,1.0,2.0,22,4.954615384615384,2.8615831013887836,4,3,2,432,Regular
12697.0,29,3,876.71,22.47974358974359,35,404,3.6578947368421053,134.66666666666666,Thursday,15,1,140,0.02127659574468085,1.0,1.0,1.0,35,5.233076923076923,10.268983999825103,3,3,3,333,Loyal
12700.0,8,4,4686.89,18.026500000000002,187,2661,0.7953667953667953,665.25,Wednesday,9,1,207,0.019230769230769232,1.0,1.0,2.0,187,2.6783076923076923,3.0099416068070948,4,3,4,434,Regular
12701.0,80,2,790.15,15.195192307692308,49,642,3.176470588235294,321.0,Wednesday,10,1,162,0.012269938650306749,0.0,0.0,1.0,49,3.146153846153846,4.571247804010541,2,2,3,223,At Risk
12702.0,20,1,219.0,18.25,12,53,0.0,53.0,Sunday,10,1,0,1.0,1.0,1.0,1.0,12,5.441666666666666,4.083605433110958,3,1,1,311,At Risk
12703.0,71,1,283.55,13.502380952380953,21,164,0.0,164.0,Thursday,17,1,0,1.0,0.0,0.0,1.0,21,2.638095238095238,3.6712022813345757,2,1,2,212,At Risk
12704.0,7,8,2014.68,24.273253012048194,61,694,1.9268292682926829,86.75,Thursday,10,1,162,0.049079754601226995,3.0,4.0,5.0,61,6.748072289156627,10.865684006151652,4,4,4,444,Champions
12705.0,15,9,6482.85,20.070743034055727,222,3563,1.049689440993789,395.8888888888889,Friday,14,1,341,0.02631578947368421,3.0,4.0,5.0,222,2.9259752321981427,3.2801979601496223,4,4,4,444,Champions
12707.0,292,1,603.42,18.285454545454545,33,256,0.0,256.0,Monday,8,1,0,1.0,0.0,0.0,0.0,33,3.236666666666667,3.211154063053759,1,1,3,113,Regular
12708.0,30,10,2712.91,17.27968152866242,86,1307,2.141025641025641,130.7,Monday,10,1,338,0.029498525073746312,1.0,2.0,3.0,86,4.316433121019108,4.913190776478708,3,4,4,344,Loyal
12709.0,15,15,6857.72,40.57822485207101,91,2466,2.0535714285714284,164.4,Thursday,9,1,351,0.04261363636363636,1.0,3.0,4.0,91,3.608284023668639,3.7928868280346766,4,4,4,444,Champions
12710.0,97,3,1125.62,14.81078947368421,74,815,1.3733333333333333,271.6666666666667,Sunday,14,1,104,0.02857142857142857,0.0,0.0,0.0,74,2.7456578947368424,3.768620379051664,2,3,3,233,Regular
12712.0,29,13,4349.33,33.200992366412216,57,990,2.5846153846153848,76.15384615384616,Friday,14,1,342,0.037900874635568516,1.0,2.0,2.0,57,6.467404580152672,5.0256225925499125,3,4,4,344,Loyal
12713.0,1,1,848.55,22.330263157894734,38,508,0.0,508.0,Friday,12,1,0,1.0,1.0,1.0,1.0,38,2.503421052631579,3.3153657629660573,4,1,3,413,At Risk
12714.0,9,5,4482.88,17.57992156862745,212,2863,1.1141732283464567,572.6,Thursday,9,1,285,0.017482517482517484,1.0,1.0,1.0,212,2.4096470588235297,3.100135549637015,4,4,4,444,Champions
12715.0,106,1,343.36,17.168,20,192,0.0,192.0,Thursday,15,1,0,1.0,0.0,0.0,0.0,20,3.467,8.619674007756906,2,1,2,212,At Risk
12716.0,4,2,1039.81,15.51955223880597,58,636,1.9545454545454546,318.0,Friday,13,1,129,0.015384615384615385,1.0,1.0,1.0,58,2.7397014925373133,3.2737685494860203,4,2,3,423,At Risk
12717.0,151,2,1030.98,18.74509090909091,49,506,1.7407407407407407,253.0,Friday,10,1,94,0.021052631578947368,0.0,0.0,0.0,49,4.670000000000001,10.38627941083813,1,2,3,123,Regular
12718.0,71,1,238.25,12.539473684210526,19,203,0.0,203.0,Thursday,16,1,0,1.0,0.0,0.0,1.0,19,2.7221052631578946,4.416556701709512,2,1,1,211,At Risk
12719.0,5,2,644.95,16.53717948717949,34,374,1.5526315789473684,187.0,Sunday,13,1,59,0.03333333333333333,1.0,1.0,2.0,34,3.644871794871795,4.323585787523855,4,2,3,423,At Risk
12720.0,3,25,5444.89,16.014382352941176,203,3796,1.056047197640118,151.84,Wednesday,15,1,366,0.0681198910081744,4.0,6.0,8.0,203,2.7970588235294116,3.672715415275642,4,4,4,444,Champions
12721.0,32,6,2601.29,16.56872611464968,130,1789,2.051282051282051,298.1666666666667,Thursday,12,1,323,0.018518518518518517,0.0,1.0,2.0,130,3.1394267515923566,4.279669026568768,3,4,4,344,Loyal
12722.0,85,4,916.03,17.615961538461537,49,534,1.2352941176470589,133.5,Wednesday,8,1,65,0.06060606060606061,0.0,0.0,1.0,49,3.6407692307692305,4.473533869217343,2,3,3,233,Regular
12723.0,4,5,711.03,10.456323529411764,53,398,0.8955223880597015,79.6,Wednesday,15,1,61,0.08064516129032258,3.0,3.0,5.0,53,3.2436764705882353,3.641456123549563,4,4,3,443,Champions
12724.0,5,4,1031.41,19.460566037735852,47,445,6.25,111.25,Monday,12,1,327,0.012195121951219513,1.0,1.0,2.0,47,3.721132075471698,4.330539875908776,4,3,3,433,Regular
12725.0,371,1,427.8,17.825,24,164,0.0,164.0,Friday,15,1,0,1.0,0.0,0.0,0.0,24,4.104166666666667,5.296202837198895,1,1,2,112,Regular
12726.0,28,7,1748.1,18.401052631578946,49,1451,3.4574468085106385,207.28571428571428,Friday,13,1,329,0.021212121212121213,1.0,1.0,2.0,49,2.576,4.462910604507981,3,4,4,344,Loyal
12727.0,11,7,3799.02,28.56406015037594,106,1754,2.3257575757575757,250.57142857142858,Wednesday,11,1,309,0.02258064516129032,1.0,1.0,1.0,106,3.334812030075188,4.205394731860884,4,4,4,444,Champions
12728.0,71,4,795.53,17.678444444444445,37,371,5.909090909090909,92.75,Tuesday,13,1,261,0.015267175572519083,0.0,0.0,1.0,37,4.754222222222222,5.440845309027604,2,3,3,233,Regular
12729.0,114,1,453.01,17.423461538461538,26,233,0.0,233.0,Thursday,11,1,0,1.0,0.0,0.0,0.0,26,3.701538461538462,4.001258494331695,2,1,2,212,At Risk
12731.0,24,11,10168.289999999999,52.41386597938144,87,3123,1.7461139896373057,283.90909090909093,Friday,10,1,341,0.03216374269005848,1.0,2.0,4.0,87,4.001649484536082,3.948709812356664,3,4,4,344,Loyal
12732.0,180,1,196.26000000000002,17.841818181818184,11,79,0.0,79.0,Monday,11,1,0,1.0,0.0,0.0,0.0,11,3.7290909090909095,4.920756963202825,1,1,1,111,Regular
12733.0,234,1,353.35,16.826190476190476,21,101,0.0,101.0,Tuesday,16,1,0,1.0,0.0,0.0,0.0,21,3.4928571428571424,2.6704534125446613,1,1,2,112,Regular
12734.0,353,1,110.39999999999999,27.599999999999998,4,88,0.0,88.0,Wednesday,12,1,0,1.0,0.0,0.0,0.0,4,1.185,0.8833459118601275,1,1,1,111,Regular
12735.0,315,2,779.5699999999999,18.12953488372093,38,368,0.5,184.0,Thursday,14,1,21,0.09090909090909091,0.0,0.0,0.0,38,5.416279069767441,5.2759774645064645,1,2,3,123,Regular
12736.0,333,1,183.6,61.199999999999996,3,53,0.0,53.0,Tuesday,7,1,0,1.0,0.0,0.0,0.0,3,7.3,9.266471820493495,1,1,1,111,Regular
12738.0,372,1,155.35,14.122727272727273,11,148,0.0,148.0,Thursday,18,1,0,1.0,0.0,0.0,0.0,11,3.95,5.754172399224758,1,1,1,111,Regular
12739.0,78,2,975.5999999999999,27.099999999999998,36,414,0.5714285714285714,207.0,Thursday,17,1,20,0.09523809523809523,0.0,0.0,1.0,36,4.202222222222222,7.111674551090968,2,2,3,223,At Risk
12740.0,64,1,393.6,15.13846153846154,26,302,0.0,302.0,Friday,10,1,0,1.0,0.0,0.0,1.0,26,2.121153846153846,2.1225537956397282,2,1,2,212,At Risk
12743.0,134,2,540.13,4.123129770992366,114,315,0.0,157.5,Thursday,16,1,0,2.0,0.0,0.0,0.0,114,3.069618320610687,2.783023094677427,2,2,2,222,At Risk
12744.0,52,7,18125.83,105.99900584795323,140,2127,1.5529411764705883,303.85714285714283,Tuesday,13,1,266,0.026217228464419477,0.0,2.0,2.0,140,75.36444444444444,424.8497261553176,2,4,4,244,Regular
12747.0,2,11,3073.41,32.0146875,42,1011,3.8210526315789473,91.9090909090909,Tuesday,10,1,366,0.02997275204359673,2.0,2.0,3.0,42,4.3665625,3.389373433208097,4,4,4,444,Champions
12748.0,1,203,25640.52,5.986579500350222,1735,15415,0.07006071929005138,75.93596059113301,Wednesday,11,1,372,0.5442359249329759,43.0,60.0,73.0,1735,2.7256315666588837,14.561185724313374,4,4,4,444,Champions
12749.0,4,5,4032.98,20.47197969543147,158,1348,1.0561224489795917,269.6,Monday,12,1,209,0.023809523809523808,2.0,2.0,2.0,158,5.045786802030457,4.743996099822495,4,4,4,444,Champions
12750.0,129,1,275.88,18.392,15,137,0.0,137.0,Wednesday,9,1,0,1.0,0.0,0.0,0.0,15,4.62,3.622921078750839,2,1,2,212,At Risk
12752.0,81,1,1369.82,62.26454545454545,22,466,0.0,466.0,Monday,13,1,0,1.0,0.0,0.0,1.0,22,3.1763636363636363,2.8516069746131456,2,1,4,214,At Risk
12753.0,23,6,2580.07,92.14535714285715,24,569,12.481481481481481,94.83333333333333,Sunday,11,1,339,0.01764705882352941,1.0,1.0,1.0,24,4.549285714285714,2.797255173904681,3,4,4,344,Loyal
12754.0,277,2,61.62,1.2575510204081632,49,49,0.6458333333333334,24.5,Friday,10,1,31,0.0625,0.0,0.0,0.0,49,1.2575510204081632,0.9414937834195651,1,2,1,121,Regular
12755.0,281,1,17.549999999999997,5.849999999999999,3,3,0.0,3.0,Friday,12,1,0,1.0,0.0,0.0,0.0,3,5.849999999999999,4.150903516103451,1,1,1,111,Regular
12756.0,87,1,50.879999999999995,16.959999999999997,3,72,0.0,72.0,Wednesday,9,1,0,1.0,0.0,0.0,1.0,3,0.7066666666666667,0.24826061575153907,2,1,1,211,At Risk
12757.0,16,12,7062.35,20.17814285714286,231,1959,0.5472779369627507,163.25,Thursday,14,1,195,0.061224489795918366,2.0,3.0,5.0,231,12.49217142857143,102.37883131433266,4,4,4,444,Champions
12758.0,117,2,1532.19,22.205652173913045,62,1075,2.338235294117647,537.5,Tuesday,12,1,159,0.0125,0.0,0.0,0.0,62,1.8413043478260869,1.437547864209252,2,2,4,224,At Risk
12759.0,52,3,1508.04,16.042978723404254,80,866,2.3978494623655915,288.6666666666667,Tuesday,9,1,223,0.013392857142857142,0.0,1.0,1.0,80,3.2427659574468084,3.9802086734768127,2,3,4,234,Regular
12762.0,8,2,1423.8,22.599999999999998,59,723,0.27419354838709675,361.5,Friday,10,1,17,0.1111111111111111,2.0,2.0,2.0,59,2.8911111111111114,4.857682346322964,4,2,4,424,At Risk
12763.0,369,1,320.08,20.005,16,196,0.0,196.0,Sunday,15,1,0,1.0,0.0,0.0,0.0,16,1.811875,1.4169649195845793,1,1,2,112,Regular
12764.0,317,1,1693.88,37.64177777777778,45,386,0.0,386.0,Thursday,10,1,0,1.0,0.0,0.0,0.0,45,5.387555555555555,4.068740678277581,1,1,4,114,Regular
12766.0,4,7,6700.37,22.113432343234322,200,3308,1.1920529801324504,472.57142857142856,Wednesday,13,1,362,0.01928374655647383,1.0,2.0,2.0,200,3.11993399339934,3.5860035119449734,4,4,4,444,Champions
12769.0,239,1,1143.6,35.7375,32,356,0.0,356.0,Friday,10,1,0,1.0,0.0,0.0,0.0,32,4.45625,2.83172664755121,1,1,3,113,Regular
12770.0,211,1,170.04999999999998,170.04999999999998,1,19,0.0,19.0,Friday,9,1,0,1.0,0.0,0.0,0.0,1,8.95,0.0,1,1,1,111,Regular
12772.0,60,1,892.47,16.226727272727274,55,556,0.0,556.0,Tuesday,9,1,0,1.0,0.0,1.0,1.0,55,3.7007272727272724,5.045190175377327,2,1,3,213,At Risk
12775.0,17,5,1220.44,19.684516129032257,47,733,4.786885245901639,146.6,Tuesday,16,1,294,0.01694915254237288,1.0,1.0,1.0,47,4.056774193548387,4.620621551474008,4,4,3,443,Champions
12778.0,20,6,680.99,15.133111111111111,36,549,6.590909090909091,91.5,Friday,15,1,292,0.020477815699658702,1.0,1.0,2.0,36,3.8284444444444445,5.53987403678408,3,4,3,343,Loyal
12779.0,38,8,3431.88,25.234411764705882,81,1440,2.4444444444444446,180.0,Wednesday,11,1,333,0.023952095808383235,0.0,1.0,1.0,81,3.912279411764706,3.125481880929313,3,4,4,344,Loyal
12781.0,64,2,634.54,33.396842105263154,19,363,12.277777777777779,181.5,Monday,8,1,221,0.009009009009009009,0.0,0.0,1.0,19,3.8899999999999997,8.83228484343409,2,2,3,223,At Risk
12782.0,5,5,2269.12,22.466534653465345,79,988,3.5,197.6,Wednesday,10,1,352,0.014164305949008499,1.0,1.0,1.0,79,3.8682178217821783,5.848288535296393,4,4,4,444,Champions
12783.0,2,6,2211.99,26.650481927710842,75,576,0.8658536585365854,96.0,Friday,11,1,73,0.08108108108108109,1.0,5.0,6.0,75,12.372409638554215,47.78915438726304,4,4,4,444,Champions
12784.0,9,2,532.82,9.347719298245615,54,280,0.10714285714285714,140.0,Thursday,12,1,6,0.2857142857142857,2.0,2.0,2.0,54,2.826842105263158,3.9878252925510385,4,2,2,422,At Risk
12785.0,364,1,311.95,22.282142857142855,14,131,0.0,131.0,Friday,13,1,0,1.0,0.0,0.0,0.0,14,4.828571428571428,7.792839767912057,1,1,2,112,Regular
12787.0,10,3,401.26,21.11894736842105,17,231,10.11111111111111,77.0,Tuesday,9,1,182,0.01639344262295082,1.0,1.0,1.0,17,4.098947368421053,4.965441565613321,4,3,2,432,Regular
12789.0,65,1,91.85,22.9625,4,4,0.0,4.0,Wednesday,13,1,0,1.0,0.0,0.0,1.0,4,22.9625,11.506547049397577,2,1,1,211,At Risk
12790.0,192,1,324.92,15.472380952380954,21,166,0.0,166.0,Tuesday,14,1,0,1.0,0.0,0.0,0.0,21,3.948571428571429,4.117571232795233,1,1,2,112,Regular
12791.0,374,1,15.0,15.0,1,1,0.0,1.0,Wednesday,11,1,0,1.0,0.0,0.0,0.0,1,15.0,0.0,1,1,1,111,Regular
12792.0,257,1,400.54,16.0216,25,217,0.0,217.0,Monday,11,1,0,1.0,0.0,0.0,0.0,25,3.5096,5.814548907696968,1,1,2,112,Regular
12793.0,335,2,479.48,20.84695652173913,21,255,1.6363636363636365,127.5,Sunday,12,1,36,0.05405405405405406,0.0,0.0,0.0,21,4.008260869565217,7.601939137886234,1,2,2,122,Regular
12794.0,53,2,815.41,18.532045454545454,42,556,1.0465116279069768,278.0,Monday,14,1,45,0.043478260869565216,0.0,1.0,1.0,42,2.0959090909090907,1.7755252327152258,2,2,3,223,At Risk
12795.0,19,1,430.48,30.74857142857143,14,68,0.0,68.0,Monday,10,1,0,1.0,1.0,1.0,1.0,14,7.695,6.914541811395637,3,1,2,312,At Risk
12797.0,366,1,254.03,19.540769230769232,13,118,0.0,118.0,Thursday,10,1,0,1.0,0.0,0.0,0.0,13,5.143846153846154,7.411224076203088,1,1,2,112,Regular
12802.0,187,1,427.58,17.1032,25,314,0.0,314.0,Monday,9,1,0,1.0,0.0,0.0,0.0,25,2.52,3.0716241632074714,1,1,2,112,Regular
12808.0,37,3,483.65000000000003,17.273214285714285,27,188,12.25925925925926,62.666666666666664,Thursday,10,1,331,0.009036144578313253,0.0,1.0,1.0,27,4.0460714285714285,5.053591564265232,3,3,2,332,Loyal
12809.0,178,1,489.31,19.572400000000002,25,220,0.0,220.0,Wednesday,10,1,0,1.0,0.0,0.0,0.0,25,4.4092,5.80797075864999,1,1,2,112,Regular
12811.0,261,3,491.45,16.381666666666668,26,194,0.7586206896551724,64.66666666666667,Wednesday,10,1,23,0.125,0.0,0.0,0.0,26,4.238333333333333,6.5132051982125505,1,3,2,132,Regular
12812.0,45,1,229.64000000000001,15.309333333333335,15,164,0.0,164.0,Wednesday,9,1,0,1.0,0.0,1.0,1.0,15,2.0686666666666667,1.420089869724884,3,1,1,311,At Risk
12814.0,102,1,40.0,40.0,1,1,0.0,1.0,Tuesday,12,1,0,1.0,0.0,0.0,0.0,1,40.0,0.0,2,1,1,211,At Risk
12815.0,148,2,1037.96,22.56434782608696,38,349,1.1111111111111112,174.5,Wednesday,13,1,50,0.0392156862745098,0.0,0.0,0.0,38,5.5004347826086954,8.169556211670997,1,2,3,123,Regular
12816.0,96,2,572.2,19.731034482758623,27,128,2.857142857142857,64.0,Thursday,13,1,80,0.024691358024691357,0.0,0.0,0.0,27,8.832758620689654,11.288468166531633,2,2,2,222,At Risk
12817.0,281,1,166.04000000000002,41.510000000000005,4,53,0.0,53.0,Thursday,16,1,0,1.0,0.0,0.0,0.0,4,12.0725,18.6824344862583,1,1,1,111,Regular
12818.0,262,1,747.2,74.72,10,113,0.0,113.0,Wednesday,12,1,0,1.0,0.0,0.0,0.0,10,8.965,12.060819255386887,1,1,3,113,Regular
12820.0,3,4,923.62,15.92448275862069,54,674,5.649122807017544,168.5,Monday,13,1,323,0.012345679012345678,1.0,2.0,3.0,54,1.9308620689655174,1.3197013012424093,4,3,3,433,Regular
12821.0,214,1,92.72,15.453333333333333,6,70,0.0,70.0,Monday,15,1,0,1.0,0.0,0.0,0.0,6,2.4983333333333335,3.0196053826065863,1,1,1,111,Regular
12822.0,71,2,806.08,18.32,40,462,0.37209302325581395,231.0,Tuesday,13,1,16,0.11764705882352941,0.0,0.0,2.0,40,2.737727272727273,2.697517259583436,2,2,3,223,At Risk
12824.0,60,1,397.12,15.8848,25,232,0.0,232.0,Tuesday,12,1,0,1.0,0.0,1.0,1.0,25,2.5356,2.3990086146851026,2,1,2,212,At Risk
12826.0,3,7,1460.8,16.23111111111111,57,1010,4.033707865168539,144.28571428571428,Thursday,12,1,362,0.01928374655647383,2.0,2.0,3.0,57,1.9458888888888888,1.3858627252125597,4,4,4,444,Champions
12827.0,6,3,430.15,17.206,19,197,1.5833333333333333,65.66666666666667,Wednesday,15,1,38,0.07692307692307693,1.0,3.0,3.0,19,2.8680000000000003,1.7989256052803668,4,3,2,432,Regular
12828.0,3,6,1018.71,18.19125,46,494,2.272727272727273,82.33333333333333,Friday,10,1,127,0.046875,2.0,2.0,3.0,46,3.09,2.6943921561103705,4,4,3,443,Champions
12829.0,337,2,221.0,31.571428571428573,7,16,3.8333333333333335,8.0,Friday,11,1,23,0.08333333333333333,0.0,0.0,0.0,7,16.178571428571427,13.748419822621349,1,2,1,121,Regular
12831.0,262,1,150.25,21.464285714285715,7,63,0.0,63.0,Tuesday,13,1,0,1.0,0.0,0.0,0.0,7,3.6857142857142855,4.038844129792818,1,1,1,111,Regular
12832.0,32,2,383.03000000000003,14.186296296296298,27,195,2.5,97.5,Friday,13,1,65,0.030303030303030304,0.0,1.0,1.0,27,2.928888888888889,2.0858024342856143,3,2,2,322,At Risk
12833.0,145,1,417.38,17.390833333333333,24,156,0.0,156.0,Sunday,13,1,0,1.0,0.0,0.0,0.0,24,5.44125,4.04419531685471,1,1,2,112,Regular
12834.0,283,1,312.38,17.354444444444443,18,110,0.0,110.0,Wednesday,9,1,0,1.0,0.0,0.0,0.0,18,4.893888888888889,2.871753182268504,1,1,2,112,Regular
12836.0,59,4,2515.77,14.626569767441861,147,993,1.4678362573099415,248.25,Tuesday,15,1,252,0.015810276679841896,0.0,1.0,1.0,147,4.3388372093023255,4.044366645593286,2,3,4,234,Regular
12837.0,173,1,134.1,11.174999999999999,12,24,0.0,24.0,Sunday,16,1,0,1.0,0.0,0.0,0.0,12,6.745833333333334,4.554341501814671,1,1,1,111,Regular
12838.0,34,2,671.95,5.599583333333333,115,355,2.857142857142857,177.5,Sunday,12,1,340,0.005865102639296188,0.0,1.0,1.0,115,2.305333333333333,2.3813631903297967,3,2,3,323,At Risk
12839.0,3,14,5287.57,17.33629508196721,95,3482,1.1842105263157894,248.71428571428572,Thursday,14,1,364,0.038356164383561646,3.0,4.0,5.0,95,1.9491803278688524,1.6820713803400567,4,4,4,444,Champions
12840.0,144,4,2726.77,24.13070796460177,67,1511,0.7232142857142857,377.75,Wednesday,12,1,82,0.04819277108433735,0.0,0.0,0.0,67,2.035486725663717,0.9747774390217444,1,3,4,134,Regular
12841.0,5,25,3597.92,8.927841191066998,228,2270,0.8855721393034826,90.8,Sunday,12,1,367,0.06793478260869565,4.0,6.0,8.0,228,2.459429280397022,2.720456671101294,4,4,4,444,Champions
12842.0,70,2,738.51,24.617,30,387,8.206896551724139,193.5,Friday,15,1,238,0.008368200836820083,0.0,0.0,1.0,30,4.596333333333334,11.758587612620751,2,2,3,223,At Risk
12843.0,66,8,1608.54,16.0854,67,673,1.9595959595959596,84.125,Tuesday,11,1,198,0.04020100502512563,0.0,0.0,1.0,67,3.5897,2.9665704632001093,2,4,4,244,Regular
12844.0,29,2,325.96000000000004,6.268461538461539,47,125,1.9803921568627452,62.5,Monday,13,1,101,0.0196078431372549,1.0,1.0,1.0,47,2.631153846153846,1.9471584664619181,3,2,2,322,At Risk
12845.0,269,2,71.79,2.8716000000000004,25,25,0.875,12.5,Tuesday,14,1,21,0.09090909090909091,0.0,0.0,0.0,25,2.8716000000000004,2.3627132707969456,1,2,1,121,Regular
12847.0,22,1,672.64,8.735584415584416,65,561,0.0,561.0,Thursday,13,1,0,1.0,1.0,1.0,1.0,65,1.4388311688311688,1.7078471936653044,3,1,3,313,At Risk
12849.0,31,2,837.89,19.042954545454545,43,413,5.511627906976744,206.5,Wednesday,12,1,237,0.008403361344537815,0.0,1.0,1.0,43,3.103863636363636,2.6385824382228606,3,2,3,323,At Risk
12851.0,97,1,131.81,2.8044680851063832,43,106,0.0,106.0,Sunday,12,1,0,1.0,0.0,0.0,0.0,43,1.9991489361702126,2.7978686218551942,2,1,1,211,At Risk
12852.0,295,1,311.55,18.326470588235296,17,149,0.0,149.0,Friday,8,1,0,1.0,0.0,0.0,0.0,17,3.65,3.3793490497431597,1,1,2,112,Regular
12853.0,135,6,1743.9,23.252000000000002,63,568,2.4324324324324325,94.66666666666667,Thursday,11,1,181,0.03296703296703297,0.0,0.0,0.0,63,4.381200000000001,3.1272995690522833,2,4,4,244,Regular
12854.0,79,3,1181.05,10.935648148148148,94,546,2.2336448598130842,182.0,Tuesday,14,1,239,0.0125,0.0,0.0,1.0,94,2.7339814814814813,2.359081850471482,2,3,3,233,Regular
12855.0,373,1,38.1,12.700000000000001,3,30,0.0,30.0,Thursday,9,1,0,1.0,0.0,0.0,0.0,3,1.55,1.2124355652982142,1,1,1,111,Regular
12856.0,8,6,2129.98,6.870903225806452,154,1028,0.17475728155339806,171.33333333333334,Friday,12,1,55,0.10714285714285714,3.0,5.0,6.0,154,2.543967741935484,2.010060312155576,4,4,4,444,Champions
12857.0,211,2,1106.4,24.05217391304348,37,343,2.022222222222222,171.5,Thursday,12,1,91,0.021739130434782608,0.0,0.0,0.0,37,4.142391304347826,2.850398946566844,1,2,3,123,Regular
12863.0,52,1,109.2,36.4,3,48,0.0,48.0,Tuesday,14,1,0,1.0,0.0,1.0,1.0,3,2.5500000000000003,2.0808652046684815,2,1,1,211,At Risk
12864.0,138,1,10.2,10.2,1,12,0.0,12.0,Sunday,13,1,0,1.0,0.0,0.0,0.0,1,0.85,0.0,2,1,1,211,At Risk
12865.0,26,2,1548.07,16.468829787234043,85,877,1.043010752688172,438.5,Monday,10,1,97,0.02040816326530612,1.0,1.0,1.0,85,3.1478723404255318,3.6152395100063006,3,2,4,324,At Risk
12866.0,283,1,559.12,21.504615384615384,26,171,0.0,171.0,Tuesday,14,1,0,1.0,0.0,0.0,0.0,26,4.4157692307692304,3.690002897643223,1,1,2,112,Regular
12867.0,26,7,3692.94,7.088176583493282,236,3724,0.6346153846153846,532.0,Monday,15,1,333,0.020958083832335328,1.0,1.0,1.0,236,1.3484069097888676,1.1210781021093428,3,4,4,344,Loyal
12868.0,186,6,1607.0600000000002,15.0192523364486,72,928,1.7452830188679245,154.66666666666666,Wednesday,15,1,187,0.031914893617021274,0.0,0.0,0.0,72,2.611682242990654,2.167209529178238,1,4,4,144,Regular
12871.0,84,2,135.84,15.093333333333334,7,104,15.375,52.0,Friday,15,1,123,0.016129032258064516,0.0,0.0,1.0,7,2.0133333333333336,2.1913123921522466,2,2,1,221,At Risk
12872.0,327,2,562.47,8.653384615384615,58,289,0.59375,144.5,Thursday,14,1,38,0.05128205128205128,0.0,0.0,0.0,58,2.514769230769231,2.2710137519483364,1,2,2,122,Regular
12873.0,282,1,68.0,68.0,1,8,0.0,8.0,Wednesday,14,1,0,1.0,0.0,0.0,0.0,1,8.5,0.0,1,1,1,111,Regular
12876.0,58,2,1455.42,21.40323529411765,57,873,2.0597014925373136,436.5,Thursday,12,1,138,0.014388489208633094,0.0,1.0,1.0,57,2.620294117647059,3.4343410459164323,2,2,4,224,At Risk
12877.0,4,12,1512.6100000000001,9.95138157894737,98,1094,2.3046357615894038,91.16666666666667,Tuesday,13,1,354,0.03380281690140845,2.0,2.0,3.0,98,1.9200657894736843,1.9796215093159581,4,4,4,444,Champions
12878.0,236,2,854.99,18.191276595744682,38,547,0.6304347826086957,273.5,Sunday,13,1,29,0.06666666666666667,0.0,0.0,0.0,38,2.0325531914893618,1.3599831649934788,1,2,3,123,Regular
12879.0,45,3,220.66000000000003,36.77666666666667,5,106,9.2,35.333333333333336,Friday,12,1,47,0.0625,0.0,1.0,2.0,5,2.106666666666667,1.0127520262466359,3,3,1,331,Loyal
12881.0,276,1,298.0,42.57142857142857,7,21,0.0,21.0,Wednesday,11,1,0,1.0,0.0,0.0,0.0,7,32.971428571428575,71.47627145390547,1,1,2,112,Regular
12882.0,9,2,995.4,99.53999999999999,10,140,2.6666666666666665,70.0,Wednesday,16,1,24,0.08,1.0,2.0,2.0,10,7.114,0.11843422928641313,4,2,3,423,At Risk
12883.0,25,4,703.47,16.749285714285715,39,196,1.5609756097560976,49.0,Tuesday,9,1,64,0.06153846153846154,3.0,3.0,4.0,39,5.926904761904762,3.779324038215092,3,3,3,333,Loyal
12884.0,88,1,309.05,44.15,7,43,0.0,43.0,Monday,13,1,0,1.0,0.0,0.0,1.0,7,15.984285714285715,30.53321953607407,2,1,2,212,At Risk
12885.0,63,3,1175.22,16.552394366197184,66,655,0.8571428571428571,218.33333333333334,Monday,11,1,60,0.04918032786885246,0.0,0.0,2.0,66,3.5930985915492957,4.06502489591719,2,3,3,233,Regular
12886.0,68,2,1319.96,16.708354430379746,73,638,1.935897435897436,319.0,Wednesday,11,1,151,0.013157894736842105,0.0,0.0,1.0,73,3.8437974683544307,3.2146285440784235,2,2,3,223,At Risk
12888.0,214,2,354.12,70.824,4,76,10.25,38.0,Tuesday,14,1,41,0.047619047619047616,0.0,0.0,0.0,4,5.896,4.062176756370899,1,2,2,122,Regular
12890.0,24,1,369.88,4.742051282051282,77,220,0.0,220.0,Tuesday,17,1,0,1.0,1.0,1.0,1.0,77,1.8553846153846154,1.2660550164567512,3,1,2,312,At Risk
12893.0,31,1,176.55,5.695161290322581,27,90,0.0,90.0,Wednesday,12,1,0,1.0,0.0,1.0,1.0,27,2.2106451612903224,1.16297301626441,3,1,1,311,At Risk
12895.0,42,2,372.8,16.945454545454545,22,210,2.0952380952380953,105.0,Wednesday,8,1,44,0.044444444444444446,0.0,1.0,2.0,22,3.222727272727273,3.331799430621154,3,2,2,322,At Risk
12897.0,205,2,100.50000000000001,50.25000000000001,2,30,97.0,15.0,Friday,11,1,97,0.02040816326530612,0.0,0.0,0.0,2,3.95,1.4142135623730951,1,2,1,121,Regular
12901.0,10,15,1315.3500000000001,24.81792452830189,25,717,4.884615384615385,47.8,Wednesday,11,1,260,0.05747126436781609,1.0,2.0,2.0,25,1.9828301886792454,2.190479730876049,4,4,3,443,Champions
12902.0,265,1,138.68,13.868,10,66,0.0,66.0,Sunday,12,1,0,1.0,0.0,0.0,0.0,10,5.619,6.4241617697910165,1,1,1,111,Regular
12904.0,18,2,465.31,6.647285714285714,58,253,2.2318840579710146,126.5,Monday,14,1,154,0.012903225806451613,1.0,1.0,1.0,58,3.1382857142857143,3.277851882050579,4,2,2,422,At Risk
12906.0,12,5,1190.17,27.049318181818183,42,625,1.5348837209302326,125.0,Thursday,15,1,66,0.07462686567164178,3.0,3.0,5.0,42,2.9995454545454545,2.7570399989890193,4,4,3,443,Champions
12909.0,40,5,1802.63,22.254691358024694,69,772,2.6625,154.4,Thursday,12,1,213,0.02336448598130841,0.0,1.0,2.0,69,7.499382716049383,24.00043990980577,3,4,4,344,Loyal
12910.0,23,8,2297.02,38.93254237288136,40,1034,3.7413793103448274,129.25,Thursday,10,1,218,0.0365296803652968,2.0,2.0,4.0,40,2.327627118644068,1.2240130985650421,3,4,4,344,Loyal
12912.0,8,4,834.6600000000001,52.166250000000005,14,314,2.0,78.5,Sunday,13,1,32,0.12121212121212122,3.0,4.0,4.0,14,2.895,1.6722121077582632,4,3,3,433,Regular
12913.0,5,5,1118.45,33.89242424242424,28,449,11.28125,89.8,Thursday,10,1,363,0.013736263736263736,2.0,2.0,2.0,28,3.6712121212121214,3.4382215220733645,4,4,3,443,Champions
12915.0,149,2,363.65,16.529545454545453,19,93,10.619047619047619,46.5,Thursday,12,1,223,0.008928571428571428,0.0,0.0,0.0,19,6.788636363636363,3.8040996625251866,1,2,2,122,Regular
12916.0,139,4,2414.55,24.892268041237116,50,779,1.875,194.75,Sunday,10,1,181,0.02197802197802198,0.0,0.0,0.0,50,4.266391752577319,3.1858339389550645,2,3,4,234,Regular
12919.0,8,6,1227.91,25.059387755102044,34,601,3.3125,100.16666666666667,Tuesday,10,1,161,0.037037037037037035,2.0,3.0,3.0,34,2.627142857142857,2.058689915132113,4,4,3,443,Champions
12920.0,17,1,148.74,5.720769230769231,26,92,0.0,92.0,Tuesday,15,1,0,1.0,1.0,1.0,1.0,26,4.065769230769231,4.258423344926545,4,1,1,411,At Risk
12921.0,9,37,13833.57,20.524584569732937,230,7824,0.524517087667162,211.45945945945945,Wednesday,13,1,364,0.10136986301369863,4.0,10.0,13.0,230,2.3842581602373887,1.891238451715785,4,4,4,444,Champions
12922.0,161,1,377.3,14.511538461538462,26,298,0.0,298.0,Friday,15,1,0,1.0,0.0,0.0,0.0,26,1.723076923076923,1.435355758634825,1,1,2,112,Regular
12923.0,64,1,172.82,6.172142857142857,28,68,0.0,68.0,Thursday,16,1,0,1.0,0.0,0.0,1.0,28,2.893214285714286,2.0045375444714844,2,1,1,211,At Risk
12924.0,88,4,664.9,24.625925925925927,20,217,9.153846153846153,54.25,Monday,13,1,239,0.016666666666666666,0.0,0.0,1.0,20,3.4333333333333336,2.4460753494904064,2,3,3,233,Regular
12925.0,5,2,680.13,15.4575,41,493,1.627906976744186,246.5,Monday,11,1,70,0.028169014084507043,1.0,1.0,2.0,41,2.3561363636363635,2.9320079760584195,4,2,3,423,At Risk
12928.0,35,5,1739.74,22.022025316455696,55,996,4.128205128205129,199.2,Tuesday,10,1,323,0.015432098765432098,0.0,2.0,2.0,55,1.9918987341772154,1.018306885320278,3,4,4,344,Loyal
12929.0,312,1,117.85,14.73125,8,37,0.0,37.0,Tuesday,12,1,0,1.0,0.0,0.0,0.0,8,7.11875,5.484975419921484,1,1,1,111,Regular
12930.0,78,2,402.36,16.765,20,220,4.043478260869565,110.0,Tuesday,13,1,93,0.02127659574468085,0.0,0.0,1.0,20,3.1020833333333333,2.719537970935931,2,2,2,222,At Risk
12931.0,67,2,48.160000000000004,16.053333333333335,3,42,144.5,21.0,Monday,13,1,289,0.006896551724137931,0.0,0.0,1.0,3,1.0866666666666667,0.5504846349657121,2,2,1,221,At Risk
12933.0,24,3,508.07,4.981078431372549,98,225,2.5643564356435644,75.0,Tuesday,16,1,259,0.011538461538461539,1.0,1.0,1.0,98,2.731176470588235,1.8214471964187913,3,3,2,332,Loyal
12935.0,2,7,2005.9,16.441803278688525,77,1553,2.5950413223140494,221.85714285714286,Monday,13,1,317,0.0220125786163522,3.0,3.0,3.0,77,2.1199180327868854,2.1397982047058117,4,4,4,444,Champions
12936.0,17,3,911.9,15.198333333333332,56,479,1.0338983050847457,159.66666666666666,Thursday,13,1,61,0.04838709677419355,2.0,2.0,3.0,56,2.037666666666667,1.1651934685746566,4,3,3,433,Regular
12937.0,15,4,1279.8700000000001,10.93905982905983,79,871,2.163793103448276,217.75,Thursday,15,1,252,0.015810276679841896,1.0,1.0,2.0,79,2.3816239316239316,2.069900029763622,4,3,3,433,Regular
12938.0,26,1,100.22,12.5275,8,92,0.0,92.0,Monday,11,1,0,1.0,1.0,1.0,1.0,8,1.39375,0.867705307117572,3,1,1,311,At Risk
12939.0,335,1,81.36,81.36,1,24,0.0,24.0,Sunday,11,1,0,1.0,0.0,0.0,0.0,1,3.39,0.0,1,1,1,111,Regular
12940.0,55,2,890.57,9.374421052631579,86,356,0.35106382978723405,178.0,Sunday,12,1,33,0.058823529411764705,0.0,1.0,2.0,86,3.92221052631579,3.783698005061323,2,2,3,223,At Risk
12942.0,131,3,675.6,9.651428571428571,68,198,3.391304347826087,66.0,Sunday,14,1,234,0.01276595744680851,0.0,0.0,0.0,68,4.314857142857143,3.5143258544392437,2,3,3,233,Regular
12944.0,36,2,604.51,20.150333333333332,29,289,11.0,144.5,Friday,11,1,319,0.00625,0.0,1.0,1.0,29,3.1886666666666668,2.8559541353089877,3,2,3,323,At Risk
12945.0,288,1,404.95,18.40681818181818,22,125,0.0,125.0,Thursday,14,1,0,1.0,0.0,0.0,0.0,22,5.109090909090909,3.7502265443835703,1,1,2,112,Regular
12947.0,144,5,1534.99,16.5052688172043,80,985,2.4782608695652173,197.0,Tuesday,10,1,229,0.021739130434782608,0.0,0.0,0.0,80,3.39494623655914,7.2290545451423505,1,4,4,144,Regular
12948.0,16,7,2032.31,17.827280701754386,80,984,2.185840707964602,140.57142857142858,Friday,10,1,248,0.028112449799196786,1.0,3.0,3.0,80,2.9782456140350875,2.235647733588055,4,4,4,444,Champions
12949.0,31,8,4084.82,19.26801886792453,165,2269,1.042654028436019,283.625,Friday,13,1,221,0.036036036036036036,0.0,1.0,1.0,165,2.9092452830188678,2.546614776731592,3,4,4,344,Loyal
12950.0,8,2,284.2,25.836363636363636,11,220,1.6,110.0,Thursday,15,1,16,0.11764705882352941,2.0,2.0,2.0,11,1.288181818181818,0.6284555383130644,4,2,2,422,At Risk
12951.0,9,6,1064.07,16.89,53,503,5.145161290322581,83.83333333333333,Thursday,10,1,322,0.018575851393188854,1.0,1.0,1.0,53,3.006031746031746,2.586606033621951,4,4,3,443,Champions
12952.0,6,4,1327.31,17.237792207792207,62,557,0.9473684210526315,139.25,Thursday,16,1,72,0.0547945205479452,1.0,3.0,4.0,62,4.151818181818181,3.7558076877763336,4,3,3,433,Regular
12953.0,10,1,329.85,19.40294117647059,17,84,0.0,84.0,Wednesday,9,1,0,1.0,1.0,1.0,1.0,17,6.647058823529412,5.89566765165944,4,1,2,412,At Risk
12955.0,1,11,3379.66,22.234605263157892,77,2402,1.7417218543046358,218.36363636363637,Wednesday,12,1,266,0.04119850187265917,3.0,5.0,5.0,77,1.7982236842105261,1.6232744692793486,4,4,4,444,Champions
12956.0,306,1,108.07,5.687894736842105,19,34,0.0,34.0,Sunday,16,1,0,1.0,0.0,0.0,0.0,19,4.365263157894737,3.687318158862666,1,1,1,111,Regular
12957.0,10,8,3949.54,16.878376068376067,205,2389,1.4034334763948497,298.625,Thursday,12,1,329,0.024242424242424242,2.0,2.0,4.0,205,2.8583333333333334,2.7693536299824544,4,4,4,444,Champions
12962.0,7,2,266.39,16.649375,15,129,7.066666666666666,64.5,Thursday,13,1,106,0.018691588785046728,1.0,1.0,1.0,15,2.985625,3.006652554475381,4,2,2,422,At Risk
12963.0,8,8,1837.91,19.55223404255319,74,833,3.795698924731183,104.125,Wednesday,9,1,357,0.0223463687150838,5.0,6.0,7.0,74,3.325744680851064,2.602938987946395,4,4,4,444,Champions
12965.0,89,1,769.8100000000001,7.1278703703703705,108,282,0.0,282.0,Sunday,15,1,0,1.0,0.0,0.0,1.0,108,3.6783333333333332,2.8089810904232055,2,1,3,213,At Risk
12966.0,10,1,160.18,16.018,10,75,0.0,75.0,Wednesday,12,1,0,1.0,1.0,1.0,1.0,10,3.4230000000000005,3.410679469613708,4,1,1,411,At Risk
12967.0,358,2,966.7,74.36153846153846,13,170,1.0833333333333333,85.0,Friday,9,1,13,0.14285714285714285,0.0,0.0,0.0,13,8.211538461538462,9.958876983336562,1,2,3,123,Regular
12968.0,112,1,135.95,27.189999999999998,5,73,0.0,73.0,Friday,15,1,0,1.0,0.0,0.0,0.0,5,3.29,3.762047314960299,2,1,1,211,At Risk
12970.0,7,4,390.35,3.049609375,115,232,2.4803149606299213,58.0,Friday,14,1,315,0.012658227848101266,2.0,2.0,2.0,115,2.16734375,2.2253048926287557,4,3,2,432,Regular
12971.0,4,80,5895.280000000001,25.85649122807018,85,2924,1.4845814977973568,36.55,Wednesday,10,1,368,0.21680216802168023,12.0,16.0,21.0,85,2.6835526315789475,2.3345210739667364,4,4,4,444,Champions
12974.0,198,1,144.8,18.1,8,24,0.0,24.0,Thursday,9,1,0,1.0,0.0,0.0,0.0,8,7.7,5.365231988061121,1,1,1,111,Regular
12976.0,212,1,303.6,15.978947368421053,19,261,0.0,261.0,Thursday,9,1,0,1.0,0.0,0.0,0.0,19,1.5478947368421052,1.2748663500643178,1,1,2,112,Regular
12977.0,156,1,39.239999999999995,4.359999999999999,9,12,0.0,12.0,Wednesday,16,1,0,1.0,0.0,0.0,0.0,9,4.23,6.657140902820069,1,1,1,111,Regular
12980.0,158,8,4962.900000000001,620.3625000000001,1,142,28.0,17.75,Wednesday,11,1,200,0.03980099502487562,0.0,0.0,0.0,1,34.95,0.0,1,4,4,144,Regular
12981.0,30,2,372.21999999999997,18.610999999999997,12,242,5.421052631578948,121.0,Friday,14,1,103,0.019230769230769232,1.0,1.0,1.0,12,1.6235,0.7488115144751224,3,2,2,322,At Risk
12982.0,243,1,376.5,13.944444444444445,27,252,0.0,252.0,Monday,11,1,0,1.0,0.0,0.0,0.0,27,1.901851851851852,1.423430409628139,1,1,2,112,Regular
12984.0,19,1,97.5,24.375,4,26,0.0,26.0,Monday,12,1,0,1.0,1.0,1.0,1.0,4,3.85,0.8246211251235321,3,1,1,311,At Risk
12985.0,1,2,1048.82,16.135692307692306,62,705,0.421875,352.5,Friday,12,1,27,0.07142857142857142,2.0,2.0,2.0,62,2.1955384615384617,1.7653133846866529,4,2,3,423,At Risk
12987.0,74,2,558.7,19.95357142857143,27,219,4.592592592592593,109.5,Thursday,12,1,124,0.016,0.0,0.0,1.0,27,6.110714285714286,9.403460327856239,2,2,2,222,At Risk
12988.0,292,1,505.82,6.094216867469879,75,126,0.0,126.0,Sunday,14,1,0,1.0,0.0,0.0,0.0,75,4.281807228915662,3.2139930883781056,1,1,2,112,Regular
12989.0,3,10,1719.23,39.982093023255814,34,403,6.928571428571429,40.3,Thursday,12,1,295,0.033783783783783786,3.0,3.0,5.0,34,2.9672093023255814,2.5009334691379266,4,4,4,444,Champions
12990.0,31,3,351.0,29.25,8,170,25.181818181818183,56.666666666666664,Tuesday,13,1,278,0.010752688172043012,0.0,1.0,1.0,8,2.058333333333333,0.05060243137049907,3,3,2,332,Loyal
12991.0,23,2,461.26,15.375333333333334,30,355,3.0689655172413794,177.5,Friday,14,1,89,0.022222222222222223,1.0,1.0,1.0,30,2.3553333333333333,1.9600153647063736,3,2,2,322,At Risk
12993.0,23,4,414.76,15.361481481481482,26,240,10.538461538461538,60.0,Monday,12,1,275,0.014492753623188406,1.0,1.0,1.0,26,2.1377777777777776,1.1309537613255507,3,3,2,332,Loyal
12994.0,4,3,974.42,15.974098360655738,52,459,4.383333333333334,153.0,Wednesday,8,1,264,0.011320754716981131,1.0,1.0,1.0,52,4.212459016393442,3.433526688279223,4,3,3,433,Regular
12997.0,22,4,1035.49,18.82709090909091,44,488,5.425925925925926,122.0,Sunday,15,1,294,0.013559322033898305,1.0,1.0,2.0,44,3.4372727272727275,3.50520272280308,3,3,3,333,Loyal
12999.0,196,3,401.28,15.433846153846153,23,258,1.92,86.0,Friday,10,1,49,0.06,0.0,0.0,0.0,23,2.6953846153846155,3.7575153820249154,1,3,2,132,Regular
13000.0,260,2,439.81,15.165862068965517,28,259,3.7142857142857144,129.5,Friday,10,1,104,0.01904761904761905,0.0,0.0,0.0,28,3.1703448275862067,2.6492741361127323,1,2,2,122,Regular
13001.0,4,13,5143.150000000001,16.974092409240924,158,2778,1.0463576158940397,213.69230769230768,Wednesday,14,1,322,0.04024767801857585,2.0,2.0,2.0,158,2.452013201320132,1.5571340544093524,4,4,4,444,Champions
13002.0,318,1,120.95,17.27857142857143,7,73,0.0,73.0,Tuesday,15,1,0,1.0,0.0,0.0,0.0,7,2.8214285714285716,3.1742265649626025,1,1,1,111,Regular
13003.0,151,2,89.05000000000001,17.810000000000002,4,55,15.75,27.5,Monday,8,1,63,0.03125,0.0,0.0,0.0,4,2.45,2.117781858454737,1,2,1,121,Regular
13004.0,12,18,5494.11,13.909139240506327,270,4394,0.8578680203045685,244.11111111111111,Friday,12,1,346,0.05187319884726225,2.0,3.0,6.0,270,2.0476708860759496,2.21533605820877,4,4,4,444,Champions
13005.0,174,2,513.7,19.75769230769231,21,172,2.88,86.0,Thursday,13,1,72,0.0273972602739726,0.0,0.0,0.0,21,5.117307692307692,3.456210129829849,1,2,2,122,Regular
13006.0,56,1,81.57,20.3925,4,55,0.0,55.0,Friday,13,1,0,1.0,0.0,1.0,1.0,4,5.295,6.157301898288459,2,1,1,211,At Risk
13008.0,323,1,229.47,16.390714285714285,14,175,0.0,175.0,Thursday,14,1,0,1.0,0.0,0.0,0.0,14,1.7342857142857144,1.0358847150417572,1,1,1,111,Regular
13011.0,372,1,50.550000000000004,16.85,3,13,0.0,13.0,Thursday,17,1,0,1.0,0.0,0.0,0.0,3,4.216666666666667,1.5534906930308057,1,1,1,111,Regular
13012.0,9,8,1632.8000000000002,18.767816091954025,66,784,3.2674418604651163,98.0,Wednesday,9,1,285,0.027972027972027972,3.0,3.0,4.0,66,3.2586206896551726,2.9313772350186467,4,4,4,444,Champions
13013.0,1,13,4654.1,21.54675925925926,153,2100,1.6930232558139535,161.53846153846155,Friday,12,1,370,0.03504043126684636,2.0,3.0,4.0,153,3.189861111111111,2.5539759207705877,4,4,4,444,Champions
13014.0,11,10,3387.08,31.361851851851853,67,857,2.4953271028037385,85.7,Thursday,10,1,270,0.03690036900369004,2.0,4.0,5.0,67,5.288611111111111,4.071175507832636,4,4,4,444,Champions
13015.0,53,5,3315.04,19.051954022988504,155,1579,1.1213872832369942,315.8,Monday,13,1,195,0.025510204081632654,0.0,1.0,1.0,155,5.08396551724138,22.30009540970713,2,4,4,244,Regular
13016.0,73,3,789.89,16.806170212765956,39,527,1.065217391304348,175.66666666666666,Monday,15,1,49,0.06,0.0,0.0,2.0,39,3.173191489361702,4.206581854346507,2,3,3,233,Regular
13018.0,16,28,6974.82,15.673752808988763,303,4869,0.6081081081081081,173.89285714285714,Thursday,11,1,279,0.1,4.0,6.0,10.0,303,2.228494382022472,2.263380479830418,4,4,4,444,Champions
13021.0,4,9,2358.26,18.86608,97,1118,2.8306451612903225,124.22222222222223,Monday,10,1,354,0.02535211267605634,2.0,3.0,5.0,97,3.9396799999999996,3.9076735789981227,4,4,4,444,Champions
13023.0,64,2,675.86,17.32974358974359,35,250,1.7105263157894737,125.0,Thursday,16,1,65,0.030303030303030304,0.0,0.0,1.0,35,4.65923076923077,3.586281158889705,2,2,3,223,At Risk
13026.0,1,4,341.88,17.094,18,396,14.31578947368421,99.0,Thursday,7,1,274,0.014545454545454545,1.0,2.0,2.0,18,0.8855000000000001,0.4295465785661605,4,3,2,432,Regular
13028.0,23,2,613.4399999999999,14.266046511627906,39,666,0.5238095238095238,333.0,Tuesday,14,1,22,0.08695652173913043,1.0,2.0,2.0,39,1.0453488372093025,0.5172056275115035,3,2,3,323,At Risk
13029.0,31,2,865.0,96.11111111111111,8,104,13.375,52.0,Sunday,11,1,107,0.018518518518518517,0.0,1.0,1.0,8,6.792222222222222,10.301610041369477,3,2,3,323,At Risk
13030.0,11,2,752.44,8.178695652173914,76,348,3.912087912087912,174.0,Monday,14,1,356,0.0056022408963585435,1.0,1.0,1.0,76,3.3126086956521736,3.5683735543269934,4,2,3,423,At Risk
13032.0,52,2,1010.1800000000001,14.227887323943662,55,375,0.4857142857142857,187.5,Tuesday,16,1,34,0.05714285714285714,0.0,1.0,2.0,55,3.81943661971831,3.122368554856092,2,2,3,223,At Risk
13033.0,357,1,190.55,17.322727272727274,11,83,0.0,83.0,Friday,14,1,0,1.0,0.0,0.0,0.0,11,2.640909090909091,1.3070612422182408,1,1,1,111,Regular
13034.0,55,2,642.77,17.372162162162162,37,369,8.722222222222221,184.5,Sunday,12,1,314,0.006349206349206349,0.0,1.0,1.0,37,2.3721621621621622,2.3565595627891462,2,2,3,223,At Risk
13035.0,74,2,349.20000000000005,20.541176470588237,16,208,11.625,104.0,Thursday,9,1,186,0.0106951871657754,0.0,0.0,1.0,16,2.073529411764706,0.9774196973183437,2,2,2,222,At Risk
13037.0,138,3,881.07,18.355625,44,431,2.4893617021276597,143.66666666666666,Wednesday,15,1,118,0.025210084033613446,0.0,0.0,0.0,44,3.8214583333333336,3.2190761127229575,2,3,3,233,Regular
13038.0,80,3,908.46,32.445,24,360,7.7407407407407405,120.0,Tuesday,11,1,210,0.014218009478672985,0.0,0.0,1.0,24,2.7582142857142857,1.9021139381915149,2,3,3,233,Regular
13040.0,9,2,676.99,15.743953488372092,38,355,0.5714285714285714,177.5,Thursday,10,1,24,0.08,1.0,2.0,2.0,38,2.8039534883720934,1.6730811888404664,4,2,3,423,At Risk
13043.0,273,1,327.3,32.730000000000004,10,62,0.0,62.0,Friday,14,1,0,1.0,0.0,0.0,0.0,10,7.115,4.817736328747489,1,1,2,112,Regular
13044.0,291,1,560.47,16.983939393939394,33,429,0.0,429.0,Monday,15,1,0,1.0,0.0,0.0,0.0,33,3.258787878787879,3.789066307792526,1,1,2,112,Regular
13045.0,99,1,305.28000000000003,16.96,18,221,0.0,221.0,Thursday,15,1,0,1.0,0.0,0.0,0.0,18,1.5705555555555555,0.7526226475951961,2,1,2,212,At Risk
13046.0,31,2,629.31,17.980285714285714,33,264,6.911764705882353,132.0,Wednesday,8,1,235,0.00847457627118644,0.0,1.0,1.0,33,6.142857142857143,14.064563223060365,3,2,3,323,At Risk
13047.0,32,10,3183.46,18.61672514619883,105,1359,2.0,135.9,Wednesday,13,1,342,0.029154518950437316,0.0,2.0,2.0,105,3.9451461988304093,2.858171434516902,3,4,4,344,Loyal
13048.0,14,4,1819.41,13.477111111111112,77,1228,2.3208955223880596,307.0,Friday,13,1,312,0.012779552715654952,1.0,1.0,1.0,77,1.8335555555555556,1.2989200259565044,4,3,4,434,Regular
13049.0,64,2,479.08000000000004,36.8523076923077,13,172,21.083333333333332,86.0,Tuesday,16,1,253,0.007874015748031496,0.0,0.0,1.0,13,4.093846153846154,3.580408585765826,2,2,2,222,At Risk
13050.0,15,17,5524.38,14.238092783505154,237,2980,0.8837209302325582,175.2941176470588,Tuesday,13,1,351,0.048295454545454544,2.0,4.0,4.0,237,3.0876288659793816,3.360910582653303,4,4,4,444,Champions
13052.0,212,1,295.05,19.67,15,132,0.0,132.0,Wednesday,14,1,0,1.0,0.0,0.0,0.0,15,3.8346666666666667,3.3887310449839627,1,1,2,112,Regular
13055.0,78,3,1173.61,15.648133333333332,73,846,1.8243243243243243,282.0,Thursday,14,1,135,0.022058823529411766,0.0,0.0,2.0,73,2.4926666666666666,2.4999504499594094,2,3,3,233,Regular
13058.0,25,3,271.40000000000003,33.925000000000004,5,52,18.0,17.333333333333332,Monday,12,1,127,0.0234375,1.0,2.0,2.0,5,5.825,1.6850180160122064,3,3,2,332,Loyal
13059.0,250,1,183.4,22.925,8,35,0.0,35.0,Monday,10,1,0,1.0,0.0,0.0,0.0,8,5.21875,3.5917502199982034,1,1,1,111,Regular
13060.0,254,1,307.53000000000003,20.502000000000002,15,123,0.0,123.0,Thursday,11,1,0,1.0,0.0,0.0,0.0,15,3.982666666666667,2.777384346741338,1,1,2,112,Regular
13061.0,72,1,248.61,24.861,10,107,0.0,107.0,Wednesday,16,1,0,1.0,0.0,0.0,1.0,10,3.403,2.9389115521075335,2,1,1,211,At Risk
13062.0,191,1,286.5,28.65,10,55,0.0,55.0,Wednesday,15,1,0,1.0,0.0,0.0,0.0,10,7.4799999999999995,4.596870916419366,1,1,2,112,Regular
13064.0,13,4,1070.67,16.222272727272728,50,406,4.815384615384615,101.5,Sunday,11,1,314,0.012698412698412698,1.0,1.0,2.0,50,3.6012121212121215,3.418056359598138,4,3,3,433,Regular
13065.0,373,1,205.86,14.704285714285716,14,74,0.0,74.0,Wednesday,16,1,0,1.0,0.0,0.0,0.0,14,5.222142857142857,3.9134053213015396,1,1,1,111,Regular
13066.0,24,2,470.8,9.808333333333334,48,322,0.14893617021276595,161.0,Monday,17,1,7,0.25,1.0,2.0,2.0,48,3.1733333333333333,3.8787831681144826,3,2,2,322,At Risk
13067.0,82,1,115.46000000000001,7.697333333333334,14,32,0.0,32.0,Sunday,13,1,0,1.0,0.0,0.0,1.0,14,3.86,1.893228534993672,2,1,1,211,At Risk
13069.0,1,24,3588.84,8.927462686567164,270,2973,0.8977556109725686,123.875,Sunday,11,1,368,0.06504065040650407,2.0,4.0,4.0,270,1.7730099502487562,1.774978527466763,4,4,4,444,Champions
13070.0,192,1,228.8,25.422222222222224,9,110,0.0,110.0,Tuesday,13,1,0,1.0,0.0,0.0,0.0,9,2.08,0.0,1,1,1,111,Regular
13072.0,267,1,177.15,25.307142857142857,7,69,0.0,69.0,Friday,8,1,0,1.0,0.0,0.0,0.0,7,3.3500000000000005,1.6340134638368193,1,1,1,111,Regular
13075.0,130,1,477.21000000000004,29.825625000000002,16,263,0.0,263.0,Tuesday,10,1,0,1.0,0.0,0.0,0.0,16,2.06125,1.0735354364590548,2,1,2,212,At Risk
13077.0,1,4,652.8100000000001,6.217238095238096,97,513,3.5096153846153846,128.25,Tuesday,16,1,365,0.01092896174863388,1.0,1.0,1.0,97,1.847047619047619,1.6284578144612325,4,3,3,433,Regular
13078.0,3,26,8503.34,26.164123076923076,88,2798,1.0925925925925926,107.61538461538461,Wednesday,14,1,363,0.07142857142857142,4.0,7.0,11.0,88,4.167538461538462,2.8184867178891206,4,4,4,444,Champions
13079.0,4,5,220.10000000000002,36.68333333333334,2,62,26.8,12.4,Friday,13,1,136,0.0364963503649635,2.0,2.0,3.0,2,4.166666666666667,2.049796737890532,4,4,1,441,Champions
13080.0,179,1,58.08,9.68,6,120,0.0,120.0,Monday,14,1,0,1.0,0.0,0.0,0.0,6,0.5783333333333333,0.4640007183902484,1,1,1,111,Regular
13081.0,12,10,20507.58,22.81154616240267,467,12210,0.39532293986636974,1221.0,Friday,16,1,359,0.027777777777777776,1.0,2.0,2.0,467,2.4473192436040043,2.477752286102975,4,4,4,444,Champions
13082.0,126,9,1331.71,21.479193548387098,53,636,3.4262295081967213,70.66666666666667,Tuesday,11,1,212,0.04225352112676056,0.0,0.0,0.0,53,3.27258064516129,2.951679674901361,2,4,3,243,Regular
13083.0,4,2,303.75,16.875,15,187,4.176470588235294,93.5,Sunday,10,1,71,0.027777777777777776,1.0,1.0,2.0,15,3.4066666666666667,4.2595774438317235,4,2,2,422,At Risk
13085.0,158,2,315.28000000000003,15.764000000000001,15,120,7.2105263157894735,60.0,Thursday,13,1,137,0.014492753623188406,0.0,0.0,0.0,15,4.299,2.8970346000150244,1,2,2,122,Regular
13089.0,3,89,43359.28,26.310242718446602,598,20971,0.20218579234972678,235.62921348314606,Thursday,14,1,365,0.24316939890710382,10.0,15.0,25.0,598,2.850734223300971,2.966942457820932,4,4,4,444,Champions
13090.0,9,14,6101.22,41.50489795918367,97,1823,2.452054794520548,130.21428571428572,Friday,10,1,364,0.038356164383561646,2.0,4.0,5.0,97,4.425170068027211,4.622140634621715,4,4,4,444,Champions
13091.0,28,1,281.08,18.738666666666667,15,248,0.0,248.0,Friday,15,1,0,1.0,1.0,1.0,1.0,15,1.2773333333333334,0.6765930056083164,3,1,2,312,At Risk
13092.0,71,5,469.51,20.413478260869564,17,143,13.045454545454545,28.6,Wednesday,12,1,288,0.01730103806228374,0.0,0.0,1.0,17,5.447391304347826,3.1687640512742847,2,4,2,242,Regular
13093.0,276,8,4322.27,35.428442622950826,72,1683,0.7768595041322314,210.375,Thursday,15,1,97,0.08163265306122448,0.0,0.0,0.0,72,3.7181967213114753,4.311868306379429,1,4,4,144,Regular
13094.0,206,2,106.2,53.1,1,36,2.0,18.0,Sunday,11,1,2,0.6666666666666666,0.0,0.0,0.0,1,2.95,0.0,1,2,1,121,Regular
13095.0,71,1,60.48,12.096,5,96,0.0,96.0,Friday,12,1,0,1.0,0.0,0.0,1.0,5,0.774,0.5305468876546162,2,1,1,211,At Risk
13097.0,33,10,5757.7,13.807434052757793,213,2204,0.7788461538461539,220.4,Friday,11,1,327,0.03048780487804878,0.0,1.0,2.0,213,4.2779856115107915,3.608852599695773,3,4,4,344,Loyal
13098.0,1,27,12990.48,31.68409756097561,119,5987,0.7408312958435208,221.74074074074073,Thursday,12,1,316,0.08517350157728706,6.0,7.0,10.0,119,3.1868048780487803,3.6358475718525827,4,4,4,444,Champions
13101.0,234,1,75.45,10.778571428571428,7,47,0.0,47.0,Tuesday,14,1,0,1.0,0.0,0.0,0.0,7,3.335714285714286,3.092560196896508,1,1,1,111,Regular
13102.0,1,24,5689.09,19.483184931506848,139,3598,1.2199312714776633,149.91666666666666,Thursday,14,1,363,0.06593406593406594,3.0,4.0,5.0,139,2.64263698630137,2.574333577073878,4,4,4,444,Champions
13103.0,40,1,243.94,30.4925,8,82,0.0,82.0,Monday,9,1,0,1.0,0.0,1.0,1.0,8,3.9675,3.376391776522894,3,1,1,311,At Risk
13104.0,3,4,570.48,35.655,13,264,17.466666666666665,66.0,Thursday,11,1,263,0.015151515151515152,1.0,2.0,3.0,13,2.093125,1.2840546133245268,4,3,2,432,Regular
13106.0,133,1,76.5,76.5,1,18,0.0,18.0,Friday,15,1,0,1.0,0.0,0.0,0.0,1,4.25,0.0,2,1,1,211,At Risk
13107.0,44,4,1141.5,22.83,48,841,5.877551020408164,210.25,Monday,12,1,289,0.013793103448275862,0.0,1.0,2.0,48,1.9054,1.9198375887941506,3,3,3,333,Loyal
13108.0,373,1,197.3,32.88333333333333,6,94,0.0,94.0,Thursday,10,1,0,1.0,0.0,0.0,0.0,6,2.3916666666666666,3.015363438570327,1,1,1,111,Regular
13109.0,60,2,779.7,16.95,40,484,2.1555555555555554,242.0,Tuesday,14,1,97,0.02040816326530612,0.0,1.0,1.0,40,2.7,1.9377914117767052,2,2,3,223,At Risk
13110.0,31,7,1488.67,10.266689655172414,109,388,1.9236111111111112,55.42857142857143,Tuesday,16,1,279,0.025,0.0,2.0,2.0,109,4.7364137931034485,3.4140328620477223,3,4,4,344,Loyal
13113.0,1,24,5810.54,34.17964705882353,94,1557,2.088757396449704,64.875,Wednesday,13,1,365,0.06557377049180328,2.0,3.0,4.0,94,3.3601176470588237,2.708401783850332,4,4,4,444,Champions
13115.0,12,4,2108.96,18.338782608695652,83,1393,1.5,348.25,Wednesday,12,1,172,0.023121387283236993,1.0,3.0,3.0,83,2.603913043478261,5.177604386717346,4,3,4,434,Regular
13116.0,138,1,501.14,16.704666666666665,30,291,0.0,291.0,Sunday,14,1,0,1.0,0.0,0.0,0.0,30,4.5216666666666665,4.526257556885641,2,1,2,212,At Risk
13117.0,22,8,932.35,12.771917808219179,63,813,4.833333333333333,101.625,Thursday,10,1,350,0.022792022792022793,1.0,1.0,1.0,63,2.518082191780822,4.555653891818338,3,4,3,343,Loyal
13118.0,20,5,1197.81,15.162151898734177,68,410,3.423076923076923,82.0,Sunday,12,1,269,0.018518518518518517,2.0,2.0,2.0,68,3.588354430379747,3.389088989752392,3,4,3,343,Loyal
13120.0,239,1,30.6,30.6,1,12,0.0,12.0,Friday,10,1,0,1.0,0.0,0.0,0.0,1,2.55,0.0,1,1,1,111,Regular
13121.0,269,1,268.61,5.481836734693878,49,216,0.0,216.0,Tuesday,16,1,0,1.0,0.0,0.0,0.0,49,1.7146938775510203,1.3948149549325177,1,1,2,112,Regular
13122.0,240,1,884.95,16.697169811320755,53,489,0.0,489.0,Wednesday,14,1,0,1.0,0.0,0.0,0.0,53,2.721320754716981,2.264800074158227,1,1,3,113,Regular
13124.0,90,3,3355.33,15.827028301886791,178,1661,1.2701421800947867,553.6666666666666,Friday,14,1,269,0.011111111111111112,0.0,0.0,1.0,178,3.252877358490566,3.544695352394318,2,3,4,234,Regular
13126.0,5,8,1961.52,15.088615384615384,115,1675,2.7829457364341086,209.375,Wednesday,10,1,361,0.022099447513812154,1.0,2.0,3.0,115,2.2386153846153847,3.007769719930961,4,4,4,444,Champions
13127.0,78,1,259.17,17.278000000000002,15,127,0.0,127.0,Friday,10,1,0,1.0,0.0,0.0,1.0,15,2.8853333333333335,1.8100310441957566,2,1,2,212,At Risk
13130.0,94,1,64.0,32.0,2,32,0.0,32.0,Tuesday,15,1,0,1.0,0.0,0.0,0.0,2,2.25,1.4142135623730951,2,1,1,211,At Risk
13131.0,23,3,996.8000000000001,23.18139534883721,29,417,3.880952380952381,139.0,Thursday,17,1,164,0.01818181818181818,1.0,1.0,2.0,29,3.129302325581395,2.7749958347020103,3,3,3,333,Loyal
13132.0,262,1,77.3,25.766666666666666,3,20,0.0,20.0,Wednesday,12,1,0,1.0,0.0,0.0,0.0,3,4.933333333333334,3.14655896708346,1,1,1,111,Regular
13133.0,274,2,109.8,15.685714285714285,7,32,5.0,16.0,Friday,10,1,30,0.06451612903225806,0.0,0.0,0.0,7,5.3428571428571425,3.4453384656455945,1,2,1,121,Regular
13134.0,86,4,1720.14,18.496129032258064,89,879,1.6630434782608696,219.75,Thursday,10,1,154,0.025806451612903226,0.0,0.0,1.0,89,3.2586021505376346,2.739838376460509,2,3,4,234,Regular
13136.0,56,5,2607.61,20.53236220472441,94,1328,1.2222222222222223,265.6,Wednesday,12,1,156,0.03184713375796178,0.0,1.0,2.0,94,2.8439370078740156,2.3879303509691954,2,4,4,244,Regular
13137.0,11,8,3589.37,5.232317784256559,344,2156,0.4291970802919708,269.5,Sunday,12,1,298,0.026755852842809364,2.0,3.0,3.0,344,1.9170408163265305,1.4057840334477278,4,4,4,444,Champions
13138.0,22,6,962.39,15.276031746031746,31,473,5.612903225806452,78.83333333333333,Thursday,15,1,350,0.017094017094017096,1.0,2.0,3.0,31,2.8215873015873014,1.6486849171279456,3,4,3,343,Loyal
13139.0,16,7,3482.64,24.354125874125874,117,1365,1.6971830985915493,195.0,Wednesday,13,1,243,0.028688524590163935,1.0,3.0,4.0,117,3.9045454545454548,2.914538527304911,4,4,4,444,Champions
13140.0,108,3,422.47,9.388222222222224,40,185,5.840909090909091,61.666666666666664,Tuesday,15,1,258,0.011583011583011582,0.0,0.0,0.0,40,2.986444444444445,2.370826625649562,2,3,2,232,Regular
13141.0,85,5,2348.4300000000003,17.657368421052634,111,1452,1.7348484848484849,290.4,Friday,9,1,230,0.021645021645021644,0.0,0.0,1.0,111,2.229248120300752,2.016270418394104,2,4,4,244,Regular
13142.0,19,1,245.77,12.2885,20,112,0.0,112.0,Sunday,16,1,0,1.0,1.0,1.0,1.0,20,3.3835,2.2838086264188737,3,1,1,311,At Risk
13144.0,333,1,110.95,36.983333333333334,3,21,0.0,21.0,Tuesday,11,1,0,1.0,0.0,0.0,0.0,3,6.216666666666666,5.658032638058332,1,1,1,111,Regular
13145.0,40,4,592.6,118.52000000000001,4,73,83.0,18.25,Thursday,10,1,332,0.012012012012012012,0.0,1.0,1.0,4,61.98,130.27089851536297,3,3,3,333,Loyal
13146.0,26,1,228.91,13.465294117647058,16,154,0.0,154.0,Sunday,15,1,0,1.0,1.0,1.0,1.0,16,2.027058823529412,1.3431947211121436,3,1,1,311,At Risk
13147.0,43,2,237.6,118.8,1,48,56.0,24.0,Thursday,12,1,56,0.03508771929824561,0.0,1.0,1.0,1,4.95,0.0,3,2,1,321,At Risk
13148.0,29,12,3566.76,11.618110749185668,227,1747,1.0849673202614378,145.58333333333334,Sunday,13,1,335,0.03571428571428571,2.0,2.0,2.0,227,3.5416938110749183,3.6137964210243814,3,4,4,344,Loyal
13149.0,14,4,1463.18,18.521265822784812,72,872,3.5,218.0,Wednesday,13,1,274,0.014545454545454545,1.0,1.0,1.0,72,3.0834177215189875,3.015291322437867,4,3,4,434,Regular
13151.0,296,1,1227.27,16.811917808219178,72,327,0.0,327.0,Thursday,12,1,0,1.0,0.0,0.0,0.0,72,5.755616438356164,4.923191993655406,1,1,3,113,Regular
13153.0,6,1,140.46,17.5575,8,114,0.0,114.0,Sunday,12,1,0,1.0,1.0,1.0,1.0,8,1.5075,1.228817666353661,4,1,1,411,At Risk
13155.0,33,4,971.76,11.432470588235294,67,497,3.9642857142857144,124.25,Monday,12,1,335,0.011904761904761904,0.0,1.0,2.0,67,2.912,2.65471897893974,3,3,3,333,Loyal
13157.0,49,4,1515.98,19.189620253164556,64,1007,3.1794871794871793,251.75,Friday,13,1,248,0.01606425702811245,0.0,1.0,1.0,64,2.0011392405063293,1.5710840511405284,3,3,4,334,Loyal
13158.0,95,4,1193.5,15.301282051282051,58,748,2.896103896103896,187.0,Tuesday,9,1,224,0.017777777777777778,0.0,0.0,0.0,58,2.033717948717949,1.2469111018983254,2,3,3,233,Regular
13159.0,9,4,1403.79,11.896525423728812,112,986,0.8974358974358975,246.5,Thursday,11,1,106,0.037383177570093455,1.0,2.0,2.0,112,2.723559322033898,2.711630702935116,4,3,4,434,Regular
13160.0,22,1,91.8,22.95,4,56,0.0,56.0,Thursday,13,1,0,1.0,1.0,1.0,1.0,4,3.025,3.2846866923143017,3,1,1,311,At Risk
13161.0,313,1,112.75,14.09375,8,29,0.0,29.0,Sunday,14,1,0,1.0,0.0,0.0,0.0,8,4.8625,2.8305413414600196,1,1,1,111,Regular
13162.0,122,4,1195.95,18.983333333333334,61,1063,3.4193548387096775,265.75,Sunday,15,1,212,0.018779342723004695,0.0,0.0,0.0,61,1.6261904761904762,1.7284856588387008,2,3,3,233,Regular
13165.0,46,2,349.28,13.433846153846153,25,488,12.2,244.0,Monday,15,1,305,0.006535947712418301,0.0,1.0,1.0,25,0.7765384615384616,0.4780622746688327,3,2,2,322,At Risk
13166.0,283,1,417.2,10.175609756097561,39,216,0.0,216.0,Tuesday,15,1,0,1.0,0.0,0.0,0.0,39,2.3914634146341465,2.0856624379026556,1,1,2,112,Regular
13167.0,19,4,625.61,10.786379310344827,48,327,2.1578947368421053,81.75,Monday,12,1,125,0.031746031746031744,1.0,1.0,2.0,48,3.2582758620689654,3.1731434068538045,3,3,3,333,Loyal
13168.0,36,4,1299.59,10.314206349206348,102,670,2.24,167.5,Tuesday,13,1,281,0.014184397163120567,0.0,1.0,1.0,102,3.1714285714285717,2.5808934001343684,3,3,3,333,Loyal
13169.0,64,2,661.1,60.1,9,170,18.8,85.0,Friday,14,1,188,0.010582010582010581,0.0,0.0,1.0,9,4.362727272727273,4.454905365794184,2,2,3,223,At Risk
13170.0,27,1,101.97,3.516206896551724,28,105,0.0,105.0,Sunday,12,1,0,1.0,1.0,1.0,1.0,28,1.623793103448276,1.547321219289978,3,1,1,311,At Risk
13171.0,22,3,468.41,10.182826086956522,37,229,6.155555555555556,76.33333333333333,Sunday,14,1,277,0.01079136690647482,1.0,2.0,2.0,37,4.0445652173913045,5.026582981850589,3,3,2,332,Loyal
13173.0,4,2,340.21,8.100238095238094,40,245,8.853658536585366,122.5,Tuesday,14,1,363,0.005494505494505495,1.0,1.0,1.0,40,2.6997619047619046,1.9481779956933096,4,2,2,422,At Risk
13174.0,16,3,2684.23,9.25596551724138,227,1193,1.2145328719723183,397.6666666666667,Sunday,16,1,352,0.0084985835694051,1.0,1.0,1.0,227,3.5292068965517243,4.361645318895329,4,3,4,434,Regular
13176.0,46,1,387.53,6.1512698412698406,62,244,0.0,244.0,Monday,15,1,0,1.0,0.0,1.0,1.0,62,2.9638095238095237,3.1446490283528843,3,1,2,312,At Risk
13177.0,65,1,282.45,16.61470588235294,17,91,0.0,91.0,Thursday,9,1,0,1.0,0.0,0.0,1.0,17,3.514705882352941,1.2276457023865786,2,1,2,212,At Risk
13178.0,26,11,4760.55,19.273481781376518,95,2952,1.3373983739837398,268.3636363636364,Tuesday,12,1,334,0.03283582089552239,1.0,2.0,3.0,95,2.0798785425101216,1.3320762819600342,3,4,4,344,Loyal
13182.0,45,1,121.18,11.016363636363637,11,201,0.0,201.0,Tuesday,13,1,0,1.0,0.0,1.0,1.0,11,0.6854545454545454,0.38424897231778343,3,1,1,311,At Risk
13183.0,8,9,1278.78,19.086268656716417,45,756,4.878787878787879,84.0,Tuesday,10,1,326,0.027522935779816515,1.0,2.0,3.0,45,2.1091044776119405,2.0711128112195696,4,4,3,443,Champions
13184.0,15,10,1451.8700000000001,8.490467836257311,136,1250,1.5941176470588236,125.0,Monday,12,1,275,0.036231884057971016,1.0,1.0,1.0,136,1.9057309941520468,1.9393713105414754,4,4,4,444,Champions
13185.0,268,1,71.4,71.4,1,12,0.0,12.0,Thursday,11,1,0,1.0,0.0,0.0,0.0,1,5.95,0.0,1,1,1,111,Regular
13186.0,40,3,1562.7700000000002,20.29571428571429,67,672,1.1578947368421053,224.0,Wednesday,9,1,89,0.03333333333333333,0.0,1.0,1.0,67,3.3300000000000005,2.2447377059293707,3,3,4,334,Loyal
13187.0,337,1,236.02,6.378918918918919,37,95,0.0,95.0,Thursday,18,1,0,1.0,0.0,0.0,0.0,37,3.765405405405405,3.15999085318173,1,1,1,111,Regular
13188.0,11,1,114.6,57.3,2,25,0.0,25.0,Monday,15,1,0,1.0,1.0,1.0,1.0,2,9.575,7.672108575874041,4,1,1,411,At Risk
13189.0,19,2,167.28,7.965714285714286,21,424,4.8,212.0,Tuesday,13,1,96,0.020618556701030927,1.0,1.0,1.0,21,0.44047619047619047,0.31208133860383563,3,2,1,321,At Risk
13192.0,95,2,911.94,14.475238095238096,57,595,1.7580645161290323,297.5,Wednesday,14,1,109,0.01818181818181818,0.0,0.0,0.0,57,2.6287301587301584,2.3058344595923446,2,2,3,223,At Risk
13193.0,61,1,112.08,4.4832,22,46,0.0,46.0,Sunday,14,1,0,1.0,0.0,0.0,1.0,22,3.0976,3.3905595408427796,2,1,1,211,At Risk
13194.0,136,1,60.7,20.233333333333334,3,26,0.0,26.0,Wednesday,9,1,0,1.0,0.0,0.0,0.0,3,2.65,1.7691806012954132,2,1,1,211,At Risk
13196.0,11,4,1797.78,16.343454545454545,97,1224,2.293577981651376,306.0,Friday,12,1,250,0.01593625498007968,2.0,2.0,3.0,97,2.5078181818181817,4.193209753879881,4,3,4,434,Regular
13198.0,10,6,3342.8,15.194545454545455,194,2436,1.5981735159817352,406.0,Monday,9,1,351,0.017045454545454544,1.0,1.0,1.0,194,2.437181818181818,4.0321636400026275,4,4,4,444,Champions
13199.0,8,21,3733.6,61.20655737704918,41,1140,5.833333333333333,54.285714285714285,Thursday,14,1,358,0.0584958217270195,4.0,6.0,7.0,41,3.6363934426229507,3.3508188217145194,4,4,4,444,Champions
13200.0,19,4,726.57,16.512954545454548,42,412,2.441860465116279,103.0,Friday,14,1,107,0.037037037037037035,2.0,2.0,3.0,42,3.4572727272727275,3.0814670046317634,3,3,3,333,Loyal
13203.0,10,4,848.58,15.428727272727274,54,728,4.277777777777778,182.0,Monday,13,1,232,0.017167381974248927,1.0,2.0,2.0,54,2.3772727272727274,5.420565589782241,4,3,3,433,Regular
13207.0,15,2,250.26000000000002,31.282500000000002,7,130,19.285714285714285,65.0,Tuesday,11,1,135,0.014705882352941176,1.0,1.0,1.0,7,2.2912500000000002,1.8192654522400753,4,2,1,421,At Risk
13208.0,59,6,1172.65,7.977210884353742,124,767,1.6986301369863013,127.83333333333333,Tuesday,12,1,250,0.02390438247011952,0.0,2.0,2.0,124,2.319251700680272,2.2080339263187243,2,4,3,243,Regular
13209.0,30,7,5269.01,17.50501661129568,238,3361,1.0966666666666667,480.14285714285717,Tuesday,11,1,331,0.02108433734939759,2.0,2.0,2.0,238,2.3717275747508304,2.3920041120791926,3,4,4,344,Loyal
13210.0,94,1,293.0,14.65,20,220,0.0,220.0,Wednesday,8,1,0,1.0,0.0,0.0,0.0,20,1.6,1.0117728057851307,2,1,2,212,At Risk
13211.0,10,3,483.42,9.478823529411764,43,594,7.0,198.0,Monday,17,1,350,0.008547008547008548,1.0,1.0,1.0,43,1.3307843137254902,1.4820321766240505,4,3,2,432,Regular
13212.0,20,3,786.83,5.580354609929079,128,309,0.29285714285714287,103.0,Sunday,12,1,41,0.07142857142857142,1.0,1.0,3.0,128,3.7629078014184403,3.5570882030525817,3,3,3,333,Loyal
13213.0,57,5,1338.58,16.94405063291139,73,792,1.8076923076923077,158.4,Friday,11,1,142,0.03496503496503497,0.0,1.0,1.0,73,3.0487341772151897,4.218540386500393,2,4,3,243,Regular
13216.0,268,1,10.5,10.5,1,5,0.0,5.0,Thursday,12,1,0,1.0,0.0,0.0,0.0,1,2.1,0.0,1,1,1,111,Regular
13217.0,122,1,52.02,52.02,1,18,0.0,18.0,Tuesday,15,1,0,1.0,0.0,0.0,0.0,1,2.89,0.0,2,1,1,211,At Risk
13218.0,127,1,56.76,14.19,4,60,0.0,60.0,Thursday,16,1,0,1.0,0.0,0.0,0.0,4,1.1099999999999999,0.5782732917920383,2,1,1,211,At Risk
13220.0,78,4,819.2900000000001,39.01380952380953,18,196,7.85,49.0,Wednesday,11,1,158,0.025157232704402517,0.0,0.0,1.0,18,4.531904761904762,3.948152250164144,2,3,3,233,Regular
13221.0,240,2,847.41,12.839545454545455,62,244,1.8307692307692307,122.0,Wednesday,13,1,119,0.016666666666666666,0.0,0.0,0.0,62,5.01439393939394,3.3317152564582333,1,2,3,123,Regular
13223.0,200,1,62.4,15.6,4,40,0.0,40.0,Monday,13,1,0,1.0,0.0,0.0,0.0,4,1.925,1.2203141671990319,1,1,1,111,Regular
13224.0,60,2,1892.92,18.74178217821782,95,955,0.91,477.5,Monday,14,1,91,0.021739130434782608,0.0,1.0,1.0,95,2.433960396039604,2.1605328413185116,2,2,4,224,At Risk
13226.0,273,1,108.21000000000001,6.7631250000000005,16,80,0.0,80.0,Friday,14,1,0,1.0,0.0,0.0,0.0,16,2.711875,3.47880097878565,1,1,1,111,Regular
13227.0,202,1,257.7,28.633333333333333,9,99,0.0,99.0,Sunday,11,1,0,1.0,0.0,0.0,0.0,9,2.5999999999999996,1.5678408720275152,1,1,2,112,Regular
13229.0,226,1,160.95,16.095,10,63,0.0,63.0,Thursday,12,1,0,1.0,0.0,0.0,0.0,10,4.0600000000000005,3.2401817507321677,1,1,1,111,Regular
13230.0,4,14,2696.95,4.610170940170939,392,1481,0.6061643835616438,105.78571428571429,Thursday,19,1,360,0.038781163434903045,2.0,2.0,2.0,392,2.4236752136752133,2.66191113440774,4,4,4,444,Champions
13232.0,13,7,1262.11,6.310549999999999,145,601,1.1457286432160805,85.85714285714286,Sunday,13,1,230,0.030303030303030304,2.0,2.0,2.0,145,3.2416,3.0795433714894194,4,4,3,443,Champions
13233.0,74,2,477.2,14.460606060606061,33,572,8.15625,286.0,Monday,13,1,261,0.007633587786259542,0.0,0.0,1.0,33,0.8687878787878788,0.45719769777251157,2,2,2,222,At Risk
13235.0,212,1,955.47,16.762631578947367,52,405,0.0,405.0,Wednesday,17,1,0,1.0,0.0,0.0,0.0,52,2.7250877192982457,2.485041766541084,1,1,3,113,Regular
13236.0,25,2,695.53,20.456764705882353,32,332,2.484848484848485,166.0,Thursday,8,1,82,0.024096385542168676,1.0,1.0,1.0,32,4.235294117647059,3.672059314314399,3,2,3,323,At Risk
13238.0,23,3,596.73,19.891000000000002,20,248,11.586206896551724,82.66666666666667,Wednesday,16,1,337,0.008875739644970414,1.0,1.0,1.0,20,4.178333333333333,5.129147326686042,3,3,3,333,Loyal
13239.0,262,1,292.12,15.374736842105264,19,231,0.0,231.0,Wednesday,10,1,0,1.0,0.0,0.0,0.0,19,1.7173684210526317,1.3507974685975654,1,1,2,112,Regular
13240.0,96,4,663.65,9.905223880597015,59,298,4.0606060606060606,74.5,Sunday,15,1,269,0.014814814814814815,0.0,0.0,0.0,59,3.3132835820895523,2.7347258397072878,2,3,3,233,Regular
13242.0,112,3,270.40000000000003,20.800000000000004,12,130,8.416666666666666,43.333333333333336,Friday,12,1,101,0.029411764705882353,0.0,0.0,0.0,12,2.08,0.0,2,3,2,232,Regular
13243.0,203,1,585.12,10.265263157894736,56,232,0.0,232.0,Friday,13,1,0,1.0,0.0,0.0,0.0,56,3.4185964912280706,3.254714404080691,1,1,3,113,Regular
13244.0,93,1,121.74000000000001,4.508888888888889,27,38,0.0,38.0,Thursday,11,1,0,1.0,0.0,0.0,0.0,27,3.747777777777778,2.447152714943718,2,1,1,211,At Risk
13245.0,51,1,430.5,26.90625,16,125,0.0,125.0,Thursday,11,1,0,1.0,0.0,1.0,1.0,16,6.23125,4.4682164599908685,3,1,2,312,At Risk
13246.0,18,6,901.98,7.333170731707317,108,625,2.5491803278688523,104.16666666666667,Thursday,12,1,312,0.019169329073482427,1.0,1.0,1.0,108,1.9280487804878048,1.9559613202017956,4,4,3,443,Champions
13247.0,18,4,474.71999999999997,19.779999999999998,17,280,2.739130434782609,70.0,Sunday,11,1,64,0.06153846153846154,2.0,3.0,4.0,17,2.1725,1.5799071244029284,4,3,2,432,Regular
13248.0,125,2,446.96,17.8784,24,257,2.6666666666666665,128.5,Friday,13,1,64,0.03076923076923077,0.0,0.0,0.0,24,2.7792000000000003,2.522136858565239,2,2,2,222,At Risk
13249.0,93,1,127.73,6.722631578947369,19,66,0.0,66.0,Wednesday,16,1,0,1.0,0.0,0.0,0.0,19,3.8889473684210527,3.617044365434362,2,1,1,211,At Risk
13253.0,157,2,419.96,19.99809523809524,21,324,9.1,162.0,Tuesday,15,1,182,0.01092896174863388,0.0,0.0,0.0,21,1.5985714285714285,2.1227488916833424,1,2,2,122,Regular
13255.0,9,2,309.51,25.7925,12,105,33.09090909090909,52.5,Wednesday,13,1,364,0.005479452054794521,1.0,1.0,1.0,12,5.269166666666666,4.455481727517511,4,2,2,422,At Risk
13258.0,12,3,533.23,15.683235294117647,28,210,5.848484848484849,70.0,Wednesday,13,1,193,0.015463917525773196,2.0,2.0,2.0,28,3.6564705882352944,2.5434501530257907,4,3,2,432,Regular
13259.0,62,1,283.18,3.4960493827160493,77,126,0.0,126.0,Sunday,10,1,0,1.0,0.0,0.0,1.0,77,2.3665432098765433,1.8900583063055403,2,1,2,212,At Risk
13260.0,61,1,380.92,63.48666666666667,6,52,0.0,52.0,Sunday,13,1,0,1.0,0.0,0.0,1.0,6,5.956666666666667,3.5916941220915044,2,1,2,212,At Risk
13261.0,269,2,772.5,110.35714285714286,6,122,2.8333333333333335,61.0,Sunday,10,1,17,0.1111111111111111,0.0,0.0,0.0,6,6.485714285714286,1.2283845372799884,1,2,3,123,Regular
13262.0,263,1,200.29,18.208181818181817,11,125,0.0,125.0,Monday,15,1,0,1.0,0.0,0.0,0.0,11,3.092727272727273,3.0956779254602407,1,1,1,111,Regular
13263.0,1,35,7184.31,4.338351449275363,445,4310,0.18489425981873112,123.14285714285714,Tuesday,13,1,323,0.10802469135802469,4.0,9.0,12.0,445,2.2590942028985506,2.0094995004925895,4,4,4,444,Champions
13265.0,53,5,1482.6200000000001,18.080731707317074,60,1076,2.7037037037037037,215.2,Friday,9,1,220,0.02262443438914027,0.0,1.0,2.0,60,2.531341463414634,3.2150190607484133,2,4,4,244,Regular
13266.0,11,12,2442.06,16.172582781456953,67,1900,1.6066666666666667,158.33333333333334,Thursday,11,1,245,0.04878048780487805,2.0,3.0,4.0,67,2.2076158940397352,4.633828181048477,4,4,4,444,Champions
13267.0,3,19,4417.49,21.44412621359223,88,1809,1.7463414634146341,95.21052631578948,Wednesday,11,1,364,0.052054794520547946,3.0,4.0,4.0,88,3.5801941747572816,2.746593270992009,4,4,4,444,Champions
13268.0,18,10,2878.21,6.918774038461539,248,2806,0.5927710843373494,280.6,Thursday,11,1,249,0.04,2.0,3.0,4.0,248,1.601298076923077,2.3336398474147795,4,4,4,444,Champions
13269.0,1,15,4751.56,15.63013157894737,172,2873,1.2013201320132014,191.53333333333333,Sunday,12,1,368,0.04065040650406504,4.0,4.0,7.0,172,2.6051315789473684,2.405967549784627,4,4,4,444,Champions
13271.0,37,1,211.49,2.430919540229885,79,240,0.0,240.0,Wednesday,14,1,0,1.0,0.0,1.0,1.0,79,1.2660919540229885,1.273753249371065,3,1,1,311,At Risk
13272.0,31,2,276.56,18.437333333333335,15,96,4.142857142857143,48.0,Sunday,12,1,58,0.03389830508474576,0.0,1.0,2.0,15,5.339333333333333,3.7398614692958625,3,2,2,322,At Risk
13273.0,113,1,128.54,8.569333333333333,15,117,0.0,117.0,Thursday,14,1,0,1.0,0.0,0.0,0.0,15,1.3653333333333333,1.014845988784693,2,1,1,211,At Risk
13276.0,64,2,590.9300000000001,19.69766666666667,30,161,1.2413793103448276,80.5,Friday,12,1,36,0.05405405405405406,0.0,0.0,1.0,30,5.097666666666667,3.005814690566102,2,2,3,223,At Risk
13277.0,16,3,159.4,26.566666666666666,4,116,23.4,38.666666666666664,Thursday,9,1,117,0.025423728813559324,1.0,1.0,1.0,4,1.3833333333333335,0.20655911179772887,4,3,1,431,Regular
13278.0,41,1,474.81,10.791136363636364,44,417,0.0,417.0,Sunday,11,1,0,1.0,0.0,1.0,1.0,44,1.9868181818181818,2.3794769532030613,3,1,2,312,At Risk
13279.0,78,1,137.75,15.305555555555555,9,73,0.0,73.0,Thursday,17,1,0,1.0,0.0,0.0,1.0,9,2.6033333333333335,1.6357567056258704,2,1,1,211,At Risk
13280.0,122,3,790.9,9.764197530864196,66,482,2.6625,160.66666666666666,Thursday,16,1,214,0.013953488372093023,0.0,0.0,0.0,66,2.5971604938271606,2.3272264793998354,2,3,3,233,Regular
13282.0,18,3,1132.14,30.59837837837838,29,307,5.611111111111111,102.33333333333333,Monday,15,1,202,0.014778325123152709,1.0,1.0,1.0,29,4.676216216216217,3.4569771247205034,4,3,3,433,Regular
13283.0,60,2,93.66,13.379999999999999,7,90,20.833333333333332,45.0,Tuesday,9,1,125,0.015873015873015872,0.0,1.0,1.0,7,1.3071428571428572,0.8122543584722356,2,2,1,221,At Risk
13284.0,331,1,201.19,15.476153846153846,13,91,0.0,91.0,Thursday,9,1,0,1.0,0.0,0.0,0.0,13,4.397692307692308,3.8632653585754673,1,1,1,111,Regular
13285.0,23,4,2709.12,14.487272727272726,157,2051,1.424731182795699,512.75,Wednesday,13,1,266,0.0149812734082397,1.0,1.0,1.0,157,2.1348663101604277,2.578596425391474,3,3,4,334,Loyal
13291.0,156,1,361.11,8.597857142857142,41,233,0.0,233.0,Thursday,10,1,0,1.0,0.0,0.0,0.0,41,2.6642857142857146,2.5479778140255753,1,1,2,112,Regular
13292.0,39,2,548.7,18.290000000000003,28,299,8.448275862068966,149.5,Tuesday,10,1,245,0.008130081300813009,0.0,1.0,1.0,28,3.8366666666666664,4.1559839146525315,3,2,2,322,At Risk
13294.0,190,2,873.74,16.18037037037037,48,453,1.1132075471698113,226.5,Monday,12,1,59,0.03333333333333333,0.0,0.0,0.0,48,3.6888888888888887,2.790075177635066,1,2,3,123,Regular
13295.0,360,1,201.20000000000002,20.12,10,82,0.0,82.0,Wednesday,11,1,0,1.0,0.0,0.0,0.0,10,3.4899999999999998,2.548071165934474,1,1,1,111,Regular
13296.0,137,1,87.4,17.48,5,78,0.0,78.0,Monday,13,1,0,1.0,0.0,0.0,0.0,5,2.408,3.4378583449583844,2,1,1,211,At Risk
13297.0,8,4,1658.09,31.284716981132075,47,635,1.1346153846153846,158.75,Monday,15,1,59,0.06666666666666667,3.0,3.0,4.0,47,3.1569811320754715,2.0926368946174296,4,3,4,434,Regular
13298.0,1,1,90.0,90.0,1,24,0.0,24.0,Thursday,13,1,0,1.0,1.0,1.0,1.0,1,3.75,0.0,4,1,1,411,At Risk
13299.0,268,1,142.5,28.5,5,30,0.0,30.0,Wednesday,12,1,0,1.0,0.0,0.0,0.0,5,4.75,3.0331501776206196,1,1,1,111,Regular
13300.0,169,1,371.89,18.5945,20,203,0.0,203.0,Thursday,13,1,0,1.0,0.0,0.0,0.0,20,2.3865,1.441929536930874,1,1,2,112,Regular
13301.0,104,4,587.49,7.343625,75,309,2.367088607594937,77.25,Sunday,13,1,188,0.021164021164021163,0.0,0.0,0.0,75,2.66,2.1609907479344352,2,3,3,233,Regular
13302.0,155,1,63.75,63.75,1,5,0.0,5.0,Thursday,17,1,0,1.0,0.0,0.0,0.0,1,12.75,0.0,1,1,1,111,Regular
13304.0,351,1,275.7,14.510526315789473,19,154,0.0,154.0,Thursday,14,1,0,1.0,0.0,0.0,0.0,19,3.4636842105263157,3.5043262318427613,1,1,2,112,Regular
13305.0,4,10,1592.8600000000001,22.434647887323944,48,752,5.2,75.2,Friday,10,1,368,0.02710027100271003,2.0,2.0,2.0,48,3.715915492957746,3.2484046974585574,4,4,4,444,Champions
13307.0,120,1,15.0,15.0,1,4,0.0,4.0,Thursday,17,1,0,1.0,0.0,0.0,0.0,1,3.75,0.0,2,1,1,211,At Risk
13308.0,23,3,1175.63,22.60826923076923,47,519,3.5294117647058822,173.0,Friday,13,1,180,0.016574585635359115,1.0,2.0,2.0,47,3.051346153846154,1.9395249356136854,3,3,3,333,Loyal
13309.0,7,5,1399.73,13.858712871287128,78,1334,3.0,266.8,Friday,12,1,301,0.016556291390728478,1.0,2.0,3.0,78,1.6982178217821784,1.7581953225052125,4,4,4,444,Champions
13310.0,28,3,1132.03,15.722638888888888,65,587,4.154929577464789,195.66666666666666,Wednesday,14,1,296,0.010101010101010102,1.0,1.0,1.0,65,3.2480555555555557,2.692390758576866,3,3,3,333,Loyal
13311.0,4,2,488.57000000000005,20.357083333333335,23,217,6.304347826086956,108.5,Tuesday,14,1,145,0.0136986301369863,1.0,1.0,1.0,23,4.36,4.29399682063834,4,2,2,422,At Risk
13313.0,22,5,1475.1200000000001,19.40947368421053,47,783,4.213333333333333,156.6,Thursday,10,1,317,0.015723270440251572,1.0,2.0,2.0,47,2.158157894736842,0.9407468104668273,3,4,4,344,Loyal
13314.0,2,3,775.94,12.515161290322581,55,560,1.1639344262295082,186.66666666666666,Tuesday,10,1,72,0.0410958904109589,1.0,1.0,3.0,55,3.1879032258064517,3.265162932242094,4,3,3,433,Regular
13316.0,37,4,685.49,13.989591836734695,46,348,4.5,87.0,Sunday,11,1,217,0.01834862385321101,0.0,1.0,2.0,46,2.83265306122449,2.4895345745659334,3,3,3,333,Loyal
13317.0,66,6,2232.88,18.153495934959352,99,987,2.3852459016393444,164.5,Tuesday,13,1,292,0.020477815699658702,0.0,0.0,1.0,99,4.026829268292683,3.3808058300907615,2,4,4,244,Regular
13318.0,1,3,531.44,29.52444444444445,13,220,2.0588235294117645,73.33333333333333,Wednesday,13,1,36,0.08108108108108109,2.0,3.0,3.0,13,3.0388888888888888,2.6728875966967194,4,3,2,432,Regular
13319.0,5,26,10179.79,21.845042918454936,205,4254,0.7569892473118279,163.6153846153846,Thursday,10,1,360,0.07202216066481995,5.0,5.0,7.0,205,3.314055793991416,2.534880046174422,4,4,4,444,Champions
13320.0,78,4,1532.2,14.592380952380953,77,1086,1.2980769230769231,271.5,Thursday,10,1,135,0.029411764705882353,0.0,0.0,1.0,77,1.8146666666666667,1.1103248542887267,2,3,4,234,Regular
13321.0,86,1,259.04,28.782222222222224,9,140,0.0,140.0,Wednesday,15,1,0,1.0,0.0,0.0,1.0,9,2.3177777777777777,1.9223928954416276,2,1,2,212,At Risk
13322.0,17,1,199.48000000000002,7.9792000000000005,25,117,0.0,117.0,Tuesday,14,1,0,1.0,1.0,1.0,1.0,25,2.7704000000000004,1.642996449580258,4,1,1,411,At Risk
13323.0,3,5,583.85,29.192500000000003,6,127,4.2105263157894735,25.4,Friday,13,1,81,0.06097560975609756,3.0,4.0,5.0,6,4.5649999999999995,0.35729244987382824,4,4,3,443,Champions
13324.0,36,9,2283.75,81.5625,13,501,11.925925925925926,55.666666666666664,Monday,12,1,324,0.027692307692307693,0.0,1.0,3.0,13,5.021428571428571,3.585527198475182,3,4,4,344,Loyal
13325.0,82,1,471.3,47.13,10,160,0.0,160.0,Monday,10,1,0,1.0,0.0,0.0,1.0,10,3.124,2.0060752173778975,2,1,2,212,At Risk
13327.0,39,8,2763.27,28.7840625,73,1180,3.4,147.5,Tuesday,15,1,326,0.024464831804281346,0.0,1.0,1.0,73,2.861458333333333,2.0400650036943055,3,4,4,344,Loyal
13328.0,316,1,235.68,29.46,8,152,0.0,152.0,Thursday,15,1,0,1.0,0.0,0.0,0.0,8,1.65875,0.9443279923537463,1,1,1,111,Regular
13329.0,32,2,443.87999999999994,36.989999999999995,12,223,30.454545454545453,111.5,Wednesday,10,1,335,0.005952380952380952,0.0,1.0,1.0,12,2.5425,3.0042670411508783,3,2,2,322,At Risk
13330.0,93,3,1005.33,20.516938775510205,35,571,4.645833333333333,190.33333333333334,Thursday,12,1,223,0.013392857142857142,0.0,0.0,0.0,35,2.1020408163265305,1.7799426250020869,2,3,3,233,Regular
13332.0,14,1,350.90000000000003,16.709523809523812,21,179,0.0,179.0,Friday,13,1,0,1.0,1.0,1.0,1.0,21,3.0352380952380953,2.622263562359091,4,1,2,412,At Risk
13334.0,82,3,3420.7200000000003,12.957272727272729,207,1732,0.844106463878327,577.3333333333334,Monday,11,1,223,0.013392857142857142,0.0,0.0,1.0,207,2.9068181818181817,2.1538681511280644,2,3,4,234,Regular
13336.0,77,1,781.2,15.624,50,511,0.0,511.0,Friday,14,1,0,1.0,0.0,0.0,1.0,50,2.5465999999999998,2.1762818038562743,2,1,3,213,At Risk
13338.0,158,1,447.42,24.85666666666667,18,184,0.0,184.0,Tuesday,9,1,0,1.0,0.0,0.0,0.0,18,6.91,11.801326944333795,1,1,2,112,Regular
13339.0,201,1,860.12,15.928148148148148,54,326,0.0,326.0,Monday,8,1,0,1.0,0.0,0.0,0.0,54,5.235555555555556,4.234420352689425,1,1,3,113,Regular
13340.0,45,6,2440.96,42.085517241379314,53,900,4.035087719298246,150.0,Tuesday,11,1,231,0.02586206896551724,0.0,2.0,2.0,53,3.396034482758621,2.7612017086737906,3,4,4,344,Loyal
13341.0,261,1,775.85,18.472619047619048,42,301,0.0,301.0,Thursday,9,1,0,1.0,0.0,0.0,0.0,42,4.182142857142857,3.539736476145857,1,1,3,113,Regular
13343.0,178,1,353.43,18.60157894736842,19,135,0.0,135.0,Wednesday,12,1,0,1.0,0.0,0.0,0.0,19,6.25421052631579,10.974297910111748,1,1,2,112,Regular
13344.0,68,3,2511.69,21.6525,115,952,1.817391304347826,317.3333333333333,Monday,10,1,209,0.014285714285714285,0.0,0.0,2.0,115,5.069827586206896,13.793525070954797,2,3,4,234,Regular
13345.0,288,1,389.5,19.475,20,141,0.0,141.0,Friday,9,1,0,1.0,0.0,0.0,0.0,20,5.6450000000000005,10.729777797277416,1,1,2,112,Regular
13347.0,70,1,198.8,39.760000000000005,5,97,0.0,97.0,Friday,13,1,0,1.0,0.0,0.0,1.0,5,11.24,21.668190972021637,2,1,1,211,At Risk
13348.0,64,1,233.76000000000002,16.697142857142858,14,136,0.0,136.0,Thursday,17,1,0,1.0,0.0,0.0,1.0,14,2.2057142857142855,1.7206649621840715,2,1,1,211,At Risk
13349.0,11,1,247.32,15.4575,16,225,0.0,225.0,Tuesday,8,1,0,1.0,1.0,1.0,1.0,16,4.02625,12.26752562662903,4,1,1,411,At Risk
13350.0,16,2,979.12,24.478,36,287,1.6153846153846154,143.5,Wednesday,13,1,63,0.03125,1.0,1.0,2.0,36,8.31575,12.502094980852466,4,2,3,423,At Risk
13351.0,66,1,373.94,23.37125,16,117,0.0,117.0,Tuesday,12,1,0,1.0,0.0,0.0,1.0,16,6.498125,11.708425580894014,2,1,2,212,At Risk
13352.0,60,1,397.98,16.5825,24,321,0.0,321.0,Monday,13,1,0,1.0,0.0,1.0,1.0,24,3.779583333333333,10.043557519371687,2,1,2,212,At Risk
13354.0,71,1,701.41,14.612708333333332,48,496,0.0,496.0,Thursday,13,1,0,1.0,0.0,0.0,1.0,48,1.9397916666666666,1.6499239048646976,2,1,3,213,At Risk
13355.0,122,1,633.9,20.448387096774194,31,266,0.0,266.0,Tuesday,14,1,0,1.0,0.0,0.0,0.0,31,2.7864516129032255,1.8684638046393383,2,1,3,213,At Risk
13356.0,80,1,768.24,18.291428571428572,42,325,0.0,325.0,Tuesday,14,1,0,1.0,0.0,0.0,1.0,42,4.316190476190476,4.165550912167358,2,1,3,213,At Risk
13357.0,257,1,568.6,6.461363636363637,84,273,0.0,273.0,Sunday,13,1,0,1.0,0.0,0.0,0.0,84,2.9678409090909095,2.7792492366153034,1,1,2,112,Regular
13358.0,269,1,420.31,15.011071428571428,28,237,0.0,237.0,Wednesday,11,1,0,1.0,0.0,0.0,0.0,28,5.171428571428572,9.190083913003315,1,1,2,112,Regular
13359.0,64,1,439.56,19.11130434782609,23,161,0.0,161.0,Friday,9,1,0,1.0,0.0,0.0,1.0,23,5.8,9.996402534730363,2,1,2,212,At Risk
13362.0,9,4,3029.14,18.470365853658535,126,1302,1.6993865030674846,325.5,Friday,11,1,278,0.014336917562724014,1.0,2.0,2.0,126,3.5328048780487804,2.639439787368089,4,3,4,434,Regular
13363.0,18,2,959.74,16.547241379310346,45,626,0.45614035087719296,313.0,Thursday,10,1,26,0.07407407407407407,1.0,2.0,2.0,45,3.9562068965517243,8.989427674849779,4,2,3,423,At Risk
13364.0,71,1,134.96,13.496,10,71,0.0,71.0,Thursday,18,1,0,1.0,0.0,0.0,1.0,10,2.598,1.958467654967923,2,1,1,211,At Risk
13365.0,34,2,2225.37,17.385703125,122,1247,1.4488188976377954,623.5,Sunday,12,1,184,0.010810810810810811,0.0,1.0,1.0,122,3.115703125,3.336480932589524,3,2,4,324,At Risk
13368.0,257,2,609.48,21.767142857142858,28,279,2.962962962962963,139.5,Monday,9,1,80,0.024691358024691357,0.0,0.0,0.0,28,5.082857142857143,9.453206728952743,1,2,3,123,Regular
13369.0,366,1,268.28000000000003,20.63692307692308,13,117,0.0,117.0,Thursday,11,1,0,1.0,0.0,0.0,0.0,13,6.951538461538462,13.176915955661404,1,1,2,112,Regular
13370.0,372,1,740.95,19.498684210526317,38,295,0.0,295.0,Friday,10,1,0,1.0,0.0,0.0,0.0,38,3.818421052631579,3.0479816328415437,1,1,3,113,Regular
13372.0,90,1,378.64,16.46260869565217,23,159,0.0,159.0,Sunday,12,1,0,1.0,0.0,0.0,1.0,23,6.020434782608696,10.077413303684663,2,1,2,212,At Risk
13373.0,61,3,3165.67,20.42367741935484,132,1509,1.3896103896103895,503.0,Monday,12,1,215,0.013888888888888888,0.0,0.0,1.0,132,3.3099354838709676,2.884823588829616,2,3,4,234,Regular
13375.0,89,1,657.9300000000001,18.798000000000002,35,354,0.0,354.0,Monday,10,1,0,1.0,0.0,0.0,1.0,35,3.232857142857143,3.005294907158297,2,1,3,213,At Risk
13376.0,99,3,1019.76,19.240754716981133,45,493,2.576923076923077,164.33333333333334,Tuesday,13,1,135,0.022058823529411766,0.0,0.0,0.0,45,5.379811320754717,11.271946711017721,2,3,3,233,Regular
13379.0,26,3,572.56,5.902680412371134,85,601,1.1354166666666667,200.33333333333334,Sunday,15,1,110,0.02702702702702703,1.0,1.0,2.0,85,1.7503092783505154,1.893786690298175,3,3,2,332,Loyal
13381.0,32,6,3519.55,21.075149700598804,75,1765,1.5963855421686748,294.1666666666667,Monday,11,1,267,0.022388059701492536,0.0,1.0,2.0,75,3.1265868263473053,2.4198682560114544,3,4,4,344,Loyal
13382.0,281,1,222.99,14.866000000000001,15,131,0.0,131.0,Friday,10,1,0,1.0,0.0,0.0,0.0,15,2.7520000000000002,2.7311645867651406,1,1,1,111,Regular
13384.0,31,7,3150.91,22.5065,120,1694,1.0431654676258992,242.0,Tuesday,12,1,147,0.0472972972972973,0.0,2.0,5.0,120,3.317214285714286,3.3840769902668355,3,4,4,344,Loyal
13385.0,330,1,534.57,15.273428571428573,35,281,0.0,281.0,Friday,9,1,0,1.0,0.0,0.0,0.0,35,4.533142857142857,5.180573311124239,1,1,2,112,Regular
13388.0,131,2,677.1,19.345714285714287,35,282,0.0,141.0,Sunday,12,1,0,2.0,0.0,0.0,0.0,35,4.5608571428571425,8.334313681270649,2,2,3,223,At Risk
13389.0,11,3,797.96,15.646274509803922,50,429,4.4,143.0,Monday,9,1,221,0.013513513513513514,1.0,1.0,2.0,50,3.844901960784314,3.4591775742502837,4,3,3,433,Regular
13390.0,75,1,424.08,38.552727272727275,11,128,0.0,128.0,Monday,8,1,0,1.0,0.0,0.0,1.0,11,3.39,2.5052744360648393,2,1,2,212,At Risk
13391.0,204,1,59.8,59.8,1,4,0.0,4.0,Friday,10,1,0,1.0,0.0,0.0,0.0,1,14.95,0.0,1,1,1,111,Regular
13394.0,2,8,2030.54,14.19958041958042,115,1832,2.147887323943662,229.0,Thursday,10,1,308,0.025889967637540454,1.0,2.0,3.0,115,1.6836363636363636,1.7100368769001781,4,4,4,444,Champions
13395.0,185,1,299.08,14.953999999999999,20,228,0.0,228.0,Tuesday,15,1,0,1.0,0.0,0.0,0.0,20,2.856,3.7390983996286136,1,1,2,112,Regular
13396.0,29,2,1178.0900000000001,30.2074358974359,38,442,7.631578947368421,221.0,Thursday,16,1,290,0.006872852233676976,1.0,1.0,1.0,38,4.153846153846154,4.4836707326549305,3,2,3,323,At Risk
13397.0,73,5,1381.41,37.33540540540541,28,382,7.333333333333333,76.4,Thursday,15,1,266,0.018726591760299626,0.0,0.0,1.0,28,4.016486486486487,2.8998344935685707,2,4,4,244,Regular
13398.0,192,1,443.42,17.736800000000002,25,233,0.0,233.0,Tuesday,13,1,0,1.0,0.0,0.0,0.0,25,3.5551999999999997,2.9359341500335687,1,1,2,112,Regular
13402.0,127,2,621.23,15.92897435897436,32,479,6.421052631578948,239.5,Thursday,15,1,244,0.00816326530612245,0.0,0.0,0.0,32,1.97974358974359,2.1342945181999493,2,2,3,223,At Risk
13403.0,18,1,30.0,15.0,2,8,0.0,8.0,Tuesday,8,1,0,1.0,1.0,1.0,1.0,2,3.75,0.0,4,1,1,411,At Risk
13404.0,1,2,252.49,22.953636363636363,11,111,21.1,55.5,Wednesday,11,1,211,0.009433962264150943,1.0,1.0,1.0,11,2.900909090909091,2.057306270565735,4,2,2,422,At Risk
13405.0,74,3,572.451,21.201888888888888,25,165,9.346153846153847,55.0,Thursday,16,1,243,0.012295081967213115,0.0,0.0,1.0,25,5.427814814814814,4.105517919515684,2,3,2,232,Regular
13408.0,2,53,10926.1,39.30251798561151,140,4352,1.2779783393501805,82.11320754716981,Wednesday,12,1,371,0.1424731182795699,8.0,13.0,18.0,140,3.085179856115108,3.157427859754941,4,4,4,444,Champions
13410.0,24,4,588.34,28.016190476190477,13,266,13.3,66.5,Monday,14,1,267,0.014925373134328358,1.0,1.0,2.0,13,2.7057142857142855,1.895622777423218,3,3,3,333,Loyal
13411.0,107,1,213.55,11.863888888888889,17,72,0.0,72.0,Wednesday,13,1,0,1.0,0.0,0.0,0.0,17,3.263888888888889,2.333377100429859,2,1,1,211,At Risk
13414.0,134,2,568.5,25.84090909090909,22,374,1.0952380952380953,187.0,Friday,11,1,23,0.08333333333333333,0.0,0.0,0.0,22,1.9454545454545453,1.3781862728228733,2,2,2,222,At Risk
13416.0,44,2,712.5,37.5,11,142,2.0555555555555554,71.0,Monday,14,1,37,0.05263157894736842,0.0,1.0,2.0,11,5.455263157894737,1.674638828129326,3,2,3,323,At Risk
13417.0,5,2,640.83,22.886785714285715,26,162,7.407407407407407,81.0,Monday,8,1,200,0.009950248756218905,1.0,1.0,1.0,26,6.356428571428571,4.103021663662863,4,2,3,423,At Risk
13418.0,12,18,5530.61,18.940445205479453,212,3288,1.2164948453608246,182.66666666666666,Friday,14,1,360,0.04986149584487535,1.0,1.0,3.0,212,3.019931506849315,7.599176976287764,4,4,4,444,Champions
13419.0,64,1,221.06,13.81625,16,275,0.0,275.0,Friday,12,1,0,1.0,0.0,0.0,1.0,16,1.011875,0.8119870175481052,2,1,1,211,At Risk
13420.0,150,2,159.85,19.98125,8,101,2.857142857142857,50.5,Wednesday,11,1,20,0.09523809523809523,0.0,0.0,0.0,8,3.5425,4.550484275641126,1,2,1,121,Regular
13421.0,40,2,1579.79,16.286494845360824,84,856,2.59375,428.0,Tuesday,15,1,249,0.008,0.0,1.0,1.0,84,2.1656701030927836,1.6537337220265227,3,2,4,324,At Risk
13422.0,64,1,2574.1,20.429365079365077,126,1290,0.0,1290.0,Thursday,13,1,0,1.0,0.0,0.0,1.0,126,3.043174603174603,2.7873220555346383,2,1,4,214,At Risk
13425.0,108,3,1157.65,16.537857142857145,59,739,2.6956521739130435,246.33333333333334,Friday,8,1,186,0.016042780748663103,0.0,0.0,0.0,59,2.787857142857143,2.9193824505089334,2,3,3,233,Regular
13426.0,1,10,3098.12,20.517350993377484,101,1999,2.36,199.9,Friday,12,1,358,0.027855153203342618,3.0,3.0,5.0,101,1.8680132450331126,2.046850921087496,4,4,4,444,Champions
13427.0,19,3,465.24,18.6096,21,365,8.125,121.66666666666667,Sunday,12,1,195,0.015306122448979591,1.0,1.0,1.0,21,1.8056,2.0510263284511976,3,3,2,332,Loyal
13428.0,10,1,201.78,2.8419718309859157,70,151,0.0,151.0,Tuesday,14,1,0,1.0,1.0,1.0,1.0,70,1.8792957746478873,1.9172564654017332,4,1,1,411,At Risk
13429.0,11,4,829.44,14.551578947368421,46,922,1.1071428571428572,230.5,Sunday,12,1,64,0.06153846153846154,1.0,3.0,4.0,46,1.368421052631579,1.8297363095282375,4,3,3,433,Regular
13430.0,19,2,642.25,14.272222222222222,44,551,1.5227272727272727,275.5,Wednesday,14,1,67,0.029411764705882353,1.0,1.0,2.0,44,1.7864444444444445,2.340352688607148,3,2,3,323,At Risk
13431.0,67,2,1003.9,22.81590909090909,43,504,0.4883720930232558,252.0,Monday,11,1,21,0.09090909090909091,0.0,0.0,2.0,43,3.285681818181818,2.9336098865004803,2,2,3,223,At Risk
13434.0,74,2,179.04000000000002,22.380000000000003,7,108,3.142857142857143,54.0,Sunday,10,1,22,0.08695652173913043,0.0,0.0,1.0,7,1.6025,0.8232297023657145,2,2,1,221,At Risk
13435.0,5,7,2114.16,26.76151898734177,60,784,2.3205128205128207,112.0,Sunday,15,1,183,0.03804347826086957,2.0,3.0,4.0,60,3.2682278481012657,2.4310247704618635,4,4,4,444,Champions
13436.0,2,1,196.89,16.4075,12,76,0.0,76.0,Thursday,10,1,0,1.0,1.0,1.0,1.0,12,5.829999999999999,5.384271707313981,4,1,1,411,At Risk
13437.0,14,7,3204.06,19.418545454545455,143,1203,1.0548780487804879,171.85714285714286,Thursday,14,1,175,0.03977272727272727,2.0,3.0,3.0,143,4.917333333333334,4.937089363391534,4,4,4,444,Champions
13439.0,255,1,273.27,5.156037735849056,53,206,0.0,206.0,Tuesday,14,1,0,1.0,0.0,0.0,0.0,53,1.7524528301886793,1.2433900707036902,1,1,2,112,Regular
13441.0,92,1,195.36,17.76,11,108,0.0,108.0,Friday,9,1,0,1.0,0.0,0.0,0.0,11,2.0845454545454545,1.2029244667589372,2,1,1,211,At Risk
13447.0,23,3,1129.14,19.137966101694918,55,584,0.20689655172413793,194.66666666666666,Sunday,11,1,12,0.23076923076923078,1.0,3.0,3.0,55,3.139830508474576,2.9337897648895073,3,3,3,333,Loyal
13448.0,17,6,3384.8500000000004,17.7217277486911,137,1512,1.868421052631579,252.0,Tuesday,12,1,357,0.01675977653631285,1.0,1.0,2.0,137,3.2293717277486915,2.559519203007645,4,4,4,444,Champions
13449.0,24,1,291.88,15.362105263157895,19,222,0.0,222.0,Wednesday,8,1,0,1.0,1.0,1.0,1.0,19,1.924736842105263,1.8907299249556526,3,1,2,312,At Risk
13450.0,27,6,1272.48,22.722857142857144,27,914,3.4363636363636365,152.33333333333334,Sunday,14,1,191,0.03125,1.0,1.0,2.0,27,1.751607142857143,1.1549274306768673,3,4,3,343,Loyal
13451.0,26,5,2847.2599999999998,6.606171693735498,315,2068,0.7116279069767442,413.6,Friday,15,1,308,0.016181229773462782,1.0,1.0,1.0,315,2.0537587006960556,1.850806053754954,3,4,4,344,Loyal
13452.0,259,2,590.0,295.0,1,2,11.0,1.0,Monday,11,1,11,0.16666666666666666,0.0,0.0,0.0,1,295.0,0.0,1,2,3,123,Regular
13453.0,166,2,356.98,20.998823529411766,16,134,7.6875,67.0,Monday,9,1,123,0.016129032258064516,0.0,0.0,0.0,16,4.546470588235294,3.4164984654915163,1,2,2,122,Regular
13455.0,25,2,1058.34,23.007391304347824,42,354,7.5777777777777775,177.0,Wednesday,13,1,341,0.005847953216374269,1.0,1.0,1.0,42,4.624347826086956,3.7426417599063857,3,2,3,323,At Risk
13456.0,18,6,1351.72,22.159344262295082,43,665,3.1166666666666667,110.83333333333333,Friday,15,1,189,0.031578947368421054,2.0,2.0,3.0,43,3.4360655737704917,3.520743898046039,4,4,4,444,Champions
13458.0,7,14,7949.17,22.266582633053222,236,4504,0.9719101123595506,321.7142857142857,Wednesday,10,1,352,0.039660056657223795,2.0,3.0,4.0,236,2.4819047619047616,2.129425269801284,4,4,4,444,Champions
13460.0,29,2,183.44,10.790588235294118,16,286,1.25,143.0,Friday,9,1,20,0.09523809523809523,1.0,2.0,2.0,16,1.06,1.199885411195586,3,2,1,321,At Risk
13461.0,39,3,329.8,32.980000000000004,7,166,13.777777777777779,55.333333333333336,Wednesday,10,1,124,0.024,0.0,1.0,1.0,7,1.9940000000000002,0.18130391918298713,3,3,2,332,Loyal
13462.0,253,1,151.5,16.833333333333332,9,62,0.0,62.0,Friday,11,1,0,1.0,0.0,0.0,0.0,9,3.388888888888889,2.3148674068099693,1,1,1,111,Regular
13464.0,58,1,674.68,16.45560975609756,41,403,0.0,403.0,Wednesday,15,1,0,1.0,0.0,1.0,1.0,41,3.205609756097561,3.158950813783342,2,1,3,213,At Risk
13466.0,184,1,243.10000000000002,17.364285714285717,14,125,0.0,125.0,Wednesday,16,1,0,1.0,0.0,0.0,0.0,14,3.3407142857142853,3.5412263505647394,1,1,1,111,Regular
13467.0,11,2,1071.91,10.937857142857144,89,580,0.25773195876288657,290.0,Thursday,16,1,25,0.07692307692307693,1.0,2.0,2.0,89,2.729591836734694,2.93340831930499,4,2,3,423,At Risk
13468.0,2,37,5035.49,17.484340277777775,176,2013,1.2264808362369337,54.4054054054054,Thursday,10,1,371,0.09946236559139784,4.0,6.0,8.0,176,4.246840277777777,3.3546063939043007,4,4,4,444,Champions
13470.0,99,2,165.0,16.5,7,100,1.6666666666666667,50.0,Tuesday,17,1,15,0.125,0.0,0.0,0.0,7,1.65,0.0,2,2,1,221,At Risk
13471.0,1,4,2470.64,9.765375494071145,213,1535,0.17857142857142858,383.75,Sunday,11,1,46,0.0851063829787234,3.0,4.0,4.0,213,2.4645059288537547,2.5401661169597594,4,3,4,434,Regular
13473.0,61,2,412.56,20.628,20,218,14.31578947368421,109.0,Tuesday,8,1,272,0.007326007326007326,0.0,0.0,1.0,20,3.904,3.936488416422888,2,2,2,222,At Risk
13474.0,236,1,226.84,3.658709677419355,59,129,0.0,129.0,Sunday,13,1,0,1.0,0.0,0.0,0.0,59,2.362096774193548,2.577850252615046,1,1,1,111,Regular
13475.0,191,4,1355.46,15.946588235294119,64,940,1.2619047619047619,235.0,Wednesday,12,1,107,0.037037037037037035,0.0,0.0,0.0,64,2.9101176470588235,3.7799563785961396,1,3,4,134,Regular
13476.0,179,2,1197.67,21.011754385964913,55,369,1.8214285714285714,184.5,Thursday,14,1,102,0.019417475728155338,0.0,0.0,0.0,55,8.934912280701754,22.616161898297978,1,2,3,123,Regular
13477.0,38,6,1412.34,18.8312,54,853,3.4054054054054053,142.16666666666666,Thursday,12,1,253,0.023622047244094488,0.0,2.0,2.0,54,2.6528,2.5605254739413748,3,4,4,344,Loyal
13479.0,201,2,300.95,20.063333333333333,14,134,2.357142857142857,67.0,Tuesday,11,1,33,0.058823529411764705,0.0,0.0,0.0,14,4.6466666666666665,3.3214920628852207,1,2,2,122,Regular
13481.0,46,5,1763.76,16.33111111111111,97,1094,1.9532710280373833,218.8,Tuesday,9,1,211,0.02358490566037736,0.0,1.0,1.0,97,2.298888888888889,1.8789872661669225,3,4,4,344,Loyal
13482.0,232,1,184.64000000000001,16.785454545454545,11,116,0.0,116.0,Thursday,17,1,0,1.0,0.0,0.0,0.0,11,2.439090909090909,1.7561859499805512,1,1,1,111,Regular
13483.0,66,1,140.34,14.034,10,160,0.0,160.0,Wednesday,11,1,0,1.0,0.0,0.0,1.0,10,1.0559999999999998,0.6166972965366035,2,1,1,211,At Risk
13484.0,241,1,313.8,39.225,8,44,0.0,44.0,Tuesday,16,1,0,1.0,0.0,0.0,0.0,8,7.5,0.6210590034081191,1,1,2,112,Regular
13485.0,233,1,430.84000000000003,19.583636363636366,22,241,0.0,241.0,Wednesday,13,1,0,1.0,0.0,0.0,0.0,22,2.505909090909091,2.3395474920446615,1,1,2,112,Regular
13486.0,78,3,1114.85,16.39485294117647,68,633,1.1343283582089552,211.0,Wednesday,13,1,76,0.03896103896103896,0.0,0.0,1.0,68,2.9497058823529407,2.7132240944733175,2,3,3,233,Regular
13487.0,58,3,575.4,16.923529411764704,26,265,8.93939393939394,88.33333333333333,Tuesday,16,1,295,0.010135135135135136,0.0,1.0,1.0,26,4.451176470588235,3.2477943701756646,2,3,2,232,Regular
13488.0,17,13,8222.03,20.15203431372549,267,3818,0.8501228501228502,293.6923076923077,Tuesday,11,1,350,0.037037037037037035,1.0,2.0,4.0,267,3.5446323529411767,4.013567024184838,4,4,4,444,Champions
13489.0,105,3,175.44,15.94909090909091,11,128,18.9,42.666666666666664,Friday,10,1,189,0.015789473684210527,0.0,0.0,0.0,11,1.6063636363636362,1.1192432508375714,2,3,1,231,Regular
13491.0,52,10,1189.54,14.161190476190475,71,819,3.7951807228915664,81.9,Wednesday,14,1,320,0.03115264797507788,0.0,1.0,1.0,71,3.445238095238095,3.5814786191256482,2,4,3,243,Regular
13492.0,136,3,1269.84,25.3968,38,408,1.5714285714285714,136.0,Tuesday,14,1,78,0.0379746835443038,0.0,0.0,0.0,38,4.5016,2.960595885966202,2,3,3,233,Regular
13493.0,275,2,160.35,40.0875,3,8,3.6666666666666665,4.0,Friday,16,1,11,0.16666666666666666,0.0,0.0,0.0,3,24.425,18.264195392442925,1,2,1,121,Regular
13494.0,312,1,296.1,17.41764705882353,17,114,0.0,114.0,Tuesday,11,1,0,1.0,0.0,0.0,0.0,17,3.855882352941176,1.9901226684036635,1,1,2,112,Regular
13495.0,8,5,1716.07,39.00159090909091,32,693,8.348837209302326,138.6,Friday,15,1,360,0.013850415512465374,1.0,2.0,2.0,32,2.5922727272727273,1.5392641909274247,4,4,4,444,Champions
13496.0,11,2,653.33,18.66657142857143,28,341,10.264705882352942,170.5,Wednesday,10,1,349,0.005714285714285714,1.0,1.0,1.0,28,3.108285714285714,3.236825319855939,4,2,3,423,At Risk
13497.0,283,2,348.05,18.318421052631578,19,163,4.722222222222222,81.5,Wednesday,9,1,85,0.023255813953488372,0.0,0.0,0.0,19,2.973684210526316,1.979924831699751,1,2,2,122,Regular
13499.0,18,5,662.99,23.678214285714287,22,337,9.25925925925926,67.4,Tuesday,14,1,252,0.019762845849802372,2.0,2.0,3.0,22,2.8874999999999997,2.392866907505939,4,4,3,443,Champions
13500.0,23,3,1122.25,17.813492063492063,58,525,1.5806451612903225,175.0,Wednesday,15,1,99,0.03,1.0,2.0,2.0,58,3.7241269841269844,2.861564897225696,3,3,3,333,Loyal
13501.0,288,1,1064.92,21.7330612244898,49,452,0.0,452.0,Thursday,18,1,0,1.0,0.0,0.0,0.0,49,3.804489795918367,2.8742441479054466,1,1,3,113,Regular
13502.0,17,3,292.0,16.22222222222222,17,264,18.0,88.0,Thursday,10,1,307,0.00974025974025974,1.0,1.0,1.0,17,1.7977777777777777,2.339420631030018,4,3,2,432,Regular
13503.0,71,1,216.85,12.755882352941176,17,248,0.0,248.0,Thursday,13,1,0,1.0,0.0,0.0,1.0,17,2.1811764705882353,3.020157037210443,2,1,1,211,At Risk
13504.0,64,1,295.93,13.451363636363636,22,178,0.0,178.0,Thursday,13,1,0,1.0,0.0,0.0,1.0,22,3.7018181818181817,3.7107317162696996,2,1,2,212,At Risk
13505.0,73,4,4276.46,20.559903846153848,175,2185,0.7632850241545893,546.25,Wednesday,11,1,159,0.025,0.0,0.0,1.0,175,3.3954326923076925,5.775849169455348,2,3,4,234,Regular
13506.0,316,2,421.2,17.55,24,240,2.3043478260869565,120.0,Sunday,12,1,53,0.037037037037037035,0.0,0.0,0.0,24,3.060416666666667,2.4969537600264338,1,2,2,122,Regular
13507.0,3,4,2420.96,15.226163522012579,143,1465,0.8924050632911392,366.25,Sunday,11,1,142,0.027972027972027972,1.0,1.0,1.0,143,3.409245283018868,3.2526274767865133,4,3,4,434,Regular
13508.0,244,1,110.97,9.2475,12,24,0.0,24.0,Sunday,11,1,0,1.0,0.0,0.0,0.0,12,5.1925,3.31695951958197,1,1,1,111,Regular
13509.0,9,6,677.68,18.315675675675674,24,686,7.555555555555555,114.33333333333333,Wednesday,13,1,275,0.021739130434782608,1.0,2.0,2.0,24,1.4797297297297298,2.3624757335455513,4,4,3,443,Champions
13510.0,1,4,1722.92,15.383214285714287,84,1242,1.6216216216216217,310.5,Thursday,13,1,182,0.02185792349726776,1.0,2.0,2.0,84,2.4370535714285713,2.53601256085532,4,3,4,434,Regular
13512.0,261,1,251.21,16.747333333333334,15,143,0.0,143.0,Thursday,10,1,0,1.0,0.0,0.0,0.0,15,4.1353333333333335,3.665183422942094,1,1,1,111,Regular
13513.0,127,1,145.1,16.12222222222222,9,61,0.0,61.0,Friday,11,1,0,1.0,0.0,0.0,0.0,9,3.9555555555555557,3.6836161279071655,2,1,1,211,At Risk
13514.0,74,1,152.20000000000002,38.050000000000004,4,40,0.0,40.0,Tuesday,9,1,0,1.0,0.0,0.0,1.0,4,4.175000000000001,1.744276354251241,2,1,1,211,At Risk
13515.0,73,4,891.12,15.103728813559322,50,681,2.9827586206896552,170.25,Wednesday,11,1,175,0.022727272727272728,0.0,0.0,1.0,50,2.1654237288135594,2.180836064001126,2,3,3,233,Regular
13516.0,21,3,635.41,16.292564102564103,38,321,5.7105263157894735,107.0,Wednesday,12,1,217,0.013761467889908258,1.0,1.0,2.0,38,3.18,2.90062606672204,3,3,3,333,Loyal
13517.0,60,3,2080.54,15.076376811594203,122,1237,0.8759124087591241,412.3333333333333,Monday,8,1,120,0.024793388429752067,0.0,1.0,1.0,122,2.977391304347826,2.570222605130504,2,3,4,234,Regular
13518.0,86,1,613.24,17.52114285714286,35,334,0.0,334.0,Thursday,10,1,0,1.0,0.0,0.0,1.0,35,2.7785714285714285,2.739810151062578,2,1,3,213,At Risk
13519.0,78,1,122.75,15.34375,8,23,0.0,23.0,Thursday,18,1,0,1.0,0.0,0.0,1.0,8,6.34375,3.175400705872747,2,1,1,211,At Risk
13520.0,59,6,2254.25,28.178125,48,971,3.9367088607594938,161.83333333333334,Wednesday,10,1,312,0.019169329073482427,0.0,1.0,1.0,48,4.929375,10.16794694980509,2,4,4,244,Regular
13521.0,1,3,1071.73,2.5639473684210525,313,718,0.016786570743405275,239.33333333333334,Thursday,13,1,8,0.3333333333333333,3.0,3.0,3.0,313,1.8398564593301434,1.935544706970108,4,3,3,433,Regular
13522.0,30,1,125.80000000000001,25.160000000000004,5,44,0.0,44.0,Wednesday,15,1,0,1.0,1.0,1.0,1.0,5,3.2700000000000005,1.8753666308218244,3,1,1,311,At Risk
13523.0,33,5,3573.08,21.787073170731706,150,1376,2.03680981595092,275.2,Tuesday,8,1,333,0.014970059880239521,0.0,2.0,2.0,150,6.453353658536585,18.132990348828923,3,4,4,344,Loyal
13524.0,41,5,610.94,24.437600000000003,15,240,7.375,48.0,Sunday,12,1,179,0.027777777777777776,0.0,1.0,2.0,15,3.6768,3.618737947590753,3,4,3,343,Loyal
13525.0,15,1,113.9,37.96666666666667,3,26,0.0,26.0,Friday,12,1,0,1.0,1.0,1.0,1.0,3,6.483333333333333,4.734272207354931,4,1,1,411,At Risk
13527.0,34,7,2164.0,10.304761904761905,146,1415,1.3923444976076556,202.14285714285714,Sunday,12,1,293,0.023809523809523808,0.0,1.0,3.0,146,2.8956190476190478,2.641742365370684,3,4,4,344,Loyal
13529.0,79,2,307.76,20.517333333333333,15,74,8.928571428571429,37.0,Thursday,9,1,125,0.015873015873015872,0.0,0.0,1.0,15,5.598666666666667,4.890773918697277,2,2,2,222,At Risk
13531.0,205,2,483.8,21.990909090909092,17,174,7.666666666666667,87.0,Wednesday,15,1,161,0.012345679012345678,0.0,0.0,0.0,17,4.539545454545455,3.700635051386422,1,2,2,122,Regular
13532.0,34,1,210.31,3.1865151515151515,66,129,0.0,129.0,Sunday,12,1,0,1.0,0.0,1.0,1.0,66,2.223181818181818,1.3413531160056928,3,1,1,311,At Risk
13533.0,183,3,269.09,3.5878666666666663,61,202,1.135135135135135,67.33333333333333,Thursday,12,1,84,0.03529411764705882,0.0,0.0,0.0,61,1.9477333333333335,1.6859591650767545,1,3,2,132,Regular
13534.0,2,25,5870.08,19.83135135135135,119,2961,1.176271186440678,118.44,Wednesday,10,1,355,0.0702247191011236,1.0,4.0,4.0,119,2.811013513513514,2.298390664633494,4,4,4,444,Champions
13536.0,1,7,2773.96,17.668535031847135,84,1069,0.4551282051282051,152.71428571428572,Sunday,13,1,74,0.09333333333333334,5.0,6.0,7.0,84,3.581464968152866,2.657195797598988,4,4,4,444,Champions
13538.0,43,7,1280.85,51.233999999999995,10,175,11.25,25.0,Thursday,7,1,272,0.02564102564102564,0.0,1.0,1.0,10,7.4764,0.703455044761213,3,4,3,343,Loyal
13539.0,86,3,617.42,17.150555555555556,34,272,6.3428571428571425,90.66666666666667,Thursday,10,1,223,0.013392857142857142,0.0,0.0,1.0,34,4.3036111111111115,3.6312226612909617,2,3,3,233,Regular
13544.0,40,2,276.06,3.539230769230769,76,112,2.5974025974025974,56.0,Wednesday,12,1,200,0.009950248756218905,0.0,1.0,1.0,76,3.1382051282051284,2.5319535825897246,3,2,2,322,At Risk
13546.0,12,3,621.09,6.4029896907216495,72,357,1.9479166666666667,119.0,Monday,14,1,188,0.015873015873015872,1.0,2.0,2.0,72,2.19659793814433,2.176548723800834,4,3,3,433,Regular
13548.0,96,2,617.14,5.100330578512397,113,314,1.225,157.0,Sunday,11,1,147,0.013513513513513514,0.0,0.0,0.0,113,2.870909090909091,2.622589687058702,2,2,3,223,At Risk
13549.0,26,7,897.4000000000001,17.948,37,426,4.36734693877551,60.857142857142854,Tuesday,13,1,216,0.03225806451612903,1.0,1.0,2.0,37,3.5898000000000003,3.467115186186596,3,4,3,343,Loyal
13551.0,319,1,91.80000000000001,22.950000000000003,4,12,0.0,12.0,Monday,14,1,0,1.0,0.0,0.0,0.0,4,7.65,3.4,1,1,1,111,Regular
13552.0,66,12,2988.65,30.810824742268043,75,993,2.5729166666666665,82.75,Wednesday,15,1,249,0.048,0.0,0.0,3.0,75,4.1749484536082475,3.1579589016322904,2,4,4,244,Regular
13555.0,74,4,2552.54,24.08056603773585,100,1342,1.2190476190476192,335.5,Tuesday,12,1,128,0.031007751937984496,0.0,0.0,2.0,100,2.685283018867924,2.5905400089913853,2,3,4,234,Regular
13557.0,28,2,524.0600000000001,15.880606060606063,30,498,7.875,249.0,Friday,15,1,252,0.007905138339920948,1.0,1.0,1.0,30,1.4842424242424241,1.2112674929155571,3,2,2,322,At Risk
13558.0,6,4,594.52,3.517869822485207,123,338,0.3630952380952381,84.5,Sunday,11,1,62,0.06349206349206349,2.0,2.0,4.0,123,2.225562130177515,1.930709485306523,4,3,3,433,Regular
13560.0,7,1,171.42000000000002,5.3568750000000005,32,63,0.0,63.0,Friday,13,1,0,1.0,1.0,1.0,1.0,32,2.9865625000000002,1.53059467543954,4,1,1,411,At Risk
13561.0,216,1,60.26,4.635384615384615,13,51,0.0,51.0,Sunday,12,1,0,1.0,0.0,0.0,0.0,13,3.623076923076923,3.8104579440783426,1,1,1,111,Regular
13562.0,82,3,1780.6100000000001,21.98283950617284,49,709,2.0375,236.33333333333334,Thursday,15,1,163,0.018292682926829267,0.0,0.0,1.0,49,3.879753086419753,2.6162138556072985,2,3,4,234,Regular
13563.0,84,2,684.23,14.558085106382979,47,147,1.1956521739130435,73.5,Friday,17,1,55,0.03571428571428571,0.0,0.0,1.0,47,8.812553191489362,26.3841687107419,2,2,3,223,At Risk
13564.0,144,3,1683.63,21.311772151898737,66,528,2.8461538461538463,176.0,Monday,17,1,223,0.013392857142857142,0.0,0.0,0.0,66,10.697088607594935,61.60616076318363,1,3,4,134,Regular
13565.0,19,2,240.22,6.321578947368421,35,172,8.513513513513514,86.0,Sunday,14,1,315,0.006329113924050633,1.0,1.0,1.0,35,1.7186842105263158,1.1737562043761567,3,2,1,321,At Risk
13566.0,41,2,856.84,5.0700591715976335,134,567,0.24404761904761904,283.5,Sunday,12,1,41,0.047619047619047616,0.0,1.0,2.0,134,1.8757988165680473,1.460416845988231,3,2,3,323,At Risk
13568.0,173,1,187.05,4.3500000000000005,41,66,0.0,66.0,Sunday,14,1,0,1.0,0.0,0.0,0.0,41,3.0372093023255813,1.9835962117679036,1,1,1,111,Regular
13569.0,17,2,338.62,4.286329113924051,73,156,4.487179487179487,78.0,Tuesday,13,1,350,0.005698005698005698,1.0,1.0,1.0,73,3.0429113924050637,2.8016689860568205,4,2,2,422,At Risk
13570.0,243,1,239.49,8.870000000000001,27,161,0.0,161.0,Sunday,13,1,0,1.0,0.0,0.0,0.0,27,2.102592592592593,2.2525397505117035,1,1,1,111,Regular
13571.0,13,12,2074.44,6.11929203539823,157,1707,0.6982248520710059,142.25,Thursday,12,1,240,0.04979253112033195,2.0,4.0,5.0,157,1.7311209439528024,1.657700851344482,4,4,4,444,Champions
13572.0,206,1,821.13,31.581923076923076,25,230,0.0,230.0,Wednesday,11,1,0,1.0,0.0,0.0,0.0,25,5.195769230769231,3.7277533964326803,1,1,3,113,Regular
13573.0,50,2,267.21,11.13375,23,110,8.782608695652174,55.0,Thursday,14,1,202,0.009852216748768473,0.0,1.0,1.0,23,3.6649999999999996,2.7932963229535974,3,2,2,322,At Risk
13575.0,23,5,732.07,15.914565217391305,41,449,3.3555555555555556,89.8,Friday,11,1,152,0.032679738562091505,1.0,2.0,3.0,41,2.1478260869565218,1.8415330727334263,3,4,3,343,Loyal
13576.0,10,17,2032.66,20.74142857142857,74,954,3.649484536082474,56.11764705882353,Wednesday,14,1,362,0.046831955922865015,3.0,4.0,5.0,74,3.3862244897959184,3.0672706949493547,4,4,4,444,Champions
13577.0,25,4,1687.6000000000001,20.33253012048193,61,791,2.6219512195121952,197.75,Thursday,10,1,216,0.018433179723502304,1.0,1.0,1.0,61,3.086987951807229,2.669729014721942,3,3,4,334,Loyal
13579.0,15,2,426.24,19.374545454545455,18,128,16.857142857142858,64.0,Friday,8,1,354,0.005633802816901409,1.0,1.0,1.0,18,4.415454545454545,2.3164252575954127,4,2,2,422,At Risk
13581.0,309,1,118.0,11.8,10,30,0.0,30.0,Thursday,14,1,0,1.0,0.0,0.0,0.0,10,4.48,3.1913250469915395,1,1,1,111,Regular
13583.0,156,1,710.95,14.509183673469389,49,533,0.0,533.0,Thursday,10,1,0,1.0,0.0,0.0,0.0,49,2.146530612244898,2.0648068422780783,1,1,3,113,Regular
13584.0,307,1,142.4,5.933333333333334,24,37,0.0,37.0,Sunday,12,1,0,1.0,0.0,0.0,0.0,24,4.164583333333333,3.4457118645677824,1,1,1,111,Regular
13587.0,64,1,533.4,76.2,7,80,0.0,80.0,Friday,12,1,0,1.0,0.0,0.0,1.0,7,7.328571428571428,8.274753628903257,2,1,2,212,At Risk
13588.0,16,9,2382.71,14.09887573964497,127,2366,1.4047619047619047,262.8888888888889,Thursday,9,1,239,0.0375,2.0,4.0,5.0,127,1.4042603550295858,1.6936026909133446,4,4,4,444,Champions
13589.0,15,2,379.65,18.07857142857143,21,114,8.2,57.0,Friday,12,1,164,0.012121212121212121,1.0,1.0,1.0,21,6.701428571428571,6.028108563815258,4,2,2,422,At Risk
13590.0,11,6,1443.0,18.74025974025974,64,960,3.8289473684210527,160.0,Tuesday,12,1,291,0.02054794520547945,1.0,2.0,2.0,64,1.9806493506493505,1.6168571997472674,4,4,4,444,Champions
13591.0,65,3,1117.13,19.26086206896552,56,485,3.526315789473684,161.66666666666666,Thursday,12,1,202,0.014778325123152709,0.0,0.0,1.0,56,3.979310344827586,3.4797110497447434,2,3,3,233,Regular
13592.0,36,4,247.95999999999998,15.497499999999999,15,84,15.2,21.0,Sunday,14,1,228,0.017467248908296942,0.0,1.0,1.0,15,6.26,5.326330819616821,3,3,1,331,Loyal
13593.0,108,5,2011.88,15.841574803149607,77,719,1.8015873015873016,143.8,Friday,16,1,227,0.021929824561403508,0.0,0.0,0.0,77,4.391417322834646,2.9440657893597573,2,4,4,244,Regular
13594.0,53,1,396.97,15.268076923076924,26,359,0.0,359.0,Tuesday,10,1,0,1.0,0.0,1.0,1.0,26,1.5953846153846152,1.2663371771190508,2,1,2,212,At Risk
13596.0,6,2,664.11,4.548698630136986,133,384,0.04827586206896552,192.0,Sunday,11,1,7,0.25,2.0,2.0,2.0,133,2.3843835616438356,2.1836802129788837,4,2,3,423,At Risk
13598.0,47,1,160.04,4.572571428571428,33,52,0.0,52.0,Sunday,14,1,0,1.0,0.0,1.0,1.0,33,3.378857142857143,2.8143599956071634,3,1,1,311,At Risk
13599.0,1,21,4248.36,18.47113043478261,163,2537,1.5676855895196506,120.80952380952381,Wednesday,9,1,365,0.05737704918032787,9.0,11.0,13.0,163,2.9053913043478263,4.298229103595841,4,4,4,444,Champions
13600.0,312,1,167.02,11.930000000000001,14,74,0.0,74.0,Monday,15,1,0,1.0,0.0,0.0,0.0,14,4.083571428571429,4.245279019810589,1,1,1,111,Regular
13601.0,45,2,663.08,6.835876288659795,88,476,1.7291666666666667,238.0,Tuesday,17,1,166,0.011976047904191617,0.0,1.0,1.0,88,1.8921649484536083,1.4335534425017407,3,2,3,323,At Risk
13602.0,65,1,398.65,18.120454545454546,22,219,0.0,219.0,Thursday,11,1,0,1.0,0.0,0.0,1.0,22,2.125909090909091,1.2343174674246535,2,1,2,212,At Risk
13603.0,26,1,164.34,6.086666666666667,27,164,0.0,164.0,Sunday,15,1,0,1.0,1.0,1.0,1.0,27,2.111851851851852,2.507203524979477,3,1,1,311,At Risk
13606.0,29,2,176.13,4.8925,36,126,6.114285714285714,63.0,Sunday,12,1,214,0.009302325581395349,1.0,1.0,1.0,36,2.525833333333333,3.011184271061091,3,2,1,321,At Risk
13607.0,40,1,675.51,6.964020618556701,93,288,0.0,288.0,Sunday,16,1,0,1.0,0.0,1.0,1.0,93,3.17020618556701,2.3815418584839825,3,1,3,313,At Risk
13610.0,12,7,1082.33,5.034093023255814,165,488,1.2570093457943925,69.71428571428571,Sunday,15,1,273,0.025547445255474453,1.0,2.0,2.0,165,2.902093023255814,2.7087837031008486,4,4,3,443,Champions
13611.0,89,3,988.5600000000001,14.53764705882353,64,586,4.029850746268656,195.33333333333334,Sunday,14,1,270,0.01107011070110701,0.0,0.0,1.0,64,2.4604411764705882,2.012299815814471,2,3,3,233,Regular
13614.0,24,4,1585.46,8.130564102564103,171,564,1.5721649484536082,141.0,Tuesday,14,1,306,0.013029315960912053,1.0,1.0,2.0,171,3.7628205128205128,3.821566951194713,3,3,4,334,Loyal
13615.0,319,1,417.69,18.160434782608696,23,189,0.0,189.0,Tuesday,8,1,0,1.0,0.0,0.0,0.0,23,3.387391304347826,2.15226987449256,1,1,2,112,Regular
13617.0,40,3,514.54,12.25095238095238,29,224,3.4146341463414633,74.66666666666667,Sunday,13,1,140,0.02127659574468085,0.0,1.0,1.0,29,2.904047619047619,2.2222434934134876,3,3,2,332,Loyal
13618.0,174,1,154.54,14.049090909090909,11,162,0.0,162.0,Sunday,11,1,0,1.0,0.0,0.0,0.0,11,1.1718181818181819,0.8600211413891892,1,1,1,111,Regular
13621.0,117,1,209.85,11.658333333333333,18,243,0.0,243.0,Monday,8,1,0,1.0,0.0,0.0,0.0,18,1.1894444444444445,1.043802281380137,2,1,1,211,At Risk
13623.0,31,5,673.66,8.748831168831169,74,254,3.486842105263158,50.8,Thursday,13,1,266,0.018726591760299626,0.0,1.0,1.0,74,3.5242857142857145,3.2390574606021896,3,4,3,343,Loyal
13626.0,253,1,257.23,13.53842105263158,19,209,0.0,209.0,Friday,10,1,0,1.0,0.0,0.0,0.0,19,2.1405263157894736,1.9702946020109406,1,1,2,112,Regular
13627.0,59,5,1348.43,15.49919540229885,80,897,3.441860465116279,179.4,Thursday,9,1,298,0.016722408026755852,0.0,1.0,2.0,80,3.110344827586207,3.2413417578742316,2,4,3,243,Regular
13629.0,143,1,336.36,16.818,20,222,0.0,222.0,Wednesday,8,1,0,1.0,0.0,0.0,0.0,20,3.3064999999999998,3.491836004770345,2,1,2,212,At Risk
13630.0,5,7,949.74,15.829,47,569,4.694915254237288,81.28571428571429,Friday,15,1,280,0.02491103202846975,1.0,1.0,2.0,47,2.1213333333333333,1.5454147231946078,4,4,3,443,Champions
13631.0,100,6,492.5,82.08333333333333,3,87,33.0,14.5,Thursday,11,1,167,0.03571428571428571,0.0,0.0,0.0,3,5.75,1.724818831066034,2,4,2,242,Regular
13632.0,25,5,2031.5700000000002,14.306830985915495,119,871,1.5390070921985815,174.2,Sunday,8,1,218,0.0228310502283105,1.0,2.0,2.0,119,3.2498591549295774,2.4475870259350376,3,4,4,344,Loyal
13634.0,33,5,1547.3600000000001,8.319139784946238,156,700,1.5783783783783785,140.0,Sunday,12,1,293,0.017006802721088437,0.0,1.0,2.0,156,3.2916666666666665,2.7585066301948293,3,4,4,344,Loyal
13635.0,68,1,1071.03,17.274677419354838,62,677,0.0,677.0,Monday,10,1,0,1.0,0.0,0.0,1.0,62,2.405806451612903,2.181630874689923,2,1,3,213,At Risk
13636.0,37,5,942.28,15.198064516129032,56,556,4.049180327868853,111.2,Thursday,10,1,248,0.020080321285140562,0.0,1.0,1.0,56,3.8433870967741934,3.954496898032933,3,4,3,343,Loyal
13637.0,52,3,804.3,8.124242424242423,79,405,1.7755102040816326,135.0,Wednesday,13,1,174,0.017142857142857144,0.0,1.0,1.0,79,2.382323232323232,2.108521983684126,2,3,3,233,Regular
13638.0,16,1,122.64,15.33,8,93,0.0,93.0,Thursday,10,1,0,1.0,1.0,1.0,1.0,8,2.9925,4.061838957207155,4,1,1,411,At Risk
13639.0,74,1,646.34,17.46864864864865,37,572,0.0,572.0,Monday,13,1,0,1.0,0.0,0.0,1.0,37,1.4256756756756757,0.9196483039744069,2,1,3,213,At Risk
13642.0,216,1,312.28,5.478596491228069,57,151,0.0,151.0,Sunday,12,1,0,1.0,0.0,0.0,0.0,57,3.3484210526315787,3.5037585887330045,1,1,2,112,Regular
13643.0,31,3,519.44,18.551428571428573,24,273,5.666666666666667,91.0,Tuesday,15,1,154,0.01935483870967742,0.0,1.0,1.0,24,2.394642857142857,1.928022364521542,3,3,2,332,Loyal
13644.0,16,4,2365.54,17.786015037593984,131,1359,0.6666666666666666,339.75,Wednesday,11,1,89,0.044444444444444446,1.0,2.0,3.0,131,3.302255639097744,3.8455451630191826,4,3,4,434,Regular
13645.0,120,1,50.5,25.25,2,14,0.0,14.0,Thursday,16,1,0,1.0,0.0,0.0,0.0,2,6.25,5.232590180780452,2,1,1,211,At Risk
13647.0,10,4,1383.02,18.68945945945946,62,693,3.0684931506849313,173.25,Thursday,13,1,225,0.017699115044247787,1.0,1.0,2.0,62,3.421756756756757,2.8071319923035314,4,3,4,434,Regular
13649.0,257,2,346.6,15.069565217391306,23,139,4.954545454545454,69.5,Wednesday,14,1,109,0.01818181818181818,0.0,0.0,0.0,23,3.191304347826087,2.5580822084093064,1,2,2,122,Regular
13650.0,17,6,1836.3400000000001,19.128541666666667,79,922,2.6210526315789475,153.66666666666666,Monday,12,1,250,0.02390438247011952,1.0,1.0,4.0,79,3.1525,2.8636744889996435,4,4,4,444,Champions
13651.0,35,2,94.2,15.700000000000001,6,33,0.8,16.5,Monday,12,1,4,0.4,0.0,2.0,2.0,6,6.058333333333334,5.134434405722471,3,2,1,321,At Risk
13652.0,46,3,1067.24,17.49573770491803,47,482,5.366666666666666,160.66666666666666,Monday,9,1,322,0.009287925696594427,0.0,1.0,1.0,47,3.2162295081967214,2.0436504625583,3,3,3,333,Loyal
13654.0,43,6,2538.87,16.379806451612904,146,1584,1.4870129870129871,264.0,Sunday,16,1,230,0.025974025974025976,0.0,2.0,2.0,146,2.6828387096774193,3.014875835749349,3,4,4,344,Loyal
13655.0,114,2,900.57,16.99188679245283,49,485,2.4423076923076925,242.5,Wednesday,14,1,127,0.015625,0.0,0.0,0.0,49,3.5035849056603774,2.941800269288037,2,2,3,223,At Risk
13656.0,165,2,339.69,7.720227272727272,44,254,4.0,127.0,Thursday,15,1,172,0.011560693641618497,0.0,0.0,0.0,44,1.8929545454545456,1.6774254630034524,1,2,2,122,Regular
13657.0,11,2,336.0,24.0,14,131,14.615384615384615,65.5,Sunday,12,1,190,0.010471204188481676,1.0,1.0,1.0,14,3.3464285714285715,3.6544737748995506,4,2,2,422,At Risk
13658.0,10,5,2625.25,24.535046728971963,90,971,1.820754716981132,194.2,Thursday,13,1,194,0.02564102564102564,2.0,2.0,4.0,90,4.057570093457944,4.990902637218191,4,4,4,444,Champions
13659.0,206,2,1441.32,14.558787878787879,88,746,1.1734693877551021,373.0,Sunday,12,1,115,0.017241379310344827,0.0,0.0,0.0,88,3.976969696969697,7.880952166463947,1,2,4,124,Regular
13662.0,86,3,857.86,16.82078431372549,49,497,3.46,165.66666666666666,Thursday,13,1,173,0.017241379310344827,0.0,0.0,1.0,49,3.3635294117647057,3.8771885811909703,2,3,3,233,Regular
13663.0,179,1,189.47,14.574615384615385,13,91,0.0,91.0,Monday,15,1,0,1.0,0.0,0.0,0.0,13,4.5,3.6281629878861104,1,1,1,111,Regular
13666.0,60,3,84.65,7.054166666666667,12,41,20.636363636363637,13.666666666666666,Friday,13,1,227,0.013157894736842105,0.0,1.0,1.0,12,3.7416666666666667,2.5739811164573037,2,3,1,231,Regular
13667.0,149,1,299.05,3.603012048192771,82,149,0.0,149.0,Wednesday,15,1,0,1.0,0.0,0.0,0.0,82,2.4897590361445783,2.4357264534143552,1,1,2,112,Regular
13668.0,3,21,4790.55,10.717114093959731,277,2410,0.7847533632286996,114.76190476190476,Sunday,12,1,359,0.058333333333333334,3.0,5.0,5.0,277,3.040178970917226,2.587783036525816,4,4,4,444,Champions
13669.0,51,2,172.95,24.707142857142856,7,109,16.333333333333332,54.5,Thursday,9,1,98,0.020202020202020204,0.0,1.0,1.0,7,3.4071428571428575,4.193191760801924,3,2,1,321,At Risk
13670.0,75,1,349.7,13.988,25,282,0.0,282.0,Sunday,15,1,0,1.0,0.0,0.0,1.0,25,1.8768,1.8597619023233416,2,1,2,212,At Risk
13672.0,301,2,186.39000000000001,31.065,4,57,6.0,28.5,Tuesday,13,1,30,0.06451612903225806,0.0,0.0,0.0,4,4.463333333333334,2.294085148085543,1,2,1,121,Regular
13673.0,19,2,387.44,6.457333333333334,47,114,0.22033898305084745,57.0,Monday,15,1,13,0.14285714285714285,1.0,2.0,2.0,47,3.4189999999999996,4.005507098813341,3,2,2,322,At Risk
13675.0,151,2,473.38,19.724166666666665,24,298,5.782608695652174,149.0,Monday,12,1,133,0.014925373134328358,0.0,0.0,0.0,24,1.9645833333333336,1.1995759365443406,1,2,2,122,Regular
13678.0,152,1,72.56,14.512,5,104,0.0,104.0,Monday,10,1,0,1.0,0.0,0.0,0.0,5,0.7100000000000001,0.17888543819998315,1,1,1,111,Regular
13680.0,1,4,2193.64,12.119558011049723,154,1270,1.8722222222222222,317.5,Thursday,13,1,337,0.011834319526627219,1.0,2.0,2.0,154,2.208729281767956,1.7921777685492748,4,3,4,434,Regular
13681.0,18,4,827.83,14.523333333333333,37,360,2.4285714285714284,90.0,Sunday,11,1,137,0.028985507246376812,2.0,2.0,3.0,37,2.902456140350877,1.5816247079481216,4,3,3,433,Regular
13682.0,187,1,59.5,19.833333333333332,3,10,0.0,10.0,Sunday,14,1,0,1.0,0.0,0.0,0.0,3,7.083333333333333,4.907477288111819,1,1,1,111,Regular
13684.0,286,1,65.13,2.245862068965517,29,38,0.0,38.0,Sunday,10,1,0,1.0,0.0,0.0,0.0,29,1.7324137931034485,0.5754542005631837,1,1,1,111,Regular
13685.0,3,4,20.92,0.7471428571428572,26,28,1.8148148148148149,7.0,Monday,10,1,50,0.0784313725490196,3.0,4.0,4.0,26,0.7471428571428572,0.4962291670623425,4,3,1,431,Regular
13686.0,183,1,72.0,9.0,8,70,0.0,70.0,Friday,9,1,0,1.0,0.0,0.0,0.0,8,1.1625,0.5786375623578447,1,1,1,111,Regular
13689.0,63,1,15.0,15.0,1,12,0.0,12.0,Friday,13,1,0,1.0,0.0,0.0,1.0,1,1.25,0.0,2,1,1,211,At Risk
13690.0,59,1,172.25,19.13888888888889,9,67,0.0,67.0,Tuesday,15,1,0,1.0,0.0,1.0,1.0,9,5.972222222222222,5.692709762884847,2,1,1,211,At Risk
13692.0,25,3,843.44,18.743111111111112,40,882,4.795454545454546,294.0,Sunday,12,1,211,0.014150943396226415,1.0,1.0,1.0,40,2.7146666666666666,6.167264238040898,3,3,3,333,Loyal
13694.0,4,20,3371.0099999999998,48.85521739130434,62,1211,5.0588235294117645,60.55,Thursday,12,1,354,0.056338028169014086,2.0,3.0,4.0,62,3.1231884057971016,2.8358744334361035,4,4,4,444,Champions
13695.0,31,13,1709.53,21.639620253164555,44,935,2.858974358974359,71.92307692307692,Friday,14,1,228,0.056768558951965066,0.0,1.0,3.0,44,2.848101265822785,3.1774131051683874,3,4,4,344,Loyal
13697.0,39,1,151.3,12.608333333333334,12,177,0.0,177.0,Tuesday,9,1,0,1.0,0.0,1.0,1.0,12,1.3933333333333333,1.395853165847347,3,1,1,311,At Risk
13699.0,155,1,308.58000000000004,22.041428571428575,14,66,0.0,66.0,Thursday,16,1,0,1.0,0.0,0.0,0.0,14,6.3064285714285715,2.74099254101322,1,1,2,112,Regular
13700.0,26,10,1848.63,10.157307692307693,137,1657,1.6464088397790055,165.7,Thursday,11,1,300,0.03322259136212625,1.0,2.0,2.0,137,1.6496703296703297,1.3985706598942427,3,4,4,344,Loyal
13703.0,318,1,99.5,99.5,1,10,0.0,10.0,Tuesday,13,1,0,1.0,0.0,0.0,0.0,1,9.95,0.0,1,1,1,111,Regular
13704.0,5,9,2259.1,17.24503816793893,109,1387,0.6230769230769231,154.11111111111111,Tuesday,15,1,83,0.10714285714285714,2.0,4.0,9.0,109,3.3961068702290076,3.167712975662915,4,4,4,444,Champions
13705.0,8,3,657.78,24.362222222222222,25,331,14.038461538461538,110.33333333333333,Monday,9,1,366,0.008174386920980926,1.0,1.0,1.0,25,7.8277777777777775,31.436314661346348,4,3,3,433,Regular
13706.0,303,1,330.79,16.5395,20,189,0.0,189.0,Thursday,9,1,0,1.0,0.0,0.0,0.0,20,2.774,4.242241711270363,1,1,2,112,Regular
13707.0,267,2,746.41,15.881063829787234,47,303,1.0434782608695652,151.5,Friday,13,1,48,0.04081632653061224,0.0,0.0,0.0,47,4.531702127659575,5.637012514023386,1,2,3,123,Regular
13708.0,271,1,271.41,5.654375000000001,48,253,0.0,253.0,Sunday,13,1,0,1.0,0.0,0.0,0.0,48,2.0425,1.8601046641794456,1,1,2,112,Regular
13709.0,4,13,5664.45,17.165,243,3028,0.9361702127659575,232.92307692307693,Friday,14,1,311,0.041666666666666664,2.0,6.0,8.0,243,3.5876060606060607,3.4352042137603274,4,4,4,444,Champions
13710.0,32,1,94.56,15.76,6,96,0.0,96.0,Tuesday,8,1,0,1.0,0.0,1.0,1.0,6,1.14,0.5533534132902769,3,1,1,311,At Risk
13711.0,219,2,252.06,19.38923076923077,11,140,0.0,70.0,Thursday,10,1,0,2.0,0.0,0.0,0.0,11,3.7800000000000002,2.897743374880989,1,2,2,122,Regular
13712.0,247,1,88.2,14.700000000000001,6,60,0.0,60.0,Thursday,12,1,0,1.0,0.0,0.0,0.0,6,1.6833333333333333,0.8500980335624043,1,1,1,111,Regular
13715.0,281,5,1063.95,10.329611650485438,89,530,0.8823529411764706,106.0,Wednesday,12,1,91,0.05434782608695652,0.0,0.0,0.0,89,2.306116504854369,1.6928223520810777,1,4,3,143,Regular
13716.0,269,1,138.28,6.584761904761905,21,138,0.0,138.0,Tuesday,13,1,0,1.0,0.0,0.0,0.0,21,1.4195238095238094,1.1435273332565172,1,1,1,111,Regular
13717.0,32,6,1219.97,14.02264367816092,80,1091,3.058139534883721,181.83333333333334,Monday,14,1,266,0.02247191011235955,0.0,2.0,2.0,80,2.346781609195402,3.3049583940852547,3,4,3,343,Loyal
13718.0,246,2,296.55,26.95909090909091,8,73,4.9,36.5,Thursday,11,1,49,0.04,0.0,0.0,0.0,8,6.0227272727272725,3.905660228204934,1,2,2,122,Regular
13719.0,15,5,931.16,16.33614035087719,54,453,3.875,90.6,Thursday,15,1,219,0.022727272727272728,1.0,3.0,3.0,54,3.394561403508772,3.854935181118687,4,4,3,443,Champions
13720.0,117,4,720.7,17.15952380952381,42,357,3.317073170731707,89.25,Wednesday,9,1,138,0.02877697841726619,0.0,0.0,0.0,42,3.2416666666666667,2.7402580585854093,2,3,3,233,Regular
13721.0,36,1,524.14,18.719285714285714,28,316,0.0,316.0,Thursday,14,1,0,1.0,0.0,1.0,1.0,28,2.8510714285714287,2.568827862528275,3,1,2,312,At Risk
13722.0,132,3,2314.93,27.558690476190474,74,1113,1.819277108433735,371.0,Wednesday,11,1,151,0.019736842105263157,0.0,0.0,0.0,74,2.916190476190476,2.474063485837903,2,3,4,234,Regular
13723.0,217,1,199.85000000000002,33.30833333333334,6,43,0.0,43.0,Friday,17,1,0,1.0,0.0,0.0,0.0,6,5.283333333333333,2.5033311140691445,1,1,1,111,Regular
13725.0,50,8,1943.12,19.050196078431373,93,710,2.5346534653465347,88.75,Friday,12,1,258,0.03088803088803089,0.0,1.0,1.0,93,4.41343137254902,3.8768019113181516,3,4,4,344,Loyal
13726.0,39,2,429.12,12.621176470588235,34,540,1.8484848484848484,270.0,Wednesday,11,1,61,0.03225806451612903,0.0,1.0,1.0,34,1.0223529411764705,0.7219168877854812,3,2,2,322,At Risk
13727.0,29,2,333.48,16.674,19,162,0.21052631578947367,81.0,Sunday,12,1,4,0.4,1.0,2.0,2.0,19,2.941,2.1191083030369167,3,2,2,322,At Risk
13728.0,37,6,1016.14,16.12920634920635,38,458,4.354838709677419,76.33333333333333,Wednesday,10,1,273,0.021897810218978103,0.0,1.0,1.0,38,5.451746031746032,3.490637033866704,3,4,3,343,Loyal
13730.0,136,2,729.2,17.361904761904764,37,452,0.6097560975609756,226.0,Friday,12,1,25,0.07692307692307693,0.0,0.0,0.0,37,3.2997619047619047,3.273983542202208,2,2,3,223,At Risk
13731.0,219,2,610.59,16.068157894736842,36,278,0.7297297297297297,139.0,Thursday,10,1,27,0.07142857142857142,0.0,0.0,0.0,36,4.2894736842105265,4.157077941631871,1,2,3,123,Regular
13732.0,28,1,491.86,14.904848484848486,33,498,0.0,498.0,Friday,15,1,0,1.0,1.0,1.0,1.0,33,1.58,1.3670085954374975,3,1,2,312,At Risk
13735.0,25,4,2816.34,14.517216494845362,158,1096,1.077720207253886,274.0,Tuesday,14,1,209,0.01904761904761905,1.0,2.0,2.0,158,4.062783505154639,3.734148741460824,3,3,4,334,Loyal
13736.0,5,2,729.8,3.8410526315789473,166,496,1.3492063492063493,248.0,Sunday,15,1,255,0.0078125,1.0,1.0,1.0,166,2.1781052631578945,3.054890707953116,4,2,3,423,At Risk
13737.0,200,1,265.65,9.160344827586206,28,96,0.0,96.0,Monday,16,1,0,1.0,0.0,0.0,0.0,28,3.893448275862069,3.1696363872826496,1,1,2,112,Regular
13739.0,18,1,125.10000000000001,62.550000000000004,2,18,0.0,18.0,Monday,13,1,0,1.0,1.0,1.0,1.0,2,6.95,0.0,4,1,1,411,At Risk
13740.0,241,1,266.51,14.806111111111111,18,209,0.0,209.0,Wednesday,10,1,0,1.0,0.0,0.0,0.0,18,1.931111111111111,2.0549019982038614,1,1,2,112,Regular
13741.0,72,3,668.4300000000001,19.65970588235294,34,218,4.393939393939394,72.66666666666667,Thursday,9,1,145,0.02054794520547945,0.0,0.0,1.0,34,5.225588235294118,3.6319301081051143,2,3,3,233,Regular
13742.0,17,12,3079.91,9.903247588424437,198,1031,0.9612903225806452,85.91666666666667,Sunday,14,1,303,0.039473684210526314,1.0,1.0,2.0,198,4.1616077170418,3.616085655985506,4,4,4,444,Champions
13743.0,3,7,805.2,29.822222222222223,6,552,9.73076923076923,78.85714285714286,Friday,14,1,256,0.027237354085603113,1.0,1.0,2.0,6,1.4574074074074075,0.24483263659696172,4,4,3,443,Champions
13744.0,95,2,975.76,16.53830508474576,50,859,3.396551724137931,429.5,Sunday,14,1,197,0.010101010101010102,0.0,0.0,0.0,50,1.928813559322034,2.466544479942965,2,2,3,223,At Risk
13745.0,162,1,241.36,10.97090909090909,22,388,0.0,388.0,Thursday,16,1,0,1.0,0.0,0.0,0.0,22,0.6595454545454545,0.29814469597874743,1,1,1,111,Regular
13747.0,374,1,79.6,79.6,1,8,0.0,8.0,Wednesday,10,1,0,1.0,0.0,0.0,0.0,1,9.95,0.0,1,1,1,111,Regular
13748.0,96,4,438.25,18.260416666666668,22,239,6.521739130434782,59.75,Monday,9,1,150,0.026490066225165563,0.0,0.0,0.0,22,4.2375,4.555405055249347,2,3,2,232,Regular
13750.0,54,3,387.98,20.42,19,108,13.444444444444445,36.0,Tuesday,15,1,243,0.012295081967213115,0.0,1.0,1.0,19,5.517368421052631,2.7849293669584094,2,3,2,232,Regular
13751.0,288,1,131.25,16.40625,8,52,0.0,52.0,Thursday,15,1,0,1.0,0.0,0.0,0.0,8,3.765,2.8997438310503023,1,1,1,111,Regular
13752.0,124,6,856.5400000000001,12.977878787878788,61,478,1.8461538461538463,79.66666666666667,Sunday,14,1,122,0.04878048780487805,0.0,0.0,0.0,61,3.3453030303030302,4.463277243563718,2,4,3,243,Regular
13753.0,288,1,710.66,20.901764705882353,34,476,0.0,476.0,Friday,12,1,0,1.0,0.0,0.0,0.0,34,1.822058823529412,1.5477819504477712,1,1,3,113,Regular
13754.0,152,2,173.39999999999998,19.266666666666666,8,94,20.625,47.0,Wednesday,14,1,165,0.012048192771084338,0.0,0.0,0.0,8,2.8,3.17234140659545,1,2,1,121,Regular
13755.0,4,9,2030.66,6.446539682539683,228,990,0.17834394904458598,110.0,Monday,13,1,59,0.15,5.0,8.0,9.0,228,3.1667619047619047,3.096234150458859,4,4,4,444,Champions
13756.0,2,13,2979.44,27.085818181818183,62,1292,3.220183486238532,99.38461538461539,Wednesday,9,1,358,0.036211699164345405,4.0,5.0,6.0,62,3.2104545454545454,2.254553144912763,4,4,4,444,Champions
13758.0,12,7,2201.59,21.58421568627451,94,900,3.5544554455445545,128.57142857142858,Sunday,15,1,361,0.019337016574585635,1.0,2.0,2.0,94,3.5585294117647055,3.3351243232601737,4,4,4,444,Champions
13759.0,33,2,501.49,20.895416666666666,23,239,1.608695652173913,119.5,Thursday,15,1,37,0.05263157894736842,0.0,1.0,2.0,23,3.3658333333333332,3.0718581215350067,3,2,2,322,At Risk
13760.0,54,2,286.79,5.03140350877193,50,197,3.607142857142857,98.5,Sunday,16,1,202,0.009852216748768473,0.0,1.0,1.0,50,1.984561403508772,1.0207963805904519,2,2,2,222,At Risk
13761.0,50,2,1070.65,15.295000000000002,68,642,1.8695652173913044,321.0,Thursday,14,1,129,0.015384615384615385,0.0,1.0,1.0,68,2.9494285714285717,2.3753278252554346,3,2,3,323,At Risk
13762.0,219,1,133.2,26.639999999999997,5,104,0.0,104.0,Thursday,9,1,0,1.0,0.0,0.0,0.0,5,1.33,0.17888543819998315,1,1,1,111,Regular
13763.0,63,1,308.4,102.8,3,72,0.0,72.0,Friday,15,1,0,1.0,0.0,0.0,1.0,3,4.283333333333334,0.6110100926607789,2,1,2,212,At Risk
13764.0,71,3,1519.42,7.340193236714976,183,926,1.2912621359223302,308.6666666666667,Friday,12,1,266,0.011235955056179775,0.0,0.0,1.0,183,2.735265700483092,2.371037379355979,2,3,4,234,Regular
13767.0,2,37,9986.460000000001,31.90562300319489,50,3392,1.1378205128205128,91.67567567567568,Tuesday,9,1,371,0.09946236559139784,3.0,3.0,9.0,50,4.039361022364217,2.961748266738272,4,4,4,444,Champions
13769.0,2,10,2355.87,17.983740458015266,72,971,2.7846153846153845,97.1,Monday,13,1,365,0.0273224043715847,1.0,2.0,2.0,72,3.771526717557252,3.4464080461307147,4,4,4,444,Champions
13771.0,64,4,2330.9700000000003,20.447105263157898,109,1233,1.6106194690265487,308.25,Wednesday,15,1,182,0.02185792349726776,0.0,0.0,2.0,109,2.684561403508772,2.15694849198612,2,3,4,234,Regular
13772.0,34,3,1122.63,6.489190751445087,141,540,1.191860465116279,180.0,Sunday,11,1,205,0.014563106796116505,0.0,1.0,1.0,141,2.4815606936416184,2.269331525654581,3,3,3,333,Loyal
13774.0,82,1,345.0,15.681818181818182,22,192,0.0,192.0,Monday,12,1,0,1.0,0.0,0.0,1.0,22,3.290909090909091,3.2164249735365518,2,1,2,212,At Risk
13777.0,9,20,3356.44,37.712808988764046,33,1423,4.034090909090909,71.15,Wednesday,14,1,364,0.0547945205479452,2.0,3.0,6.0,33,2.627640449438202,1.9090609438769,4,4,4,444,Champions
13778.0,103,1,178.7,19.855555555555554,9,70,0.0,70.0,Sunday,15,1,0,1.0,0.0,0.0,0.0,9,3.3,1.7349351572897473,2,1,1,211,At Risk
13780.0,7,2,274.21,4.8966071428571425,55,162,2.963636363636364,81.0,Friday,13,1,163,0.012195121951219513,1.0,1.0,1.0,55,2.619464285714286,2.635171493224169,4,2,2,422,At Risk
13781.0,251,1,127.84,7.5200000000000005,17,30,0.0,30.0,Sunday,12,1,0,1.0,0.0,0.0,0.0,17,4.557058823529411,3.3442315348706835,1,1,1,111,Regular
13782.0,13,6,895.42,7.994821428571428,95,337,2.810810810810811,56.166666666666664,Sunday,12,1,315,0.0189873417721519,1.0,2.0,3.0,95,3.5707142857142857,2.649107520726679,4,4,3,443,Champions
13784.0,113,5,511.71000000000004,51.17100000000001,6,161,24.22222222222222,32.2,Thursday,9,1,219,0.022727272727272728,0.0,0.0,0.0,6,5.044,4.98779889107187,2,4,2,242,Regular
13786.0,367,1,148.8,24.8,6,104,0.0,104.0,Tuesday,13,1,0,1.0,0.0,0.0,0.0,6,1.7833333333333332,1.5667375870472589,1,1,1,111,Regular
13787.0,76,2,269.8,9.303448275862069,23,191,10.285714285714286,95.5,Sunday,12,1,288,0.006920415224913495,0.0,0.0,1.0,23,2.627586206896552,2.925071006674653,2,2,2,222,At Risk
13790.0,4,1,236.83999999999997,6.40108108108108,37,424,0.0,424.0,Monday,15,1,0,1.0,1.0,1.0,1.0,37,0.8651351351351351,1.1724253627550163,4,1,1,411,At Risk
13792.0,66,2,195.55,15.042307692307693,13,92,18.416666666666668,46.0,Tuesday,14,1,221,0.009009009009009009,0.0,0.0,1.0,13,3.5461538461538464,3.1688892335263117,2,2,1,221,At Risk
13798.0,8,24,2580.11,41.61467741935484,33,505,5.672131147540983,21.041666666666668,Sunday,13,1,356,0.06722689075630252,3.0,5.0,6.0,33,4.194838709677419,2.7420297268153915,4,4,4,444,Champions
13799.0,117,2,688.86,17.663076923076922,32,402,4.657894736842105,201.0,Monday,12,1,177,0.011235955056179775,0.0,0.0,0.0,32,2.1302564102564103,1.989931878203884,2,2,3,223,At Risk
13800.0,310,1,558.32,16.91878787878788,33,331,0.0,331.0,Thursday,12,1,0,1.0,0.0,0.0,0.0,33,2.553939393939394,3.065634048808194,1,1,2,112,Regular
13801.0,67,1,324.8,14.121739130434783,23,168,0.0,168.0,Tuesday,10,1,0,1.0,0.0,0.0,1.0,23,3.9543478260869565,3.821616538119291,2,1,2,212,At Risk
13802.0,139,3,1541.02,40.55315789473684,37,582,4.648648648648648,194.0,Tuesday,10,1,172,0.017341040462427744,0.0,0.0,0.0,37,3.2723684210526316,3.097488463177281,2,3,4,234,Regular
13803.0,255,1,277.07,16.298235294117646,17,121,0.0,121.0,Tuesday,12,1,0,1.0,0.0,0.0,0.0,17,2.922941176470588,1.5213101455073288,1,1,2,112,Regular
13804.0,31,7,2485.79,19.26968992248062,121,1210,2.015625,172.85714285714286,Wednesday,12,1,259,0.026923076923076925,0.0,2.0,3.0,121,3.233953488372093,2.6755897184676436,3,4,4,344,Loyal
13806.0,64,1,256.38,25.637999999999998,10,56,0.0,56.0,Friday,11,1,0,1.0,0.0,0.0,1.0,10,5.233,2.9692125779966196,2,1,2,212,At Risk
13807.0,367,1,112.6,16.085714285714285,7,36,0.0,36.0,Tuesday,15,1,0,1.0,0.0,0.0,0.0,7,5.1499999999999995,2.7730849247724096,1,1,1,111,Regular
13808.0,6,5,1490.26,20.414520547945205,68,674,1.2361111111111112,134.8,Sunday,12,1,91,0.05434782608695652,1.0,2.0,3.0,68,3.8094520547945203,4.424399485432695,4,4,4,444,Champions
13809.0,305,1,155.05,12.920833333333334,11,29,0.0,29.0,Monday,13,1,0,1.0,0.0,0.0,0.0,11,7.108333333333333,3.8051301096697276,1,1,1,111,Regular
13810.0,29,3,1499.01,42.828857142857146,32,312,0.7941176470588235,104.0,Friday,12,1,27,0.10714285714285714,1.0,3.0,3.0,32,21.278000000000002,100.72526088909609,3,3,4,334,Loyal
13811.0,184,3,814.5,62.65384615384615,7,68,4.5,22.666666666666668,Thursday,18,1,55,0.05357142857142857,0.0,0.0,0.0,7,26.25,59.15260983253402,1,3,3,133,Regular
13812.0,42,3,539.0,14.972222222222221,33,333,1.7714285714285714,111.0,Friday,12,1,63,0.046875,0.0,1.0,2.0,33,3.586111111111111,4.806958217166788,3,3,2,332,Loyal
13813.0,40,4,1366.8600000000001,19.809565217391306,54,552,1.3823529411764706,138.0,Monday,10,1,95,0.041666666666666664,0.0,1.0,3.0,54,4.282608695652174,4.0804896808845905,3,3,4,334,Loyal
13814.0,92,2,1492.72,27.140363636363638,37,768,0.8148148148148148,384.0,Monday,13,1,44,0.044444444444444446,0.0,0.0,0.0,37,3.0978181818181816,3.4226179556055722,2,2,4,224,At Risk
13815.0,22,4,3566.76,21.486506024096386,128,1920,1.793939393939394,480.0,Monday,13,1,296,0.013468013468013467,2.0,2.0,2.0,128,2.654698795180723,3.9485137479584296,3,3,4,334,Loyal
13816.0,24,2,548.27,20.306296296296296,24,233,1.5384615384615385,116.5,Thursday,14,1,40,0.04878048780487805,1.0,1.0,2.0,24,4.893703703703704,8.282154656548364,3,2,2,322,At Risk
13817.0,29,2,382.98,15.957500000000001,20,211,14.0,105.5,Thursday,17,1,322,0.006191950464396285,1.0,1.0,1.0,20,3.219583333333333,4.636790005809085,3,2,2,322,At Risk
13819.0,302,3,650.25,25.009615384615383,23,379,0.68,126.33333333333333,Monday,10,1,18,0.15789473684210525,0.0,0.0,0.0,23,2.4365384615384618,2.3530217887774727,1,3,3,133,Regular
13821.0,145,2,385.64,6.536271186440678,51,153,2.0,76.5,Wednesday,11,1,116,0.017094017094017096,0.0,0.0,0.0,51,3.2916949152542374,2.4461984246795545,1,2,2,122,Regular
13822.0,6,2,504.1,5.3627659574468085,89,452,0.3655913978494624,226.0,Sunday,15,1,34,0.05714285714285714,1.0,2.0,2.0,89,1.8058510638297873,2.5489198258585475,4,2,2,422,At Risk
13823.0,19,2,865.86,22.201538461538462,38,403,1.894736842105263,201.5,Friday,10,1,72,0.0273972602739726,1.0,1.0,1.0,38,3.9556410256410257,3.031716375839891,3,2,3,323,At Risk
13824.0,33,5,1301.06,30.977619047619047,31,520,6.7317073170731705,104.0,Wednesday,8,1,277,0.017985611510791366,0.0,1.0,1.0,31,2.8402380952380955,1.9655390722056425,3,4,3,343,Loyal
13826.0,176,1,189.5,18.95,10,82,0.0,82.0,Thursday,13,1,0,1.0,0.0,0.0,0.0,10,5.7299999999999995,4.7012527881169905,1,1,1,111,Regular
13827.0,58,3,409.8,4.4543478260869565,83,138,0.9340659340659341,46.0,Friday,11,1,85,0.03488372093023256,0.0,1.0,1.0,83,3.7767391304347826,3.747761854788831,2,3,2,232,Regular
13828.0,22,1,168.45,14.0375,12,95,0.0,95.0,Thursday,16,1,0,1.0,1.0,1.0,1.0,12,2.3333333333333335,1.4664944802507989,3,1,1,311,At Risk
13831.0,16,5,1031.93,16.379841269841272,56,243,3.225806451612903,48.6,Monday,13,1,202,0.024630541871921183,1.0,1.0,2.0,56,4.247936507936508,3.0586008601499786,4,4,3,443,Champions
13832.0,19,1,52.2,17.400000000000002,3,28,0.0,28.0,Sunday,15,1,0,1.0,1.0,1.0,1.0,3,2.283333333333333,1.274100990241093,3,1,1,311,At Risk
13833.0,159,1,383.85,13.708928571428572,28,117,0.0,117.0,Sunday,13,1,0,1.0,0.0,0.0,0.0,28,5.041071428571429,3.0289361771221532,1,1,2,112,Regular
13835.0,25,4,834.57,15.174000000000001,48,442,3.4814814814814814,110.5,Sunday,15,1,190,0.020942408376963352,1.0,2.0,2.0,48,3.2005454545454546,3.096900731604767,3,3,3,333,Loyal
13837.0,212,2,221.59,13.034705882352942,16,146,6.5625,73.0,Thursday,12,1,105,0.018867924528301886,0.0,0.0,0.0,16,2.1094117647058823,1.2267664334961816,1,2,1,121,Regular
13838.0,6,4,674.82,4.089818181818182,144,254,2.2195121951219514,63.5,Sunday,10,1,364,0.010958904109589041,1.0,1.0,1.0,144,3.169272727272727,2.60785973447164,4,3,3,433,Regular
13842.0,59,9,3311.1,16.310837438423643,152,1636,1.5,181.77777777777777,Wednesday,10,1,308,0.02912621359223301,0.0,1.0,2.0,152,4.095911330049261,4.129888825969895,2,4,4,244,Regular
13844.0,11,1,361.62,18.081,20,196,0.0,196.0,Monday,13,1,0,1.0,1.0,1.0,1.0,20,2.4605,1.7792561278301258,4,1,2,412,At Risk
13845.0,65,1,157.86,26.310000000000002,6,78,0.0,78.0,Thursday,8,1,0,1.0,0.0,0.0,1.0,6,2.23,1.1492606318846914,2,1,1,211,At Risk
13846.0,25,3,865.0600000000001,15.728363636363637,55,388,6.185185185185185,129.33333333333334,Tuesday,16,1,335,0.008928571428571428,1.0,1.0,1.0,55,3.524909090909091,3.111445342796836,3,3,3,333,Loyal
13849.0,52,2,1537.95,15.227227722772279,97,1016,1.19,508.0,Wednesday,10,1,119,0.016666666666666666,0.0,1.0,1.0,97,3.023960396039604,3.248067141919304,2,2,4,224,At Risk
13850.0,129,1,1595.48,17.155698924731183,93,944,0.0,944.0,Tuesday,14,1,0,1.0,0.0,0.0,0.0,93,2.4186021505376343,2.225010792058756,2,1,4,214,At Risk
13851.0,96,3,1606.98,20.86987012987013,73,1033,2.513157894736842,344.3333333333333,Wednesday,14,1,192,0.015544041450777202,0.0,0.0,0.0,73,2.3025974025974025,2.108994149499885,2,3,4,234,Regular
13853.0,57,1,971.7,44.16818181818182,22,276,0.0,276.0,Thursday,14,1,0,1.0,0.0,1.0,1.0,22,4.603181818181818,4.2503203087852945,2,1,3,213,At Risk
13854.0,9,24,5991.12,65.12086956521739,31,1336,3.802197802197802,55.666666666666664,Tuesday,11,1,356,0.06722689075630252,2.0,3.0,5.0,31,5.030434782608696,3.485056296719516,4,4,4,444,Champions
13856.0,169,3,120.3,12.03,9,114,3.7777777777777777,38.0,Friday,13,1,34,0.08571428571428572,0.0,0.0,0.0,9,1.19,0.9082339395160748,1,3,1,131,Regular
13858.0,57,1,216.17000000000002,19.651818181818182,11,75,0.0,75.0,Thursday,16,1,0,1.0,0.0,1.0,1.0,11,4.335454545454545,2.7426679114918873,2,1,1,211,At Risk
13859.0,326,1,201.16,7.184285714285714,27,129,0.0,129.0,Monday,16,1,0,1.0,0.0,0.0,0.0,27,2.887857142857143,2.5461566638001196,1,1,1,111,Regular
13860.0,1,5,1236.78,16.4904,57,543,1.1216216216216217,108.6,Wednesday,9,1,85,0.05813953488372093,2.0,4.0,5.0,57,3.5589333333333335,2.9102607728115646,4,4,3,443,Champions
13862.0,18,8,2182.96,15.818550724637682,96,1640,2.2627737226277373,205.0,Tuesday,14,1,314,0.025396825396825397,1.0,1.0,2.0,96,1.7053623188405798,1.277955232312949,4,4,4,444,Champions
13863.0,248,1,305.78,15.288999999999998,20,224,0.0,224.0,Wednesday,10,1,0,1.0,0.0,0.0,0.0,20,2.5965,2.9714665438218604,1,1,2,112,Regular
13865.0,58,4,501.56,16.718666666666667,26,204,7.931034482758621,51.0,Wednesday,8,1,231,0.017241379310344827,0.0,1.0,1.0,26,3.902333333333333,3.409606796354548,2,3,2,232,Regular
13866.0,74,1,145.67,20.81,7,57,0.0,57.0,Monday,14,1,0,1.0,0.0,0.0,1.0,7,3.375714285714286,1.6579390533918623,2,1,1,211,At Risk
13867.0,31,3,1005.09,16.7515,51,501,3.152542372881356,167.0,Monday,12,1,186,0.016042780748663103,0.0,1.0,2.0,51,3.9956666666666667,3.4550068638685114,3,3,3,333,Loyal
13868.0,39,1,488.82,15.768387096774193,31,416,0.0,416.0,Tuesday,12,1,0,1.0,0.0,1.0,1.0,31,1.9035483870967742,2.46754878153347,3,1,2,312,At Risk
13869.0,123,4,3053.05,10.076072607260727,233,1673,0.7715231788079471,418.25,Monday,13,1,233,0.017094017094017096,0.0,0.0,0.0,233,2.9524422442244225,2.7120388903637194,2,3,4,234,Regular
13870.0,2,8,2008.44,18.258545454545455,88,1039,2.596330275229358,129.875,Friday,9,1,285,0.027972027972027972,1.0,3.0,3.0,88,3.4135454545454547,2.9298422121034413,4,4,4,444,Champions
13871.0,23,13,6198.05,18.66882530120482,155,2672,0.8489425981873112,205.53846153846155,Thursday,12,1,286,0.04529616724738676,1.0,4.0,4.0,155,3.7872891566265063,2.9037206886313984,3,4,4,344,Loyal
13873.0,120,3,389.6,16.93913043478261,21,140,8.590909090909092,46.666666666666664,Thursday,9,1,190,0.015706806282722512,0.0,0.0,0.0,21,4.609565217391304,3.090474335850948,2,3,2,232,Regular
13874.0,358,1,458.85,26.991176470588236,17,148,0.0,148.0,Thursday,18,1,0,1.0,0.0,0.0,0.0,17,5.679411764705883,8.422552664267107,1,1,2,112,Regular
13875.0,54,5,1568.8700000000001,15.533366336633664,76,1182,2.46,236.4,Friday,9,1,247,0.020161290322580645,0.0,1.0,1.0,76,1.9596039603960396,2.2091088342551526,2,4,4,244,Regular
13876.0,64,1,122.7,17.52857142857143,7,36,0.0,36.0,Friday,10,1,0,1.0,0.0,0.0,1.0,7,5.114285714285714,3.7914063228255954,2,1,1,211,At Risk
13877.0,86,1,17.4,17.4,1,12,0.0,12.0,Wednesday,15,1,0,1.0,0.0,0.0,1.0,1,1.45,0.0,2,1,1,211,At Risk
13878.0,55,1,1243.73,37.68878787878788,33,367,0.0,367.0,Sunday,12,1,0,1.0,0.0,1.0,1.0,33,5.035757575757576,3.9634912248412935,2,1,3,213,At Risk
13880.0,21,13,3189.53,19.448353658536586,124,1794,2.098159509202454,138.0,Tuesday,14,1,345,0.03757225433526012,1.0,2.0,5.0,124,2.700853658536585,2.6927590709225386,3,4,4,344,Loyal
13881.0,18,13,3553.76,46.152727272727276,45,1006,3.789473684210526,77.38461538461539,Thursday,14,1,293,0.04421768707482993,1.0,1.0,3.0,45,4.003246753246753,2.9536059324326187,4,4,4,444,Champions
13882.0,3,5,1010.69,18.048035714285714,47,597,1.0727272727272728,119.4,Thursday,12,1,61,0.08064516129032258,3.0,4.0,5.0,47,3.8376785714285715,4.606318976469932,4,4,3,443,Champions
13883.0,11,5,2592.88,18.52057142857143,106,1340,1.7338129496402879,268.0,Thursday,10,1,242,0.0205761316872428,1.0,1.0,1.0,106,3.412142857142857,3.2408920047788166,4,4,4,444,Champions
13884.0,7,5,718.3000000000001,12.38448275862069,44,258,4.824561403508772,51.6,Sunday,13,1,276,0.018050541516245487,1.0,1.0,2.0,44,3.596551724137931,2.4542812945374197,4,4,3,443,Champions
13885.0,189,2,506.8,18.1,28,182,0.4074074074074074,91.0,Monday,8,1,11,0.16666666666666666,0.0,0.0,0.0,28,3.960714285714286,2.7822305580786937,1,2,2,122,Regular
13886.0,71,1,243.56,15.2225,16,126,0.0,126.0,Thursday,13,1,0,1.0,0.0,0.0,1.0,16,3.805,3.783587362984147,2,1,1,211,At Risk
13887.0,204,1,349.55,18.397368421052633,19,147,0.0,147.0,Thursday,17,1,0,1.0,0.0,0.0,0.0,19,3.8542105263157898,2.99569564503152,1,1,2,112,Regular
13888.0,120,2,595.67,15.273589743589742,38,254,2.5789473684210527,127.0,Friday,10,1,98,0.020202020202020204,0.0,0.0,0.0,38,4.1635897435897435,3.245160353818791,2,2,3,223,At Risk
13889.0,93,1,416.90000000000003,27.793333333333337,15,146,0.0,146.0,Thursday,9,1,0,1.0,0.0,0.0,0.0,15,3.8333333333333335,1.731707112594253,2,1,2,212,At Risk
13890.0,1,10,1883.81,17.125545454545453,74,831,3.2477064220183487,83.1,Thursday,9,1,357,0.027932960893854747,5.0,8.0,8.0,74,3.4015454545454546,2.0342999996904627,4,4,4,444,Champions
13892.0,27,4,410.01,19.524285714285714,20,327,10.95,81.75,Thursday,16,1,219,0.01818181818181818,1.0,2.0,3.0,20,1.312857142857143,0.8495183509327086,3,3,2,332,Loyal
13893.0,298,1,372.3,20.683333333333334,18,66,0.0,66.0,Tuesday,11,1,0,1.0,0.0,0.0,0.0,18,6.572222222222222,2.574891329644248,1,1,2,112,Regular
13894.0,24,2,443.3,17.732,24,246,11.916666666666666,123.0,Wednesday,9,1,286,0.006968641114982578,1.0,1.0,1.0,24,2.792,2.5133675948151053,3,2,2,322,At Risk
13895.0,28,4,2243.4700000000003,19.853716814159295,96,1105,1.2053571428571428,276.25,Tuesday,11,1,136,0.029197080291970802,1.0,1.0,2.0,96,2.994778761061947,2.293425812958614,3,3,4,334,Loyal
13897.0,50,1,311.16,18.303529411764707,17,200,0.0,200.0,Thursday,14,1,0,1.0,0.0,1.0,1.0,17,1.9476470588235293,1.2354530009867066,3,1,2,312,At Risk
13898.0,326,1,155.93,12.994166666666667,12,133,0.0,133.0,Tuesday,10,1,0,1.0,0.0,0.0,0.0,12,2.6141666666666667,2.4850807864436755,1,1,1,111,Regular
13899.0,16,2,388.52,20.448421052631577,19,156,14.333333333333334,78.0,Thursday,9,1,258,0.007722007722007722,1.0,1.0,1.0,19,3.0310526315789477,2.590611027745389,4,2,2,422,At Risk
13900.0,183,3,638.95,15.213095238095239,41,390,1.9268292682926829,130.0,Tuesday,12,1,79,0.0375,0.0,0.0,0.0,41,3.1271428571428572,3.370661283975178,1,3,3,133,Regular
13901.0,72,5,2644.48,18.889142857142858,135,1355,1.7625899280575539,271.0,Monday,12,1,246,0.020242914979757085,0.0,0.0,1.0,135,3.9442857142857144,5.9639294833028345,2,4,4,244,Regular
13904.0,37,2,332.64,12.793846153846154,24,332,10.28,166.0,Friday,11,1,257,0.007751937984496124,0.0,1.0,1.0,24,1.323846153846154,0.9053002901715075,3,2,2,322,At Risk
13908.0,80,4,2097.35,17.926068376068375,100,1194,1.6896551724137931,298.5,Wednesday,11,1,196,0.02030456852791878,0.0,0.0,1.0,100,2.95042735042735,4.811035337917793,2,3,4,234,Regular
13911.0,144,8,2064.91,15.409776119402984,113,1383,1.2030075187969924,172.875,Friday,10,1,163,0.04878048780487805,0.0,0.0,0.0,113,2.595597014925373,2.62669737780687,1,4,4,144,Regular
13914.0,12,2,617.33,19.2915625,27,332,0.7741935483870968,166.0,Thursday,16,1,24,0.08,1.0,2.0,2.0,27,2.6259375,2.3009000474218357,4,2,3,423,At Risk
13917.0,50,2,272.04,15.113333333333335,16,228,8.294117647058824,114.0,Friday,9,1,141,0.014084507042253521,0.0,1.0,1.0,16,2.022222222222222,2.293303693378912,3,2,2,322,At Risk
13918.0,50,2,585.0,23.4,25,324,8.458333333333334,162.0,Friday,12,1,203,0.00980392156862745,0.0,1.0,1.0,25,2.354,1.86088688533183,3,2,3,323,At Risk
13919.0,59,2,384.81,13.743214285714286,24,474,2.2962962962962963,237.0,Wednesday,10,1,62,0.031746031746031744,0.0,1.0,1.0,24,2.8360714285714286,5.29194449964298,2,2,2,222,At Risk
13922.0,352,1,159.65,26.608333333333334,6,63,0.0,63.0,Thursday,10,1,0,1.0,0.0,0.0,0.0,6,5.75,4.893669379923413,1,1,1,111,Regular
13923.0,54,1,351.13,17.5565,20,185,0.0,185.0,Monday,12,1,0,1.0,0.0,1.0,1.0,20,2.9745,2.6736835914835586,2,1,2,212,At Risk
13924.0,2,6,1698.75,15.876168224299066,80,1103,0.6320754716981132,183.83333333333334,Wednesday,15,1,70,0.08450704225352113,3.0,5.0,6.0,80,2.8237383177570092,3.0938738992501444,4,4,4,444,Champions
13925.0,93,4,645.05,16.12625,28,291,1.0769230769230769,72.75,Thursday,12,1,42,0.09302325581395349,0.0,0.0,0.0,28,6.0415,6.278169972621655,2,3,3,233,Regular
13926.0,23,1,223.85000000000002,20.35,11,104,0.0,104.0,Wednesday,13,1,0,1.0,1.0,1.0,1.0,11,6.533636363636364,11.424169355123613,3,1,1,311,At Risk
13927.0,75,1,348.99,16.61857142857143,21,214,0.0,214.0,Monday,12,1,0,1.0,0.0,0.0,1.0,21,2.6957142857142857,1.9806755701744077,2,1,2,212,At Risk
13928.0,11,4,464.57,17.206296296296298,23,129,4.653846153846154,32.25,Tuesday,12,1,122,0.032520325203252036,1.0,2.0,2.0,23,5.767407407407408,3.5488357707331746,4,3,2,432,Regular
13929.0,169,2,444.65000000000003,55.581250000000004,8,103,22.428571428571427,51.5,Thursday,15,1,157,0.012658227848101266,0.0,0.0,0.0,8,4.7125,2.762988806140398,1,2,2,122,Regular
13930.0,58,2,337.34,19.843529411764706,15,274,4.875,137.0,Tuesday,11,1,78,0.02531645569620253,0.0,1.0,1.0,15,1.6405882352941177,1.2326570416595777,2,2,2,222,At Risk
13931.0,96,2,956.13,17.07375,54,647,3.3636363636363638,323.5,Monday,10,1,185,0.010752688172043012,0.0,0.0,0.0,54,1.9575,1.2401513837211389,2,2,3,223,At Risk
13932.0,295,1,307.4,19.2125,16,72,0.0,72.0,Friday,12,1,0,1.0,0.0,0.0,0.0,16,6.103125,3.7552837775592938,1,1,2,112,Regular
13933.0,109,2,608.79,26.469130434782606,23,205,1.7727272727272727,102.5,Thursday,13,1,39,0.05,0.0,0.0,0.0,23,3.460434782608696,1.9109861287277115,2,2,3,223,At Risk
13934.0,264,1,922.1,29.74516129032258,31,390,0.0,390.0,Monday,8,1,0,1.0,0.0,0.0,0.0,31,3.1870967741935483,2.7816052841820036,1,1,3,113,Regular
13936.0,180,1,369.74,14.7896,25,294,0.0,294.0,Monday,8,1,0,1.0,0.0,0.0,0.0,25,1.5959999999999999,1.196198840772999,1,1,2,112,Regular
13937.0,169,1,128.25,16.03125,8,87,0.0,87.0,Thursday,16,1,0,1.0,0.0,0.0,0.0,8,1.8,1.423275899365364,1,1,1,111,Regular
13938.0,35,1,71.66,10.237142857142857,7,70,0.0,70.0,Friday,14,1,0,1.0,0.0,1.0,1.0,7,1.012857142857143,0.3202974807744765,3,1,1,311,At Risk
13939.0,23,3,491.87,12.612051282051283,37,595,7.578947368421052,198.33333333333334,Tuesday,11,1,288,0.010380622837370242,1.0,1.0,1.0,37,1.3184615384615386,2.061474355459855,3,3,2,332,Loyal
13940.0,17,4,778.6600000000001,16.567234042553192,38,420,2.717391304347826,105.0,Monday,16,1,126,0.031496062992125984,1.0,1.0,2.0,38,3.227446808510638,2.646836888327935,4,3,3,433,Regular
13941.0,22,5,1556.88,62.275200000000005,14,368,14.541666666666666,73.6,Tuesday,9,1,350,0.014245014245014245,1.0,1.0,2.0,14,5.1148,7.8216585623937,3,4,4,344,Loyal
13946.0,79,3,57.33,11.466,5,55,47.0,18.333333333333332,Thursday,10,1,188,0.015873015873015872,0.0,0.0,1.0,5,1.762,2.003763958154752,2,3,1,231,Regular
13947.0,65,1,90.60000000000001,18.12,5,44,0.0,44.0,Wednesday,14,1,0,1.0,0.0,0.0,1.0,5,2.93,2.2083930809527548,2,1,1,211,At Risk
13948.0,361,1,102.0,34.0,3,40,0.0,40.0,Tuesday,10,1,0,1.0,0.0,0.0,0.0,3,3.9499999999999997,3.4641016151377544,1,1,1,111,Regular
13949.0,3,6,2119.84,14.038675496688743,120,1998,0.5933333333333334,333.0,Wednesday,11,1,91,0.06521739130434782,2.0,3.0,5.0,120,1.5045033112582782,1.383761390193036,4,4,4,444,Champions
13950.0,11,4,663.46,19.513529411764708,33,291,7.090909090909091,72.75,Tuesday,14,1,235,0.01694915254237288,2.0,2.0,3.0,33,4.649705882352941,4.793248715037305,4,3,3,433,Regular
13951.0,176,3,613.49,16.58081081081081,36,303,3.25,101.0,Sunday,13,1,118,0.025210084033613446,0.0,0.0,0.0,36,3.6440540540540542,3.4380270985450845,1,3,3,133,Regular
13952.0,218,2,3109.511,23.556901515151516,116,1195,0.15267175572519084,597.5,Friday,9,1,20,0.09523809523809523,0.0,0.0,0.0,116,4.110916666666666,3.5366515734209907,1,2,4,124,Regular
13953.0,7,2,265.68,20.436923076923076,7,124,9.0,62.0,Tuesday,10,1,108,0.01834862385321101,1.0,1.0,1.0,7,2.8546153846153848,1.9756965665498645,4,2,2,422,At Risk
13954.0,2,2,439.92,17.5968,24,150,2.875,75.0,Friday,10,1,69,0.02857142857142857,1.0,1.0,2.0,24,5.4508,5.374669695277406,4,2,2,422,At Risk
13955.0,154,2,322.96,9.786666666666665,33,154,4.71875,77.0,Friday,17,1,151,0.013157894736842105,0.0,0.0,0.0,33,3.016060606060606,3.4280332730608265,1,2,2,122,Regular
13956.0,5,5,955.14,6.587172413793104,122,421,1.8333333333333333,84.2,Sunday,16,1,266,0.018726591760299626,1.0,2.0,2.0,122,3.5240689655172415,3.648078926821875,4,4,3,443,Champions
13959.0,79,3,594.04,6.600444444444444,79,355,3.168539325842697,118.33333333333333,Wednesday,15,1,283,0.01056338028169014,0.0,0.0,1.0,79,2.2066666666666666,1.932548529849825,2,3,3,233,Regular
13960.0,21,2,230.22,19.185,11,142,4.545454545454546,71.0,Friday,15,1,50,0.0392156862745098,1.0,1.0,2.0,11,2.105,1.8323432588305657,3,2,1,321,At Risk
13962.0,22,2,169.54999999999998,15.413636363636362,11,87,22.3,43.5,Friday,11,1,223,0.008928571428571428,1.0,1.0,1.0,11,7.019090909090909,7.217745429904625,3,2,1,321,At Risk
13963.0,308,4,589.42,17.86121212121212,33,340,1.8125,85.0,Tuesday,11,1,59,0.06666666666666667,0.0,0.0,0.0,33,3.421818181818182,2.8121893767861885,1,3,3,133,Regular
13967.0,146,1,35.7,35.7,1,6,0.0,6.0,Sunday,12,1,0,1.0,0.0,0.0,0.0,1,5.95,0.0,1,1,1,111,Regular
13969.0,7,18,7380.53,12.342023411371237,331,3464,0.5845896147403685,192.44444444444446,Thursday,15,1,357,0.05027932960893855,4.0,7.0,7.0,331,3.0122240802675586,5.475864103043196,4,4,4,444,Champions
13971.0,19,8,2596.26,18.283521126760565,114,1548,1.872340425531915,193.5,Monday,12,1,266,0.0299625468164794,1.0,2.0,2.0,114,2.3098591549295775,1.8708067004686586,3,4,4,344,Loyal
13972.0,71,2,190.25,12.683333333333334,15,187,9.357142857142858,93.5,Sunday,11,1,131,0.015151515151515152,0.0,0.0,1.0,15,2.546,2.320458082854701,2,2,1,221,At Risk
13973.0,287,1,264.7,24.063636363636363,11,109,0.0,109.0,Friday,15,1,0,1.0,0.0,0.0,0.0,11,3.7563636363636363,2.9910442080560187,1,1,2,112,Regular
13974.0,49,1,413.59000000000003,14.77107142857143,28,249,0.0,249.0,Friday,14,1,0,1.0,0.0,1.0,1.0,28,2.1967857142857143,1.512706805136699,3,1,2,312,At Risk
13975.0,31,6,2387.8,7.324539877300614,237,1511,0.7446153846153846,251.83333333333334,Tuesday,13,1,245,0.024390243902439025,0.0,2.0,2.0,237,2.180490797546012,1.8497508534705565,3,4,4,344,Loyal
13976.0,207,1,339.26,37.69555555555556,9,106,0.0,106.0,Tuesday,9,1,0,1.0,0.0,0.0,0.0,9,3.921111111111111,2.4933934930353674,1,1,2,112,Regular
13978.0,15,2,132.53,12.048181818181819,10,117,3.0,58.5,Tuesday,15,1,30,0.06451612903225806,1.0,2.0,2.0,10,1.5336363636363637,1.3060954997799565,4,2,1,421,At Risk
13979.0,73,1,869.87,16.108703703703704,54,639,0.0,639.0,Tuesday,13,1,0,1.0,0.0,0.0,1.0,54,1.8322222222222222,1.2324858553540479,2,1,3,213,At Risk
13980.0,60,1,181.58,18.158,10,108,0.0,108.0,Monday,13,1,0,1.0,0.0,1.0,1.0,10,4.276999999999999,4.190385954115019,2,1,1,211,At Risk
13982.0,39,4,1480.25,14.233173076923077,68,876,3.1553398058252426,219.0,Monday,13,1,326,0.012232415902140673,0.0,1.0,1.0,68,2.2704807692307694,1.532968045574597,3,3,4,334,Loyal
13983.0,40,11,2392.95,23.009134615384614,90,1015,3.1262135922330097,92.27272727272727,Monday,14,1,327,0.03353658536585366,0.0,2.0,3.0,90,6.479038461538461,24.116415209595583,3,4,4,344,Loyal
13984.0,27,4,277.43,23.11916666666667,12,139,30.727272727272727,34.75,Wednesday,15,1,339,0.011764705882352941,1.0,1.0,1.0,12,2.3441666666666667,1.1783074018834532,3,3,2,332,Loyal
13985.0,4,15,6895.13,19.985884057971013,107,3313,0.7354651162790697,220.86666666666667,Wednesday,13,1,260,0.05747126436781609,4.0,7.0,8.0,107,2.3976521739130434,1.3918550427615182,4,4,4,444,Champions
13986.0,17,1,186.06,18.606,10,110,0.0,110.0,Tuesday,15,1,0,1.0,1.0,1.0,1.0,10,2.294,1.1714302748729388,4,1,1,411,At Risk
13988.0,20,6,3892.12,17.375535714285714,180,2492,1.0358744394618835,415.3333333333333,Wednesday,10,1,234,0.02553191489361702,1.0,2.0,3.0,180,3.109732142857143,4.012228049221805,3,4,4,344,Loyal
13989.0,66,2,524.5600000000001,16.392500000000002,25,365,5.580645161290323,182.5,Thursday,15,1,173,0.011494252873563218,0.0,0.0,1.0,25,3.1075,3.540620503299824,2,2,2,222,At Risk
13990.0,213,1,292.58,19.505333333333333,15,142,0.0,142.0,Tuesday,15,1,0,1.0,0.0,0.0,0.0,15,2.8113333333333332,1.8674844297177138,1,1,2,112,Regular
13991.0,12,6,721.84,9.624533333333334,58,659,1.7432432432432432,109.83333333333333,Sunday,13,1,131,0.045454545454545456,3.0,4.0,5.0,58,1.6133333333333333,1.330660609493517,4,4,3,443,Champions
13992.0,30,1,76.8,15.36,5,64,0.0,64.0,Wednesday,15,1,0,1.0,1.0,1.0,1.0,5,1.17,0.3346640106136302,3,1,1,311,At Risk
13993.0,43,9,3262.36,27.186333333333334,66,852,2.3865546218487395,94.66666666666667,Wednesday,12,1,287,0.03125,0.0,1.0,3.0,66,5.598083333333333,4.5514576658202035,3,4,4,344,Loyal
13994.0,4,6,2243.54,15.262176870748299,121,896,0.9657534246575342,149.33333333333334,Monday,15,1,144,0.041379310344827586,1.0,2.0,4.0,121,3.7736734693877554,2.6667100662762304,4,4,4,444,Champions
13995.0,15,5,1393.69,16.205697674418605,55,879,2.7058823529411766,175.8,Thursday,8,1,230,0.021645021645021644,1.0,2.0,2.0,55,2.227558139534884,1.9538335988190354,4,4,4,444,Champions
13999.0,10,12,3748.41,18.465073891625615,101,2073,1.7178217821782178,172.75,Monday,11,1,351,0.03409090909090909,2.0,2.0,3.0,101,2.3078817733990147,1.913959905694668,4,4,4,444,Champions
14000.0,211,1,262.2,32.775,8,100,0.0,100.0,Thursday,16,1,0,1.0,0.0,0.0,0.0,8,3.0625,1.0521237026672698,1,1,2,112,Regular
14001.0,46,3,992.4000000000001,32.012903225806454,28,318,10.9,106.0,Tuesday,10,1,327,0.009146341463414634,0.0,1.0,1.0,28,4.0441935483870965,2.9339220328126747,3,3,3,333,Loyal
14002.0,134,2,462.05,11.269512195121951,41,577,0.55,288.5,Thursday,15,1,22,0.08695652173913043,0.0,0.0,0.0,41,2.722926829268293,4.177463491104643,2,2,2,222,At Risk
14004.0,43,7,3657.06,23.747142857142858,90,1862,1.588235294117647,266.0,Thursday,12,1,245,0.028455284552845527,0.0,1.0,2.0,90,3.0284415584415583,3.0951896327325943,3,4,4,344,Loyal
14005.0,10,5,1713.8999999999999,25.20441176470588,50,1104,3.0597014925373136,220.8,Sunday,10,1,206,0.024154589371980676,1.0,1.0,2.0,50,2.4641176470588237,3.291757791680141,4,4,4,444,Champions
14006.0,116,3,519.55,19.982692307692307,18,297,7.84,99.0,Tuesday,16,1,196,0.015228426395939087,0.0,0.0,0.0,18,2.542307692307692,2.9788485126871524,2,3,2,232,Regular
14009.0,198,2,695.61,16.562142857142856,42,365,0.17073170731707318,182.5,Wednesday,13,1,7,0.25,0.0,0.0,0.0,42,2.822142857142857,2.0254798115258903,1,2,3,123,Regular
14012.0,278,1,328.8,29.89090909090909,11,160,0.0,160.0,Monday,12,1,0,1.0,0.0,0.0,0.0,11,2.8318181818181816,1.9020085077718143,1,1,2,112,Regular
14013.0,110,3,435.58,13.611875,28,366,5.32258064516129,122.0,Sunday,15,1,165,0.018072289156626505,0.0,0.0,0.0,28,1.44375,1.1122883995938138,2,3,2,232,Regular
14014.0,77,1,304.42,11.274814814814816,27,512,0.0,512.0,Friday,13,1,0,1.0,0.0,0.0,1.0,27,0.6618518518518519,0.43673647253091474,2,1,2,212,At Risk
14015.0,53,1,607.62,40.508,15,166,0.0,166.0,Tuesday,10,1,0,1.0,0.0,1.0,1.0,15,3.592,1.4497398781456328,2,1,3,213,At Risk
14016.0,162,4,3813.67,25.256092715231787,144,1591,1.2933333333333332,397.75,Friday,10,1,195,0.02040816326530612,0.0,0.0,0.0,144,4.143443708609271,7.069975770477823,1,3,4,134,Regular
14019.0,47,3,1040.41,17.055901639344263,36,637,1.5,212.33333333333334,Sunday,15,1,91,0.03260869565217391,0.0,1.0,1.0,36,2.5150819672131144,2.5852083236177954,3,3,3,333,Loyal
14020.0,17,2,628.76,16.546315789473685,36,405,1.9189189189189189,202.5,Wednesday,9,1,71,0.027777777777777776,1.0,1.0,2.0,36,2.913684210526316,2.7450953028822362,4,2,3,423,At Risk
14021.0,155,3,631.9,28.722727272727273,22,192,4.761904761904762,64.0,Thursday,13,1,101,0.029411764705882353,0.0,0.0,0.0,22,4.502272727272727,3.1452714801718913,1,3,3,133,Regular
14022.0,225,1,396.8,15.872,25,375,0.0,375.0,Thursday,14,1,0,1.0,0.0,0.0,0.0,25,1.4047999999999998,1.0506867595371452,1,1,2,112,Regular
14023.0,7,2,560.67,18.689,29,309,8.344827586206897,154.5,Sunday,15,1,242,0.00823045267489712,1.0,1.0,1.0,29,2.945,2.2838227934154913,4,2,2,422,At Risk
14024.0,122,2,327.7,20.48125,16,150,0.13333333333333333,75.0,Sunday,13,1,2,0.6666666666666666,0.0,0.0,0.0,16,3.70125,3.09243781936948,2,2,2,222,At Risk
14027.0,61,1,104.82,17.47,6,62,0.0,62.0,Monday,9,1,0,1.0,0.0,0.0,1.0,6,2.143333333333333,1.4504849763671002,2,1,1,211,At Risk
14029.0,63,2,417.66,29.832857142857144,14,158,6.153846153846154,79.0,Friday,14,1,80,0.024691358024691357,0.0,0.0,1.0,14,4.588571428571428,4.019708862673929,2,2,2,222,At Risk
14030.0,18,8,2348.4,9.744398340248964,210,1442,1.4375,180.25,Monday,16,1,348,0.022922636103151862,1.0,1.0,2.0,210,4.081701244813278,14.309535806949615,4,4,4,444,Champions
14031.0,7,17,9139.960000000001,43.52361904761905,114,2088,1.7177033492822966,122.82352941176471,Friday,17,1,365,0.04644808743169399,2.0,3.0,4.0,114,4.708523809523809,3.167176336171776,4,4,4,444,Champions
14032.0,2,11,2446.51,18.675648854961835,52,1444,2.7615384615384615,131.27272727272728,Tuesday,11,1,364,0.030136986301369864,3.0,4.0,5.0,52,2.5291603053435114,2.3018457604439426,4,4,4,444,Champions
14034.0,22,3,477.59,5.824268292682927,79,258,1.6666666666666667,86.0,Thursday,14,1,135,0.022058823529411766,1.0,1.0,1.0,79,2.4685365853658534,3.1177275365997175,3,3,2,332,Loyal
14035.0,29,5,1008.4200000000001,16.807000000000002,40,507,4.52542372881356,101.4,Sunday,15,1,268,0.01858736059479554,1.0,2.0,2.0,40,2.908,2.741096403179834,3,4,3,343,Loyal
14036.0,285,1,626.65,16.49078947368421,38,268,0.0,268.0,Monday,9,1,0,1.0,0.0,0.0,0.0,38,4.371842105263158,3.3995221089132577,1,1,3,113,Regular
14037.0,176,2,147.20000000000002,5.257142857142858,27,46,6.962962962962963,23.0,Friday,11,1,188,0.010582010582010581,0.0,0.0,0.0,27,3.460714285714286,1.433033375774848,1,2,1,121,Regular
14038.0,78,3,1560.38,16.960652173913044,64,965,1.4065934065934067,321.6666666666667,Monday,14,1,128,0.023255813953488372,0.0,0.0,1.0,64,1.917717391304348,0.9759921446955429,2,3,4,234,Regular
14039.0,33,1,82.6,16.52,5,44,0.0,44.0,Sunday,13,1,0,1.0,0.0,1.0,1.0,5,2.15,1.1180339887498951,3,1,1,311,At Risk
14040.0,41,12,3086.26,14.028454545454547,142,1202,1.3013698630136987,100.16666666666667,Sunday,12,1,290,0.041237113402061855,0.0,1.0,2.0,142,3.880454545454546,2.817864532414326,3,4,4,344,Loyal
14041.0,266,1,141.41,6.733809523809524,21,94,0.0,94.0,Friday,13,1,0,1.0,0.0,0.0,0.0,21,1.870952380952381,1.5782423919091289,1,1,1,111,Regular
14044.0,27,4,646.42,3.1379611650485435,165,304,1.3756097560975609,76.0,Sunday,14,1,283,0.014084507042253521,1.0,1.0,1.0,165,2.58,3.9469949050496407,3,3,3,333,Loyal
14046.0,284,1,47.71,5.301111111111111,9,172,0.0,172.0,Monday,14,1,0,1.0,0.0,0.0,0.0,9,0.6355555555555555,1.1690927156465298,1,1,1,111,Regular
14047.0,9,5,1015.45,36.26607142857143,19,229,13.407407407407407,45.8,Thursday,11,1,364,0.0136986301369863,1.0,1.0,2.0,19,5.228571428571429,3.013808608396082,4,4,3,443,Champions
14048.0,305,1,399.85,4.760119047619048,82,240,0.0,240.0,Monday,14,1,0,1.0,0.0,0.0,0.0,82,2.212619047619048,1.3088651564256368,1,1,2,112,Regular
14049.0,17,4,5176.94,11.205497835497834,340,3003,0.6507592190889371,750.75,Wednesday,11,1,301,0.013245033112582781,1.0,1.0,1.0,340,2.6544805194805194,4.067868971894833,4,3,4,434,Regular
14050.0,32,2,746.36,13.821481481481483,49,689,1.3962264150943395,344.5,Thursday,13,1,74,0.02666666666666667,0.0,1.0,1.0,49,1.5387037037037037,1.2947791336331012,3,2,3,323,At Risk
14051.0,1,23,11962.51,64.66221621621622,52,2694,1.9293478260869565,117.1304347826087,Tuesday,15,1,365,0.06284153005464481,3.0,6.0,7.0,52,4.7889729729729735,2.914327151132965,4,4,4,444,Champions
14052.0,20,1,225.35999999999999,4.024285714285714,56,89,0.0,89.0,Sunday,12,1,0,1.0,1.0,1.0,1.0,56,2.882142857142857,2.3463764824517392,3,1,1,311,At Risk
14053.0,160,1,41.75,20.875,2,25,0.0,25.0,Sunday,12,1,0,1.0,0.0,0.0,0.0,2,1.6,0.49497474683058335,1,1,1,111,Regular
14054.0,65,1,92.46000000000001,15.410000000000002,6,62,0.0,62.0,Wednesday,15,1,0,1.0,0.0,0.0,1.0,6,1.5133333333333334,0.33476359818036766,2,1,1,211,At Risk
14055.0,106,1,241.04,30.13,8,68,0.0,68.0,Thursday,15,1,0,1.0,0.0,0.0,0.0,8,4.86625,3.7334699964357165,2,1,1,211,At Risk
14056.0,1,23,8105.91,7.477776752767528,320,4132,0.2502308402585411,179.65217391304347,Thursday,15,1,282,0.0812720848056537,2.0,4.0,6.0,320,2.8261254612546125,2.4567606472870773,4,4,4,444,Champions
14057.0,24,16,4487.12,17.876972111553783,170,3077,1.316,192.3125,Tuesday,12,1,336,0.04747774480712166,1.0,1.0,4.0,170,2.068725099601594,1.9422549699067546,3,4,4,344,Loyal
14059.0,267,1,132.6,18.942857142857143,7,68,0.0,68.0,Friday,10,1,0,1.0,0.0,0.0,0.0,7,2.5214285714285714,1.6928420734712044,1,1,1,111,Regular
14060.0,5,16,2714.02,18.462721088435373,63,2302,2.3767123287671232,143.875,Wednesday,10,1,355,0.0449438202247191,2.0,3.0,5.0,63,1.5273469387755103,1.4500006266085623,4,4,4,444,Champions
14062.0,10,9,2340.89,42.56163636363636,46,757,6.5,84.11111111111111,Wednesday,15,1,354,0.02535211267605634,1.0,1.0,1.0,46,3.3821818181818184,2.1017089086503713,4,4,4,444,Champions
14064.0,29,5,791.7,10.995833333333334,57,660,3.4225352112676055,132.0,Thursday,13,1,245,0.02032520325203252,1.0,1.0,1.0,57,1.6454166666666667,1.2254139139749396,3,4,3,343,Loyal
14066.0,267,1,152.55,21.792857142857144,7,45,0.0,45.0,Friday,12,1,0,1.0,0.0,0.0,0.0,7,4.364285714285715,3.966706682471229,1,1,1,111,Regular
14067.0,64,2,326.94,6.6722448979591835,49,229,0.6666666666666666,114.5,Friday,10,1,32,0.06060606060606061,0.0,0.0,1.0,49,3.0153061224489797,3.182818524280547,2,2,2,222,At Risk
14068.0,320,1,265.85,11.077083333333334,22,73,0.0,73.0,Sunday,16,1,0,1.0,0.0,0.0,0.0,22,4.091666666666667,1.8786365700472354,1,1,2,112,Regular
14071.0,4,8,1419.03,4.420654205607477,270,928,0.809375,116.0,Tuesday,12,1,261,0.030534351145038167,3.0,6.0,6.0,270,2.4205919003115266,3.0224753863446407,4,4,4,444,Champions
14073.0,32,1,151.04,11.618461538461538,13,130,0.0,130.0,Monday,15,1,0,1.0,0.0,1.0,1.0,13,2.1415384615384614,1.7693305991902049,3,1,1,311,At Risk
14075.0,5,3,792.14,19.8035,31,622,6.538461538461538,207.33333333333334,Wednesday,16,1,256,0.011673151750972763,2.0,2.0,2.0,31,1.8669999999999998,1.9065100348071902,4,3,3,433,Regular
14076.0,129,1,118.67,2.6970454545454547,43,79,0.0,79.0,Tuesday,15,1,0,1.0,0.0,0.0,0.0,43,2.014090909090909,2.6535928414674936,2,1,1,211,At Risk
14077.0,41,5,413.5,10.085365853658537,33,220,5.775,44.0,Thursday,15,1,233,0.021367521367521368,0.0,1.0,2.0,33,2.6873170731707314,2.454271810935215,3,4,2,342,Loyal
14078.0,102,6,1049.37,16.144153846153845,46,310,4.203125,51.666666666666664,Wednesday,12,1,271,0.022058823529411766,0.0,0.0,0.0,46,2.6804615384615382,2.296523480427284,2,4,3,243,Regular
14079.0,125,1,189.1,18.91,10,151,0.0,151.0,Sunday,12,1,0,1.0,0.0,0.0,0.0,10,3.720999999999999,5.196668697882862,2,1,1,211,At Risk
14080.0,33,1,45.599999999999994,11.399999999999999,4,48,0.0,48.0,Monday,11,1,0,1.0,0.0,1.0,1.0,4,0.95,0.2,3,1,1,311,At Risk
14081.0,302,2,906.5,6.083892617449664,125,556,0.4527027027027027,278.0,Thursday,16,1,67,0.029411764705882353,0.0,0.0,0.0,125,3.0426174496644296,2.901982406295772,1,2,3,123,Regular
14082.0,365,1,158.85,5.673214285714286,27,74,0.0,74.0,Friday,11,1,0,1.0,0.0,0.0,0.0,27,2.6567857142857143,1.8877971751761828,1,1,1,111,Regular
14083.0,4,8,988.5,5.6164772727272725,162,585,2.08,73.125,Monday,13,1,367,0.021739130434782608,2.0,2.0,2.0,162,2.8519318181818183,2.472163359352427,4,4,3,443,Champions
14085.0,2,18,4178.05,9.53892694063927,270,2663,0.8192219679633868,147.94444444444446,Thursday,13,1,366,0.04904632152588556,4.0,6.0,6.0,270,2.440936073059361,2.3814002362368334,4,4,4,444,Champions
14087.0,3,1,185.17,2.763731343283582,60,220,0.0,220.0,Wednesday,12,1,0,1.0,1.0,1.0,1.0,60,1.4159701492537313,1.1032253811074484,4,1,1,411,At Risk
14088.0,10,13,27597.28,66.33961538461539,286,4941,0.7373493975903614,380.0769230769231,Wednesday,15,1,312,0.04153354632587859,4.0,6.0,6.0,286,6.814254807692308,7.415468718214662,4,4,4,444,Champions
14089.0,57,1,127.55,10.629166666666666,12,85,0.0,85.0,Friday,10,1,0,1.0,0.0,1.0,1.0,12,2.3333333333333335,2.004011129225735,2,1,1,211,At Risk
14092.0,8,14,4058.01,19.232274881516588,116,1976,1.6428571428571428,141.14285714285714,Wednesday,12,1,350,0.039886039886039885,3.0,3.0,4.0,116,2.7687677725118487,2.0900315327090997,4,4,4,444,Champions
14093.0,12,1,411.9,4.203061224489796,93,319,0.0,319.0,Sunday,16,1,0,1.0,1.0,1.0,1.0,93,1.5410204081632655,1.3232313539491343,4,1,2,412,At Risk
14096.0,4,17,61295.62,12.085098580441642,1119,14611,0.017747978702425556,859.4705882352941,Monday,15,1,97,0.17346938775510204,5.0,10.0,14.0,1119,6.555086750788644,51.015838271635246,4,4,4,444,Champions
14098.0,37,1,147.35,7.016666666666667,21,104,0.0,104.0,Thursday,10,1,0,1.0,0.0,1.0,1.0,21,1.7047619047619047,1.1513714389701484,3,1,1,311,At Risk
14099.0,16,11,2851.81,11.784338842975206,163,1747,1.3858921161825726,158.8181818181818,Thursday,11,1,338,0.032448377581120944,1.0,2.0,3.0,163,2.6615702479338843,2.3339925397358656,4,4,4,444,Champions
14100.0,138,1,191.95,7.678,24,63,0.0,63.0,Monday,11,1,0,1.0,0.0,0.0,0.0,24,3.406,2.21342118299553,2,1,1,211,At Risk
14101.0,295,1,2.95,1.475,2,2,0.0,2.0,Friday,12,1,0,1.0,0.0,0.0,0.0,2,1.475,0.8838834764831844,1,1,1,111,Regular
14102.0,5,5,595.88,12.160816326530613,35,361,0.7708333333333334,72.2,Wednesday,12,1,39,0.125,3.0,5.0,5.0,35,2.5342857142857143,2.646497685621508,4,4,3,443,Champions
14104.0,155,2,216.21,10.295714285714286,21,72,0.55,36.0,Monday,12,1,11,0.16666666666666666,0.0,0.0,0.0,21,7.933809523809523,18.39152834219888,1,2,1,121,Regular
14105.0,239,1,1252.79,17.161506849315067,73,768,0.0,768.0,Thursday,17,1,0,1.0,0.0,0.0,0.0,73,2.9516438356164385,2.8914236274899787,1,1,3,113,Regular
14107.0,52,7,2569.67,21.962991452991453,58,1541,2.6724137931034484,220.14285714285714,Friday,12,1,312,0.022364217252396165,0.0,1.0,1.0,58,2.767094017094017,2.6340011716244676,2,4,4,244,Regular
14108.0,31,2,597.91,17.585588235294118,33,381,2.121212121212121,190.5,Wednesday,10,1,70,0.028169014084507043,0.0,1.0,1.0,33,3.093235294117647,3.3629214577265687,3,2,3,323,At Risk
14109.0,73,1,144.2,16.022222222222222,9,88,0.0,88.0,Wednesday,10,1,0,1.0,0.0,0.0,1.0,9,2.466666666666667,2.0040583823831084,2,1,1,211,At Risk
14110.0,37,10,2977.87,21.57876811594203,91,1501,1.6569343065693432,150.1,Friday,9,1,230,0.04329004329004329,0.0,2.0,5.0,91,2.311449275362319,1.6056135788419064,3,4,4,344,Loyal
14111.0,14,3,78.3,19.575,4,23,75.66666666666667,7.666666666666667,Monday,12,1,227,0.013157894736842105,1.0,1.0,1.0,4,6.4875,6.103465545627883,4,3,1,431,Regular
14112.0,23,7,2701.31,17.427806451612902,114,1443,1.62987012987013,206.14285714285714,Sunday,12,1,253,0.027559055118110236,1.0,3.0,3.0,114,2.5584516129032258,2.1411421705999363,3,4,4,344,Loyal
14113.0,4,4,644.02,22.20758620689655,25,385,12.5,96.25,Thursday,10,1,351,0.011363636363636364,2.0,2.0,3.0,25,2.333103448275862,2.4036818535742137,4,3,3,433,Regular
14114.0,274,2,386.53,25.768666666666665,15,101,4.0,50.5,Thursday,11,1,56,0.03508771929824561,0.0,0.0,0.0,15,6.312666666666667,6.433776347934244,1,2,2,122,Regular
14116.0,20,5,1309.94,18.713428571428572,60,627,1.4492753623188406,125.4,Thursday,13,1,101,0.049019607843137254,1.0,2.0,3.0,60,3.314857142857143,2.766141425360093,3,4,3,343,Loyal
14117.0,144,1,90.0,30.0,3,72,0.0,72.0,Tuesday,9,1,0,1.0,0.0,0.0,0.0,3,1.25,0.0,1,1,1,111,Regular
14121.0,4,4,2630.51,17.654429530201345,138,1650,0.36486486486486486,412.5,Tuesday,10,1,56,0.07017543859649122,3.0,4.0,4.0,138,2.4253020134228187,2.9426999821929893,4,3,4,434,Regular
14125.0,11,3,2720.63,16.38933734939759,159,1628,0.40606060606060607,542.6666666666666,Thursday,15,1,67,0.04411764705882353,2.0,2.0,3.0,159,3.170421686746988,3.5376678420248178,4,3,4,434,Regular
14126.0,11,1,213.35000000000002,19.395454545454548,11,70,0.0,70.0,Tuesday,12,1,0,1.0,1.0,1.0,1.0,11,5.072727272727272,4.966959011123588,4,1,1,411,At Risk
14127.0,123,3,709.71,16.129772727272726,39,321,4.325581395348837,107.0,Wednesday,12,1,187,0.015957446808510637,0.0,0.0,0.0,39,3.9595454545454545,2.972371971577703,2,3,3,233,Regular
14128.0,61,2,637.5,13.858695652173912,40,564,4.333333333333333,282.0,Monday,12,1,195,0.01020408163265306,0.0,0.0,1.0,40,1.895,2.0411061815702887,2,2,3,223,At Risk
14129.0,2,5,1077.06,21.5412,30,520,5.26530612244898,104.0,Thursday,9,1,259,0.019230769230769232,2.0,2.0,2.0,30,2.8178,1.6362940831435568,4,4,3,443,Champions
14130.0,319,1,440.11,6.7709230769230775,65,209,0.0,209.0,Monday,16,1,0,1.0,0.0,0.0,0.0,65,2.8950769230769233,2.626904739349219,1,1,2,112,Regular
14132.0,2,11,2761.9700000000003,15.965144508670521,89,2090,1.0290697674418605,190.0,Thursday,12,1,181,0.06043956043956044,3.0,5.0,6.0,89,1.879479768786127,1.6274831710257525,4,4,4,444,Champions
14133.0,130,3,575.04,21.297777777777778,25,312,7.153846153846154,104.0,Friday,11,1,186,0.016042780748663103,0.0,0.0,0.0,25,3.904074074074074,6.839623954608606,2,3,2,232,Regular
14135.0,2,15,2950.79,26.346339285714286,79,1510,3.2972972972972974,100.66666666666667,Tuesday,11,1,371,0.04032258064516129,2.0,4.0,5.0,79,2.7299107142857144,2.084187786811683,4,4,4,444,Champions
14138.0,2,2,965.88,20.997391304347826,40,600,1.3777777777777778,300.0,Friday,9,1,62,0.031746031746031744,1.0,1.0,2.0,40,2.3260869565217392,1.5581676963819746,4,2,3,423,At Risk
14139.0,46,1,302.18,13.735454545454546,22,318,0.0,318.0,Monday,13,1,0,1.0,0.0,1.0,1.0,22,1.622272727272727,2.429947935593882,3,1,2,312,At Risk
14140.0,4,2,925.9300000000001,14.245076923076924,59,763,0.421875,381.5,Tuesday,11,1,27,0.07142857142857142,1.0,2.0,2.0,59,1.849076923076923,1.8422690858328445,4,2,3,423,At Risk
14141.0,3,4,915.13,22.87825,27,355,2.58974358974359,88.75,Friday,14,1,102,0.038834951456310676,1.0,2.0,3.0,27,3.5195,2.2484774905791305,4,3,3,433,Regular
14142.0,373,1,297.95,14.897499999999999,20,247,0.0,247.0,Wednesday,16,1,0,1.0,0.0,0.0,0.0,20,1.9265,1.893471540236137,1,1,2,112,Regular
14143.0,134,1,115.8,16.54285714285714,7,30,0.0,30.0,Friday,9,1,0,1.0,0.0,0.0,0.0,7,5.485714285714286,2.915720935108258,2,1,1,211,At Risk
14146.0,9,5,3676.8,17.935609756097563,180,2233,1.7009803921568627,446.6,Thursday,15,1,348,0.014326647564469915,1.0,1.0,3.0,180,2.6340000000000003,2.911941202810841,4,4,4,444,Champions
14147.0,78,2,401.8,100.45,3,76,69.0,38.0,Sunday,11,1,207,0.009615384615384616,0.0,0.0,1.0,3,5.05,3.993953763711676,2,2,2,222,At Risk
14148.0,234,1,157.2,52.4,3,16,0.0,16.0,Wednesday,12,1,0,1.0,0.0,0.0,0.0,3,7.55,4.50333209967908,1,1,1,111,Regular
14149.0,221,1,446.62,15.950714285714286,28,218,0.0,218.0,Tuesday,9,1,0,1.0,0.0,0.0,0.0,28,2.9699999999999998,2.316216582977347,1,1,2,112,Regular
14150.0,36,2,584.74,24.364166666666666,22,426,14.08695652173913,213.0,Friday,10,1,324,0.006153846153846154,0.0,1.0,1.0,22,1.7433333333333332,1.7165426998999211,3,2,3,323,At Risk
14152.0,75,2,602.57,12.553541666666668,46,663,3.3617021276595747,331.5,Tuesday,15,1,158,0.012578616352201259,0.0,0.0,1.0,46,1.1591666666666667,0.9729267828684206,2,2,3,223,At Risk
14154.0,239,2,1345.62,25.87730769230769,52,465,0.0,232.5,Thursday,16,1,0,2.0,0.0,0.0,0.0,52,7.893076923076923,26.75968620954256,1,2,3,123,Regular
14155.0,266,1,118.75,19.791666666666668,6,25,0.0,25.0,Friday,14,1,0,1.0,0.0,0.0,0.0,6,5.45,1.224744871391589,1,1,1,111,Regular
14156.0,10,45,26946.71,27.72295267489712,590,8587,0.30895983522142123,190.82222222222222,Tuesday,14,1,319,0.140625,4.0,11.0,11.0,590,4.491615226337449,6.445549511943187,4,4,4,444,Champions
14157.0,20,2,404.73,8.994,44,223,6.0227272727272725,111.5,Sunday,13,1,265,0.007518796992481203,1.0,1.0,1.0,44,2.259777777777778,1.4324668628388277,3,2,2,322,At Risk
14158.0,40,1,471.18,12.081538461538461,39,589,0.0,589.0,Sunday,15,1,0,1.0,0.0,1.0,1.0,39,1.6056410256410256,2.471079877803049,3,1,2,312,At Risk
14159.0,20,11,4587.03,3.9238922155688623,498,4120,0.2902397260273973,374.54545454545456,Sunday,12,1,343,0.03197674418604651,1.0,3.0,4.0,498,1.504174508126604,1.4543459400556848,3,4,4,344,Loyal
14161.0,216,3,1097.6200000000001,10.554038461538463,87,450,1.4757281553398058,150.0,Sunday,11,1,153,0.01948051948051948,0.0,0.0,0.0,87,3.191153846153846,2.7102926104673633,1,3,3,133,Regular
14162.0,174,2,248.56,10.356666666666667,24,94,5.130434782608695,47.0,Sunday,12,1,118,0.01680672268907563,0.0,0.0,0.0,24,4.015833333333333,3.0220363371720746,1,2,1,121,Regular
14163.0,87,4,1502.91,36.656341463414634,32,333,3.75,83.25,Thursday,17,1,151,0.02631578947368421,0.0,0.0,1.0,32,5.566585365853659,5.250717384203847,2,3,4,234,Regular
14164.0,81,1,374.4,22.023529411764706,17,264,0.0,264.0,Tuesday,12,1,0,1.0,0.0,0.0,1.0,17,1.538235294117647,0.5555204237257805,2,1,2,212,At Risk
14165.0,276,1,120.44,5.0183333333333335,23,53,0.0,53.0,Wednesday,12,1,0,1.0,0.0,0.0,0.0,23,3.285,3.1920812346642515,1,1,1,111,Regular
14167.0,39,4,562.59,11.251800000000001,27,147,5.918367346938775,36.75,Monday,15,1,291,0.0136986301369863,0.0,1.0,1.0,27,4.3104000000000005,2.2307900677855397,3,3,2,332,Loyal
14171.0,98,1,363.79,6.272241379310345,57,167,0.0,167.0,Friday,16,1,0,1.0,0.0,0.0,0.0,57,2.8863793103448274,2.4438635634497703,2,1,2,212,At Risk
14173.0,11,4,315.84,11.28,28,114,7.666666666666667,28.5,Tuesday,13,1,208,0.019138755980861243,2.0,3.0,3.0,28,4.399285714285714,4.212570191587034,4,3,2,432,Regular
14174.0,33,1,134.46,5.171538461538462,26,94,0.0,94.0,Sunday,13,1,0,1.0,0.0,1.0,1.0,26,1.9373076923076922,1.859551682943623,3,1,1,311,At Risk
14175.0,60,3,3198.9,21.61418918918919,138,1479,1.8299319727891157,493.0,Tuesday,11,1,269,0.011111111111111112,0.0,1.0,1.0,138,3.7270270270270274,3.754527327780007,2,3,4,234,Regular
14176.0,297,4,576.9000000000001,18.609677419354842,28,209,2.3,52.25,Tuesday,12,1,70,0.056338028169014086,0.0,0.0,0.0,28,3.574193548387097,2.3560868322899995,1,3,2,132,Regular
14177.0,86,4,542.62,13.5655,36,168,2.3846153846153846,42.0,Monday,11,1,93,0.0425531914893617,0.0,0.0,1.0,36,4.310499999999999,3.368322986827383,2,3,2,232,Regular
14178.0,9,7,1543.94,4.917006369426752,188,1310,0.5463258785942492,187.14285714285714,Friday,12,1,173,0.040229885057471264,2.0,3.0,4.0,188,1.7139171974522291,1.9445978927191707,4,4,4,444,Champions
14179.0,41,2,701.57,4.46859872611465,135,319,0.07051282051282051,159.5,Tuesday,14,1,11,0.16666666666666666,0.0,2.0,2.0,135,2.857197452229299,2.3377972413218235,3,2,3,323,At Risk
14180.0,11,25,4748.52,19.785500000000003,112,719,1.4686192468619246,28.76,Wednesday,13,1,361,0.06906077348066299,2.0,3.0,3.0,112,9.311208333333333,11.120752576348659,4,4,4,444,Champions
14184.0,67,1,452.89,18.870416666666667,24,127,0.0,127.0,Tuesday,12,1,0,1.0,0.0,0.0,1.0,24,5.418333333333333,3.5818536210067045,2,1,2,212,At Risk
14185.0,331,1,197.65,65.88333333333334,3,6,0.0,6.0,Wednesday,13,1,0,1.0,0.0,0.0,0.0,3,59.73333333333333,91.20814565231184,1,1,1,111,Regular
14188.0,31,6,1829.66,29.9944262295082,34,1042,4.616666666666666,173.66666666666666,Wednesday,12,1,279,0.02142857142857143,0.0,1.0,2.0,34,1.9818032786885247,1.3610529112868484,3,4,4,344,Loyal
14189.0,2,15,4231.9400000000005,17.13336032388664,162,2991,1.4552845528455285,199.4,Thursday,16,1,366,0.04087193460490463,3.0,4.0,4.0,162,2.28331983805668,2.214091857853091,4,4,4,444,Champions
14191.0,2,13,4386.8,17.83252032520325,135,2994,0.8734693877551021,230.30769230769232,Tuesday,14,1,218,0.0593607305936073,3.0,5.0,6.0,135,2.0722357723577236,1.7470776419614689,4,4,4,444,Champions
14193.0,68,2,768.95,19.223750000000003,34,369,5.153846153846154,184.5,Tuesday,11,1,201,0.009900990099009901,0.0,0.0,1.0,34,2.80675,1.731604247289423,2,2,3,223,At Risk
14194.0,5,21,10911.16,19.414875444839858,253,4998,0.5311942959001783,238.0,Friday,14,1,303,0.06907894736842106,3.0,7.0,9.0,253,3.47364768683274,2.971804406420681,4,4,4,444,Champions
14195.0,202,2,274.4,68.6,4,32,16.666666666666668,16.0,Friday,16,1,50,0.0392156862745098,0.0,0.0,0.0,4,9.5,2.4228082879171433,1,2,2,122,Regular
14196.0,107,1,90.72,22.68,4,46,0.0,46.0,Thursday,10,1,0,1.0,0.0,0.0,0.0,4,3.6225,3.378810194925624,2,1,1,211,At Risk
14198.0,18,4,660.6,17.38421052631579,34,242,5.945945945945946,60.5,Thursday,14,1,221,0.018018018018018018,1.0,1.0,2.0,34,4.837894736842105,3.9395576359533795,4,3,3,433,Regular
14199.0,218,1,185.39999999999998,92.69999999999999,2,28,0.0,28.0,Thursday,13,1,0,1.0,0.0,0.0,0.0,2,5.8999999999999995,7.14177848998413,1,1,1,111,Regular
14201.0,60,7,559.04,17.47,29,278,9.580645161290322,39.714285714285715,Tuesday,13,1,299,0.023333333333333334,0.0,1.0,2.0,29,2.8065625,2.2491053552898643,2,4,2,242,Regular
14204.0,2,1,150.61,3.861794871794872,36,72,0.0,72.0,Wednesday,13,1,0,1.0,1.0,1.0,1.0,36,2.5430769230769235,2.5563441760761996,4,1,1,411,At Risk
14205.0,17,2,466.7,19.445833333333333,23,204,10.73913043478261,102.0,Sunday,15,1,247,0.008064516129032258,1.0,1.0,1.0,23,4.167916666666667,3.0642553236317953,4,2,2,422,At Risk
14206.0,239,1,328.15999999999997,16.407999999999998,20,276,0.0,276.0,Thursday,16,1,0,1.0,0.0,0.0,0.0,20,1.797,2.6263204197828607,1,1,2,112,Regular
14208.0,95,1,151.74,15.174000000000001,10,114,0.0,114.0,Tuesday,12,1,0,1.0,0.0,0.0,0.0,10,3.5269999999999997,3.529403632343572,2,1,1,211,At Risk
14209.0,11,6,1686.5500000000002,20.82160493827161,52,467,3.9875,77.83333333333333,Tuesday,10,1,321,0.018633540372670808,1.0,1.0,1.0,52,5.541975308641975,3.947059481358587,4,4,4,444,Champions
14210.0,106,6,1890.72,18.72,65,724,2.63,120.66666666666667,Tuesday,12,1,265,0.022556390977443608,0.0,0.0,0.0,65,3.85,2.7360694435631565,2,4,4,244,Regular
14211.0,53,9,1955.6000000000001,18.276635514018693,83,988,2.2452830188679247,109.77777777777777,Monday,10,1,241,0.0371900826446281,0.0,2.0,3.0,83,2.847943925233645,2.3657424293673586,2,4,4,244,Regular
14214.0,31,5,997.54,15.114242424242423,63,715,3.769230769230769,143.0,Monday,12,1,246,0.020242914979757085,0.0,2.0,2.0,63,2.3733333333333335,2.632056425238834,3,4,3,343,Loyal
14215.0,12,6,1738.72,16.559238095238097,95,1178,3.4134615384615383,196.33333333333334,Monday,14,1,356,0.01680672268907563,1.0,1.0,2.0,95,2.275333333333333,2.079118279587003,4,4,4,444,Champions
14216.0,3,4,1634.8600000000001,28.681754385964915,46,526,0.5892857142857143,131.5,Wednesday,10,1,34,0.11428571428571428,3.0,4.0,4.0,46,4.770526315789474,4.634818697738052,4,3,4,434,Regular
14217.0,2,17,1871.78,19.296701030927835,76,521,3.7083333333333335,30.647058823529413,Thursday,12,1,364,0.04657534246575343,3.0,5.0,7.0,76,5.641237113402062,3.7124711720912047,4,4,4,444,Champions
14218.0,43,1,169.48000000000002,14.123333333333335,12,160,0.0,160.0,Friday,10,1,0,1.0,0.0,1.0,1.0,12,1.4400000000000002,0.9365021962795195,3,1,1,311,At Risk
14219.0,4,1,89.94,12.848571428571429,7,78,0.0,78.0,Monday,16,1,0,1.0,1.0,1.0,1.0,7,2.2885714285714287,2.9149867270791505,4,1,1,411,At Risk
14220.0,247,2,510.72,25.536,20,200,5.7894736842105265,100.0,Thursday,18,1,110,0.018018018018018018,0.0,0.0,0.0,20,3.4814999999999996,1.812631918974233,1,2,2,122,Regular
14221.0,42,9,3238.4,17.31764705882353,120,1927,1.5806451612903225,214.11111111111111,Tuesday,17,1,296,0.030303030303030304,0.0,1.0,2.0,120,3.351711229946524,4.033676017882299,3,4,4,344,Loyal
14222.0,177,1,586.45,15.432894736842107,38,475,0.0,475.0,Wednesday,16,1,0,1.0,0.0,0.0,0.0,38,1.7857894736842106,1.7051791244243781,1,1,3,113,Regular
14223.0,92,3,982.01,16.644237288135592,49,537,2.9482758620689653,179.0,Thursday,13,1,171,0.01744186046511628,0.0,0.0,0.0,49,3.96271186440678,3.4017499707977255,2,3,3,233,Regular
14224.0,110,4,890.8100000000001,8.098272727272727,104,351,1.908256880733945,87.75,Sunday,13,1,209,0.01904761904761905,0.0,0.0,0.0,104,4.038545454545455,4.464905525442384,2,3,3,233,Regular
14226.0,29,5,1481.19,25.537758620689655,56,704,4.175438596491228,140.8,Friday,15,1,240,0.02074688796680498,2.0,2.0,3.0,56,3.141896551724138,3.5158480581586677,3,4,4,344,Loyal
14227.0,26,9,3320.7200000000003,19.19491329479769,116,1748,1.4883720930232558,194.22222222222223,Friday,14,1,258,0.03474903474903475,1.0,1.0,2.0,116,2.8770520231213874,2.647232864766739,3,4,4,344,Loyal
14229.0,52,3,1116.0,31.885714285714286,25,386,8.264705882352942,128.66666666666666,Monday,12,1,281,0.010638297872340425,0.0,1.0,1.0,25,3.403142857142857,3.275096560254613,2,3,3,233,Regular
14231.0,184,3,925.71,18.514200000000002,47,409,2.122448979591837,136.33333333333334,Thursday,11,1,104,0.02857142857142857,0.0,0.0,0.0,47,3.6696000000000004,5.75803252962719,1,3,3,133,Regular
14232.0,43,5,1676.31,16.932424242424243,74,1185,2.2346938775510203,237.0,Sunday,12,1,221,0.02252252252252252,0.0,1.0,1.0,74,2.04010101010101,1.829261306776142,3,4,4,344,Loyal
14233.0,49,4,916.9200000000001,29.578064516129036,28,404,8.9,101.0,Friday,15,1,268,0.01486988847583643,0.0,1.0,1.0,28,2.8332258064516127,1.7273339516854178,3,3,3,333,Loyal
14234.0,22,4,706.92,4.943496503496503,119,719,0.24647887323943662,179.75,Thursday,13,1,35,0.1111111111111111,2.0,4.0,4.0,119,1.613076923076923,1.3341406638516717,3,3,3,333,Loyal
14235.0,75,5,1592.94,26.549,51,897,3.1016949152542375,179.4,Thursday,13,1,185,0.026881720430107527,0.0,0.0,1.0,51,2.1776666666666666,1.943556382621656,2,4,4,244,Regular
14236.0,81,2,318.53999999999996,24.50307692307692,13,230,24.25,115.0,Tuesday,9,1,291,0.00684931506849315,0.0,0.0,1.0,13,1.9800000000000002,2.5050382565275657,2,2,2,222,At Risk
14237.0,373,1,161.0,17.88888888888889,9,38,0.0,38.0,Wednesday,13,1,0,1.0,0.0,0.0,0.0,9,7.122222222222222,5.306547318590916,1,1,1,111,Regular
14238.0,326,1,126.05,18.007142857142856,7,79,0.0,79.0,Monday,14,1,0,1.0,0.0,0.0,0.0,7,2.5214285714285714,3.2765399868938396,1,1,1,111,Regular
14239.0,43,11,2380.85,21.257589285714285,83,993,2.4144144144144146,90.27272727272727,Thursday,14,1,272,0.040293040293040296,0.0,1.0,2.0,83,3.6066964285714285,2.883904194405502,3,4,4,344,Loyal
14240.0,30,2,890.34,21.19857142857143,37,418,4.7560975609756095,209.0,Wednesday,13,1,195,0.01020408163265306,1.0,1.0,1.0,37,3.439761904761905,3.111249053617423,3,2,3,323,At Risk
14241.0,184,1,213.70000000000002,21.37,10,146,0.0,146.0,Thursday,11,1,0,1.0,0.0,0.0,0.0,10,1.955,1.570995791775961,1,1,1,111,Regular
14242.0,235,2,280.55,17.534375,13,123,6.066666666666666,61.5,Tuesday,8,1,91,0.021739130434782608,0.0,0.0,0.0,13,3.720625,3.4652089282850844,1,2,2,122,Regular
14243.0,9,10,2518.9300000000003,18.386350364963505,95,1041,2.588235294117647,104.1,Thursday,13,1,357,0.027932960893854747,1.0,2.0,2.0,95,4.065620437956205,3.058459305837102,4,4,4,444,Champions
14245.0,220,2,1693.45,15.680092592592594,107,976,0.40186915887850466,488.0,Monday,10,1,43,0.045454545454545456,0.0,0.0,0.0,107,3.1289814814814814,2.867613857076772,1,2,4,124,Regular
14246.0,111,3,1405.3,19.518055555555556,55,660,1.9014084507042253,220.0,Monday,11,1,135,0.022058823529411766,0.0,0.0,0.0,55,3.0766666666666667,2.3044280705620572,2,3,4,234,Regular
14247.0,278,1,136.77,6.838500000000001,19,47,0.0,47.0,Sunday,15,1,0,1.0,0.0,0.0,0.0,19,3.912,3.315582984380845,1,1,1,111,Regular
14248.0,318,1,302.58,37.8225,8,102,0.0,102.0,Tuesday,14,1,0,1.0,0.0,0.0,0.0,8,3.0525,3.0255896709803296,1,1,2,112,Regular
14250.0,7,3,1890.13,17.183,93,1152,0.7522935779816514,384.0,Sunday,13,1,82,0.03614457831325301,2.0,2.0,3.0,93,2.5071818181818184,1.8229269396191734,4,3,4,434,Regular
14251.0,2,5,1796.8200000000002,27.224545454545456,32,1034,0.8307692307692308,206.8,Thursday,12,1,55,0.08928571428571429,4.0,5.0,5.0,32,2.1065151515151515,1.4996999622224363,4,4,4,444,Champions
14256.0,260,2,969.0600000000001,18.284150943396227,51,414,2.0,207.0,Friday,11,1,104,0.01904761904761905,0.0,0.0,0.0,51,4.05188679245283,3.264337638435525,1,2,3,123,Regular
14257.0,64,5,2598.6,25.72871287128713,84,1234,2.53,246.8,Tuesday,10,1,254,0.0196078431372549,0.0,0.0,1.0,84,2.9192079207920796,3.9555795234499627,2,4,4,244,Regular
14258.0,9,9,4089.36,85.19500000000001,30,702,6.8936170212765955,78.0,Monday,10,1,328,0.02735562310030395,1.0,1.0,2.0,30,6.211041666666667,2.6573601038683496,4,4,4,444,Champions
14259.0,142,1,120.0,24.0,5,68,0.0,68.0,Thursday,10,1,0,1.0,0.0,0.0,0.0,5,2.83,2.8674030062061386,2,1,1,211,At Risk
14261.0,51,2,1055.29,21.1058,50,342,0.5510204081632653,171.0,Thursday,10,1,27,0.07142857142857142,0.0,1.0,2.0,50,5.199,3.9960563467662236,3,2,3,323,At Risk
14262.0,8,8,2354.11,16.936043165467627,87,1489,1.6594202898550725,186.125,Thursday,12,1,232,0.034334763948497854,3.0,4.0,5.0,87,2.1023741007194245,1.364428309827123,4,4,4,444,Champions
14264.0,155,2,333.97,19.64529411764706,15,70,5.625,35.0,Friday,10,1,90,0.02197802197802198,0.0,0.0,0.0,15,6.62,2.696210303370269,1,2,2,122,Regular
14265.0,109,2,530.18,17.10258064516129,31,330,1.3,165.0,Monday,13,1,39,0.05,0.0,0.0,0.0,31,5.862903225806452,5.653316544913193,2,2,2,222,At Risk
14267.0,163,3,1516.24,27.568,25,530,1.7962962962962963,176.66666666666666,Thursday,10,1,97,0.030612244897959183,0.0,0.0,0.0,25,4.3910909090909085,3.7884066193856105,1,3,4,134,Regular
14270.0,332,1,492.65000000000003,16.98793103448276,29,197,0.0,197.0,Wednesday,9,1,0,1.0,0.0,0.0,0.0,29,4.570689655172414,3.417615011163782,1,1,2,112,Regular
14271.0,226,1,112.32000000000001,11.232000000000001,10,88,0.0,88.0,Thursday,12,1,0,1.0,0.0,0.0,0.0,10,2.491,3.1243824278656342,1,1,1,111,Regular
14272.0,74,2,400.0,13.333333333333334,30,415,6.206896551724138,207.5,Tuesday,10,1,180,0.011049723756906077,0.0,0.0,1.0,30,2.4683333333333333,3.488942220228354,2,2,2,222,At Risk
14273.0,51,4,559.97,19.309310344827587,22,264,6.75,66.0,Tuesday,13,1,190,0.020942408376963352,0.0,1.0,1.0,22,2.4848275862068965,1.2171325221004818,3,3,2,332,Loyal
14276.0,99,3,1119.74,17.4959375,52,744,3.015873015873016,248.0,Sunday,9,1,191,0.015625,0.0,0.0,0.0,52,2.2271875,2.275578746374728,2,3,3,233,Regular
14277.0,15,3,3737.92,17.38567441860465,189,1476,0.9158878504672897,492.0,Thursday,15,1,197,0.015151515151515152,2.0,2.0,2.0,189,3.9538604651162794,3.748811958732307,4,3,4,434,Regular
14280.0,197,1,134.04,16.755,8,52,0.0,52.0,Friday,10,1,0,1.0,0.0,0.0,0.0,8,4.73375,4.1148995387841145,1,1,1,111,Regular
14282.0,3,15,2651.88,19.643555555555558,66,1716,2.671641791044776,114.4,Thursday,12,1,364,0.0410958904109589,4.0,5.0,6.0,66,1.655925925925926,0.659444922955953,4,4,4,444,Champions
14284.0,31,2,595.25,18.6015625,24,161,1.7741935483870968,80.5,Wednesday,8,1,55,0.03571428571428571,0.0,1.0,2.0,24,4.821875,2.6969797175311117,3,2,3,323,At Risk
14285.0,21,4,1022.13,53.79631578947368,16,201,8.555555555555555,50.25,Sunday,11,1,155,0.02564102564102564,1.0,2.0,3.0,16,5.7426315789473685,4.497754800521482,3,3,3,333,Loyal
14286.0,24,3,4132.79,15.595433962264151,210,3666,0.8295454545454546,1222.0,Monday,8,1,219,0.013636363636363636,1.0,2.0,2.0,210,1.5903396226415094,1.460955308872446,3,3,4,334,Loyal
14287.0,8,2,159.35,19.91875,8,117,27.142857142857142,58.5,Thursday,13,1,190,0.010471204188481676,1.0,1.0,1.0,8,2.1375,1.7763827611992058,4,2,1,421,At Risk
14288.0,213,1,357.0,23.8,15,140,0.0,140.0,Tuesday,13,1,0,1.0,0.0,0.0,0.0,15,3.11,2.8582712057665707,1,1,2,112,Regular
14289.0,9,6,911.26,19.388510638297873,33,292,6.043478260869565,48.666666666666664,Wednesday,12,1,280,0.021352313167259787,1.0,1.0,1.0,33,5.346382978723404,3.3604570247744805,4,4,3,443,Champions
14290.0,11,5,2314.65,22.917326732673267,89,915,3.48,183.0,Monday,14,1,350,0.014245014245014245,1.0,2.0,4.0,89,3.6530693069306936,4.199776361325508,4,4,4,444,Champions
14291.0,2,11,3789.65,16.26459227467811,144,2605,1.1724137931034482,236.8181818181818,Thursday,10,1,273,0.040145985401459854,2.0,3.0,4.0,144,2.626223175965665,2.822765576823895,4,4,4,444,Champions
14292.0,8,9,2576.5299999999997,28.628111111111107,60,1031,3.067415730337079,114.55555555555556,Monday,12,1,275,0.03260869565217391,2.0,4.0,5.0,60,3.2603333333333335,3.3437140253236466,4,4,4,444,Champions
14293.0,3,4,1046.56,17.15672131147541,51,709,6.05,177.25,Monday,15,1,365,0.01092896174863388,1.0,1.0,1.0,51,2.206393442622951,2.098935470492034,4,3,3,433,Regular
14295.0,40,1,166.20000000000002,33.24,5,84,0.0,84.0,Sunday,15,1,0,1.0,0.0,1.0,1.0,5,1.9300000000000002,0.38013155617496436,3,1,1,311,At Risk
14297.0,18,4,1182.45,20.38706896551724,45,673,4.491228070175438,168.25,Monday,10,1,257,0.015503875968992248,1.0,2.0,3.0,45,2.459310344827586,1.9522401546158747,4,3,3,433,Regular
14298.0,8,40,27322.08,26.095587392550144,660,17784,0.32695984703632885,444.6,Thursday,12,1,352,0.11331444759206799,1.0,3.0,7.0,660,1.9248424068767909,1.9161574112433077,4,4,4,444,Champions
14299.0,8,9,3153.34,23.888939393939395,89,1445,2.7022900763358777,160.55555555555554,Wednesday,11,1,357,0.025139664804469275,2.0,3.0,4.0,89,3.1959848484848483,3.3227113135286253,4,4,4,444,Champions
14300.0,19,1,43.2,14.4,3,32,0.0,32.0,Monday,8,1,0,1.0,1.0,1.0,1.0,3,1.383333333333333,0.4618802153517006,3,1,1,311,At Risk
14301.0,117,1,128.7,25.74,5,90,0.0,90.0,Sunday,15,1,0,1.0,0.0,0.0,0.0,5,1.47,0.6418722614352484,2,1,1,211,At Risk
14304.0,223,1,383.45,22.555882352941175,17,139,0.0,139.0,Sunday,11,1,0,1.0,0.0,0.0,0.0,17,4.885294117647058,3.9679483326510483,1,1,2,112,Regular
14305.0,71,3,1858.96,17.70438095238095,96,1089,0.6057692307692307,363.0,Wednesday,14,1,64,0.046153846153846156,0.0,0.0,1.0,96,2.3532380952380954,2.0228276549453543,2,3,4,234,Regular
14306.0,51,2,1219.88,48.7952,25,355,1.4166666666666667,177.5,Thursday,10,1,34,0.05714285714285714,0.0,1.0,2.0,25,4.9532,4.357900603119197,3,2,3,323,At Risk
14307.0,89,6,2892.46,16.528342857142857,145,1824,1.6206896551724137,304.0,Wednesday,9,1,284,0.021052631578947368,0.0,0.0,2.0,145,2.5436571428571426,2.3690995178446093,2,4,4,244,Regular
14309.0,8,9,1981.8500000000001,17.695089285714285,72,1189,3.108108108108108,132.11111111111111,Thursday,9,1,350,0.02564102564102564,2.0,2.0,2.0,72,2.5256250000000002,2.518854230177459,4,4,4,444,Champions
14311.0,243,1,296.22,15.590526315789475,19,110,0.0,110.0,Monday,10,1,0,1.0,0.0,0.0,0.0,19,5.331052631578947,4.648260002692575,1,1,2,112,Regular
14312.0,47,6,1534.31,18.48566265060241,70,772,3.5121951219512195,128.66666666666666,Monday,9,1,290,0.020618556701030927,0.0,1.0,1.0,70,3.7019277108433735,4.036724238795165,3,4,4,344,Loyal
14314.0,107,1,93.47999999999999,18.695999999999998,5,108,0.0,108.0,Thursday,10,1,0,1.0,0.0,0.0,0.0,5,0.974,0.8946954789200624,2,1,1,211,At Risk
14315.0,45,6,2421.13,24.2113,64,973,2.212121212121212,162.16666666666666,Wednesday,12,1,221,0.02702702702702703,0.0,1.0,1.0,64,3.7346,3.8857840933590246,3,4,4,344,Loyal
14317.0,65,1,508.58,21.190833333333334,24,255,0.0,255.0,Thursday,10,1,0,1.0,0.0,0.0,1.0,24,3.0975,3.076836673117941,2,1,2,212,At Risk
14320.0,207,2,477.79,15.412580645161292,29,325,4.2,162.5,Tuesday,9,1,126,0.015748031496062992,0.0,0.0,0.0,29,1.957741935483871,1.888312667749384,1,2,2,122,Regular
14321.0,11,5,1293.3500000000001,12.436057692307694,93,1540,3.116504854368932,308.0,Monday,9,1,322,0.015479876160990712,1.0,1.0,2.0,93,1.6226923076923077,2.4311418990944325,4,4,3,443,Champions
14323.0,115,2,605.0600000000001,16.807222222222222,32,350,3.5142857142857142,175.0,Friday,11,1,123,0.016129032258064516,0.0,0.0,0.0,32,2.996388888888889,3.1837544348751687,2,2,3,223,At Risk
14326.0,242,1,123.85000000000001,17.692857142857143,7,55,0.0,55.0,Monday,15,1,0,1.0,0.0,0.0,0.0,7,3.021428571428572,1.8059755311320305,1,1,1,111,Regular
14327.0,163,1,311.65000000000003,25.970833333333335,12,139,0.0,139.0,Wednesday,13,1,0,1.0,0.0,0.0,0.0,12,2.5875,1.22680757178207,1,1,2,112,Regular
14329.0,17,7,4818.28,18.969606299212597,215,2559,1.225296442687747,365.57142857142856,Friday,13,1,312,0.022364217252396165,2.0,3.0,3.0,215,2.8768110236220474,2.861408424129693,4,4,4,444,Champions
14331.0,124,2,462.66,16.52357142857143,27,252,0.37037037037037035,126.0,Wednesday,15,1,10,0.18181818181818182,0.0,0.0,0.0,27,3.019285714285714,2.3798333719626,2,2,2,222,At Risk
14332.0,23,3,559.0500000000001,27.952500000000004,18,259,6.526315789473684,86.33333333333333,Tuesday,13,1,125,0.023809523809523808,1.0,1.0,2.0,18,2.3025,1.101252277612795,3,3,2,332,Loyal
14333.0,68,1,415.2,27.68,15,58,0.0,58.0,Monday,10,1,0,1.0,0.0,0.0,1.0,15,8.063333333333334,3.5413610512397766,2,1,2,212,At Risk
14334.0,17,8,2436.21,15.2263125,97,1651,2.119496855345912,206.375,Wednesday,10,1,341,0.023391812865497075,1.0,1.0,1.0,97,3.3145625,3.1093172715952058,4,4,4,444,Champions
14335.0,16,2,434.7,7.367796610169491,54,327,1.3793103448275863,163.5,Sunday,13,1,80,0.024691358024691357,1.0,1.0,1.0,54,2.2740677966101694,1.8318712108812143,4,2,2,422,At Risk
14336.0,17,4,1320.91,17.850135135135137,62,919,3.5205479452054793,229.75,Wednesday,16,1,259,0.015384615384615385,1.0,1.0,1.0,62,1.8856756756756756,1.4756749847090695,4,3,3,433,Regular
14338.0,161,2,574.3,19.14333333333333,29,287,1.206896551724138,143.5,Friday,13,1,35,0.05555555555555555,0.0,0.0,0.0,29,3.759,3.5012631710717557,1,2,2,122,Regular
14339.0,243,1,309.52000000000004,22.10857142857143,14,168,0.0,168.0,Monday,11,1,0,1.0,0.0,0.0,0.0,14,2.032857142857143,1.0309698837012171,1,1,2,112,Regular
14340.0,219,1,134.7,22.45,6,58,0.0,58.0,Thursday,9,1,0,1.0,0.0,0.0,0.0,6,2.9333333333333336,2.138613257853478,1,1,1,111,Regular
14341.0,45,8,2002.82,16.151774193548388,106,1205,2.2113821138211383,150.625,Tuesday,15,1,273,0.029197080291970802,0.0,2.0,2.0,106,2.608709677419355,2.2657639167419124,3,4,4,344,Loyal
14342.0,21,4,492.8,25.936842105263157,18,243,10.444444444444445,60.75,Friday,13,1,188,0.021164021164021163,1.0,2.0,2.0,18,3.0168421052631578,3.256020155260405,3,3,2,332,Loyal
14344.0,127,8,828.73,11.839,56,405,3.449275362318841,50.625,Thursday,13,1,241,0.03305785123966942,0.0,0.0,0.0,56,4.2738571428571435,5.515522573125632,2,4,3,243,Regular
14345.0,39,1,108.98,18.163333333333334,6,50,0.0,50.0,Tuesday,9,1,0,1.0,0.0,1.0,1.0,6,3.49,2.089210377152095,3,1,1,311,At Risk
14346.0,121,2,1006.46,17.05864406779661,54,569,3.0344827586206895,284.5,Thursday,9,1,176,0.011299435028248588,0.0,0.0,0.0,54,4.673220338983051,11.063073938461002,2,2,3,223,At Risk
14348.0,260,1,409.57,22.753888888888888,18,183,0.0,183.0,Thursday,16,1,0,1.0,0.0,0.0,0.0,18,2.962222222222222,2.4876247957003095,1,1,2,112,Regular
14349.0,10,1,133.5,4.306451612903226,31,86,0.0,86.0,Tuesday,15,1,0,1.0,1.0,1.0,1.0,31,2.3193548387096774,1.746058295101419,4,1,1,411,At Risk
14350.0,274,1,282.93,15.718333333333334,18,183,0.0,183.0,Thursday,14,1,0,1.0,0.0,0.0,0.0,18,2.2866666666666666,1.6670544646877303,1,1,2,112,Regular
14351.0,165,1,51.0,51.0,1,12,0.0,12.0,Tuesday,11,1,0,1.0,0.0,0.0,0.0,1,4.25,0.0,1,1,1,111,Regular
14352.0,157,4,1055.5600000000002,22.946956521739136,43,502,2.5555555555555554,125.5,Tuesday,8,1,116,0.03418803418803419,0.0,0.0,0.0,43,3.9358695652173914,3.9291806191831204,1,3,3,133,Regular
14353.0,215,1,90.6,15.1,6,64,0.0,64.0,Sunday,16,1,0,1.0,0.0,0.0,0.0,6,1.3666666666666665,0.4400757510550504,1,1,1,111,Regular
14354.0,6,2,126.17999999999999,15.772499999999999,8,114,3.4285714285714284,57.0,Wednesday,15,1,24,0.08,2.0,2.0,2.0,8,1.34375,0.8468249523957121,4,2,1,421,At Risk
14355.0,366,1,174.4,15.854545454545455,11,92,0.0,92.0,Thursday,12,1,0,1.0,0.0,0.0,0.0,11,2.85,2.1743964679883017,1,1,1,111,Regular
14356.0,80,2,701.23,21.24939393939394,33,277,0.03125,138.5,Monday,14,1,1,1.0,0.0,0.0,2.0,33,3.9027272727272724,3.7320263201839095,2,2,3,223,At Risk
14357.0,43,1,225.12,5.628,39,147,0.0,147.0,Thursday,16,1,0,1.0,0.0,1.0,1.0,39,1.98275,1.8230208622236235,3,1,1,311,At Risk
14359.0,19,3,912.1800000000001,16.585090909090912,44,371,1.2407407407407407,123.66666666666667,Tuesday,9,1,68,0.043478260869565216,1.0,2.0,3.0,44,3.922727272727273,3.2506736934487073,3,3,3,333,Loyal
14360.0,32,4,2118.03,18.102820512820514,104,1139,0.5344827586206896,284.75,Tuesday,11,1,62,0.06349206349206349,0.0,1.0,3.0,104,3.1196581196581197,3.6091366174598507,3,3,4,334,Loyal
14362.0,22,1,151.5,4.094594594594595,37,96,0.0,96.0,Thursday,15,1,0,1.0,1.0,1.0,1.0,37,2.318108108108108,2.289111712527904,3,1,1,311,At Risk
14364.0,109,8,1401.55,26.444339622641508,46,603,1.9038461538461537,75.375,Tuesday,11,1,102,0.07766990291262135,0.0,0.0,0.0,46,3.4032075471698113,2.885286796560003,2,4,4,244,Regular
14367.0,8,16,8444.74,16.46148148148148,268,4002,0.51171875,250.125,Wednesday,14,1,267,0.05970149253731343,2.0,4.0,6.0,268,3.186413255360624,2.496282939970239,4,4,4,444,Champions
14368.0,320,1,155.0,19.375,8,36,0.0,36.0,Monday,9,1,0,1.0,0.0,0.0,0.0,8,6.125,4.288772718222711,1,1,1,111,Regular
14371.0,295,1,100.5,25.125,4,34,0.0,34.0,Thursday,16,1,0,1.0,0.0,0.0,0.0,4,3.775,1.6500000000000001,1,1,1,111,Regular
14373.0,358,1,76.55,19.1375,4,17,0.0,17.0,Thursday,15,1,0,1.0,0.0,0.0,0.0,4,11.625,10.139485522780072,1,1,1,111,Regular
14375.0,185,1,235.56,3.5690909090909093,57,184,0.0,184.0,Tuesday,13,1,0,1.0,0.0,0.0,0.0,57,1.812878787878788,1.7443136319538546,1,1,1,111,Regular
14377.0,191,2,422.05,52.75625,8,63,10.0,31.5,Wednesday,13,1,70,0.028169014084507043,0.0,0.0,0.0,8,12.1125,10.954964627966628,1,2,2,122,Regular
14379.0,44,2,348.1,7.567391304347827,39,292,5.5777777777777775,146.0,Wednesday,16,1,251,0.007936507936507936,0.0,1.0,1.0,39,2.1617391304347824,1.7173381267373917,3,2,2,322,At Risk
14381.0,52,1,202.68,3.619285714285714,56,146,0.0,146.0,Tuesday,17,1,0,1.0,0.0,1.0,1.0,56,1.627857142857143,1.0921117396805384,2,1,1,211,At Risk
14382.0,26,1,464.53,3.97034188034188,113,431,0.0,431.0,Sunday,16,1,0,1.0,1.0,1.0,1.0,113,1.7017948717948719,1.8031493595185328,3,1,2,312,At Risk
14383.0,38,3,1089.77,19.46017857142857,47,589,2.272727272727273,196.33333333333334,Thursday,13,1,125,0.023809523809523808,0.0,1.0,2.0,47,3.46625,3.3472173314017666,3,3,3,333,Loyal
14385.0,9,3,202.10999999999999,14.43642857142857,13,159,1.0769230769230769,53.0,Wednesday,13,1,14,0.2,3.0,3.0,3.0,13,1.6164285714285715,1.1474560969838867,4,3,1,431,Regular
14386.0,297,1,142.4,20.342857142857145,7,54,0.0,54.0,Wednesday,9,1,0,1.0,0.0,0.0,0.0,7,3.885714285714286,3.068484192251158,1,1,1,111,Regular
14387.0,33,3,1727.6,12.428776978417266,125,795,0.5434782608695652,265.0,Monday,12,1,76,0.03896103896103896,0.0,1.0,2.0,125,3.393597122302158,2.829085222970888,3,3,4,334,Loyal
14388.0,10,8,3062.96,16.92243093922652,120,1731,1.9944444444444445,216.375,Friday,13,1,362,0.02203856749311295,1.0,2.0,2.0,120,2.771049723756906,2.727868826832167,4,4,4,444,Champions
14389.0,65,2,821.94,20.04731707317073,31,463,3.125,231.5,Wednesday,15,1,125,0.015873015873015872,0.0,0.0,1.0,31,2.245365853658537,2.090132887594681,2,2,3,223,At Risk
14390.0,10,9,3841.77,14.124154411764707,132,1667,1.3247232472324724,185.22222222222223,Thursday,13,1,362,0.024793388429752067,3.0,5.0,5.0,132,3.1380882352941177,3.1444934625623318,4,4,4,444,Champions
14393.0,218,1,67.95,13.59,5,13,0.0,13.0,Thursday,18,1,0,1.0,0.0,0.0,0.0,5,5.390000000000001,1.176010204037363,1,1,1,111,Regular
14395.0,2,9,3479.91,9.999741379310345,181,1689,1.0518731988472623,187.66666666666666,Thursday,12,1,369,0.024324324324324326,1.0,2.0,3.0,181,2.7631321839080463,2.246708053481343,4,4,4,444,Champions
14396.0,65,2,487.99,6.684794520547945,71,225,4.25,112.5,Wednesday,16,1,306,0.006514657980456026,0.0,0.0,1.0,71,2.626849315068493,1.8721748172708488,2,2,2,222,At Risk
14397.0,3,17,1296.92,20.264375,16,846,3.2222222222222223,49.76470588235294,Wednesday,12,1,210,0.08056872037914692,5.0,7.0,8.0,16,2.34703125,2.4805885628325295,4,4,3,443,Champions
14400.0,149,1,326.48,15.546666666666667,21,232,0.0,232.0,Wednesday,15,1,0,1.0,0.0,0.0,0.0,21,1.8485714285714285,1.2437816758349742,1,1,2,112,Regular
14401.0,4,13,3126.64,21.415342465753422,100,2539,2.4,195.30769230769232,Wednesday,13,1,355,0.03651685393258427,1.0,2.0,3.0,100,1.620821917808219,1.996172719653465,4,4,4,444,Champions
14403.0,130,4,690.45,53.111538461538466,11,83,9.583333333333334,20.75,Wednesday,14,1,116,0.03418803418803419,0.0,0.0,0.0,11,8.511538461538462,2.749102417619995,2,3,3,233,Regular
14404.0,34,6,1341.68,13.831752577319588,68,659,3.46875,109.83333333333333,Sunday,12,1,335,0.017857142857142856,0.0,1.0,1.0,68,3.116288659793814,3.1235414328089566,3,4,3,343,Loyal
14406.0,119,1,126.15,18.021428571428572,7,41,0.0,41.0,Friday,16,1,0,1.0,0.0,0.0,0.0,7,4.215714285714285,2.8711081318476848,2,1,1,211,At Risk
14407.0,107,6,1349.73,22.12672131147541,59,687,2.8,114.5,Tuesday,11,1,169,0.03529411764705882,0.0,0.0,0.0,59,3.9675409836065576,5.021838194571687,2,4,4,244,Regular
14408.0,11,7,1878.23,19.564895833333335,55,1150,2.642105263157895,164.28571428571428,Monday,11,1,253,0.027559055118110236,1.0,1.0,1.0,55,1.9364583333333334,1.7495130024135388,4,4,4,444,Champions
14409.0,71,4,945.37,20.551521739130436,33,546,5.466666666666667,136.5,Wednesday,10,1,247,0.016129032258064516,0.0,0.0,1.0,33,2.9800000000000004,5.275556632032091,2,3,3,233,Regular
14410.0,92,9,1100.27,5.821534391534391,153,567,1.1170212765957446,63.0,Thursday,12,1,213,0.04205607476635514,0.0,0.0,0.0,153,2.4007936507936507,2.1318251856301758,2,4,3,243,Regular
14411.0,311,1,962.2,74.01538461538462,13,148,0.0,148.0,Wednesday,10,1,0,1.0,0.0,0.0,0.0,13,8.642307692307693,4.57829326613851,1,1,3,113,Regular
14412.0,43,2,684.43,16.69341463414634,41,590,0.75,295.0,Wednesday,8,1,30,0.06451612903225806,0.0,1.0,2.0,41,2.395121951219512,3.2003344527964726,3,2,3,323,At Risk
14413.0,362,1,121.05,5.502272727272727,22,67,0.0,67.0,Sunday,13,1,0,1.0,0.0,0.0,0.0,22,2.859090909090909,2.2853381725185797,1,1,1,111,Regular
14414.0,92,7,1073.22,14.3096,64,1350,3.5675675675675675,192.85714285714286,Thursday,13,1,267,0.026119402985074626,0.0,0.0,0.0,64,1.0694666666666666,1.3937436397463248,2,4,3,243,Regular
14415.0,1,13,5669.39,9.91152097902098,276,2738,0.6199649737302977,210.6153846153846,Tuesday,15,1,359,0.03611111111111111,2.0,3.0,4.0,276,2.971520979020979,2.362923097242492,4,4,4,444,Champions
14416.0,22,2,189.5,15.791666666666666,12,158,1.8181818181818181,79.0,Friday,15,1,20,0.09523809523809523,1.0,2.0,2.0,12,1.6483333333333334,1.0157293244787513,3,2,1,321,At Risk
14418.0,4,3,1644.69,14.301652173913045,106,1363,0.9035087719298246,454.3333333333333,Tuesday,11,1,104,0.02857142857142857,2.0,2.0,2.0,106,2.243826086956522,4.071779770052,4,3,4,434,Regular
14419.0,11,6,1051.79,5.206881188118811,112,483,1.7462686567164178,80.5,Tuesday,11,1,354,0.016901408450704224,1.0,2.0,4.0,112,2.522722772277228,1.5808694667875436,4,4,3,443,Champions
14420.0,99,1,387.52,13.362758620689654,29,334,0.0,334.0,Thursday,18,1,0,1.0,0.0,0.0,0.0,29,1.5313793103448274,1.2246740794943045,2,1,2,212,At Risk
14421.0,57,2,813.11,30.115185185185187,25,365,5.923076923076923,182.5,Thursday,10,1,154,0.012903225806451613,0.0,1.0,1.0,25,2.6351851851851853,2.4470679006805907,2,2,3,223,At Risk
14422.0,1,6,3990.84,19.094928229665072,178,2154,1.2644230769230769,359.0,Friday,15,1,266,0.02247191011235955,2.0,3.0,4.0,178,2.9595215311004783,2.846915632069331,4,4,4,444,Champions
14423.0,218,1,20.4,20.4,1,24,0.0,24.0,Thursday,15,1,0,1.0,0.0,0.0,0.0,1,0.85,0.0,1,1,1,111,Regular
14426.0,24,10,3677.51,17.26530516431925,176,2007,1.349056603773585,200.7,Tuesday,12,1,289,0.034482758620689655,2.0,4.0,4.0,176,3.3770422535211266,3.4113719620265046,3,4,4,344,Loyal
14427.0,50,2,287.74,19.182666666666666,14,156,0.9285714285714286,78.0,Friday,9,1,13,0.14285714285714285,0.0,1.0,2.0,14,2.112,1.0564509318603357,3,2,2,322,At Risk
14428.0,7,5,1147.74,8.439264705882353,108,356,2.3407407407407406,71.2,Thursday,16,1,317,0.015723270440251572,1.0,2.0,3.0,108,4.294338235294117,4.088685327458165,4,4,3,443,Champions
14431.0,303,1,470.36,27.668235294117647,17,130,0.0,130.0,Thursday,10,1,0,1.0,0.0,0.0,0.0,17,4.69,3.6389833745154703,1,1,2,112,Regular
14432.0,10,6,2129.36,5.693475935828878,255,1876,0.2064343163538874,312.6666666666667,Sunday,15,1,79,0.075,2.0,4.0,6.0,255,1.4719251336898396,1.5667832296619664,4,4,4,444,Champions
14434.0,22,6,964.8,120.6,2,176,6.857142857142857,29.333333333333332,Wednesday,15,1,50,0.11764705882352941,1.0,4.0,6.0,2,5.615,1.5661508776068067,3,4,3,343,Loyal
14436.0,99,1,89.06,9.895555555555555,9,129,0.0,129.0,Friday,10,1,0,1.0,0.0,0.0,0.0,9,2.1177777777777775,3.9619369561420887,2,1,1,211,At Risk
14437.0,366,1,63.0,12.6,5,60,0.0,60.0,Thursday,9,1,0,1.0,0.0,0.0,0.0,5,1.05,0.28284271247461906,1,1,1,111,Regular
14438.0,306,1,131.9,14.655555555555557,9,82,0.0,82.0,Sunday,14,1,0,1.0,0.0,0.0,0.0,9,1.5944444444444443,0.4824704942043375,1,1,1,111,Regular
14439.0,320,1,2474.04,85.31172413793104,29,398,0.0,398.0,Monday,11,1,0,1.0,0.0,0.0,0.0,29,6.992758620689655,3.0797934723796523,1,1,4,114,Regular
14440.0,8,5,2276.08,42.14962962962963,33,556,6.69811320754717,111.2,Thursday,12,1,357,0.013966480446927373,1.0,2.0,3.0,33,4.742222222222222,3.3264529619665604,4,4,4,444,Champions
14441.0,1,4,1712.89,33.58607843137255,43,446,5.06,111.5,Tuesday,9,1,254,0.01568627450980392,1.0,2.0,2.0,43,5.544117647058823,3.805146607672607,4,3,4,434,Regular
14442.0,205,2,1589.82,25.235238095238095,58,482,1.8064516129032258,241.0,Thursday,11,1,112,0.017699115044247787,0.0,0.0,0.0,58,6.323492063492063,4.840445580239342,1,2,4,124,Regular
14443.0,54,4,1406.28,15.285652173913043,83,890,3.4395604395604398,222.5,Monday,11,1,314,0.012698412698412698,0.0,1.0,1.0,83,2.5630434782608695,3.81181008576726,2,3,4,234,Regular
14446.0,1,4,969.67,3.551904761904762,229,736,0.8970588235294118,184.0,Friday,12,1,245,0.016260162601626018,2.0,2.0,3.0,229,1.8643589743589744,1.7088475571579897,4,3,3,433,Regular
14447.0,19,5,1163.23,16.617571428571427,54,571,3.7681159420289854,114.2,Friday,14,1,261,0.019083969465648856,1.0,3.0,3.0,54,2.576571428571429,1.404668082630288,3,4,3,343,Loyal
14448.0,9,2,137.75,7.25,19,56,19.666666666666668,28.0,Friday,17,1,354,0.005633802816901409,1.0,1.0,1.0,19,2.6,1.9537712819627127,4,2,1,421,At Risk
14449.0,19,4,885.8,3.5431999999999997,201,741,1.4136546184738956,185.25,Thursday,12,1,353,0.011299435028248588,1.0,1.0,2.0,201,1.6552,1.5956686352668261,3,3,3,333,Loyal
14450.0,181,3,483.25,12.08125,32,241,3.5641025641025643,80.33333333333333,Sunday,10,1,139,0.02142857142857143,0.0,0.0,0.0,32,2.7905,1.7945315080358253,1,3,2,132,Regular
14451.0,60,2,643.9,6.132380952380952,86,378,1.2884615384615385,189.0,Monday,13,1,134,0.014814814814814815,0.0,1.0,1.0,86,1.986095238095238,1.2350214068824377,2,2,3,223,At Risk
14452.0,11,2,259.05,4.3175,55,116,1.4067796610169492,58.0,Wednesday,11,1,83,0.023809523809523808,1.0,1.0,1.0,55,3.163,2.9164851727227874,4,2,2,422,At Risk
14453.0,190,1,119.93,5.451363636363637,22,49,0.0,49.0,Thursday,14,1,0,1.0,0.0,0.0,0.0,22,3.777272727272727,2.1774978690453337,1,1,1,111,Regular
14456.0,5,9,2895.86,3.100492505353319,570,2321,0.14362272240085744,257.8888888888889,Sunday,15,1,137,0.06521739130434782,3.0,4.0,6.0,570,1.7925481798715204,1.7026096656172467,4,4,4,444,Champions
14457.0,311,1,68.64,22.88,3,52,0.0,52.0,Wednesday,9,1,0,1.0,0.0,0.0,0.0,3,1.2566666666666666,0.840019841035516,1,1,1,111,Regular
14459.0,155,1,1563.3600000000001,45.98117647058824,34,568,0.0,568.0,Thursday,13,1,0,1.0,0.0,0.0,0.0,34,3.6026470588235293,3.45801161014537,1,1,4,114,Regular
14460.0,110,3,150.0,30.0,5,120,50.0,40.0,Tuesday,12,1,200,0.014925373134328358,0.0,0.0,0.0,5,1.25,0.282842712474619,2,3,1,231,Regular
14461.0,148,3,1967.8600000000001,11.055393258426967,172,686,0.6384180790960452,228.66666666666666,Tuesday,13,1,113,0.02631578947368421,0.0,0.0,0.0,172,3.7446629213483145,3.2717482927917554,1,3,4,134,Regular
14462.0,66,11,1950.33,8.406594827586206,149,908,1.1645021645021645,82.54545454545455,Friday,13,1,273,0.040145985401459854,0.0,0.0,2.0,149,2.883879310344828,2.8448497617957145,2,4,4,244,Regular
14463.0,98,3,229.79999999999998,76.6,3,41,53.0,13.666666666666666,Wednesday,14,1,107,0.027777777777777776,0.0,0.0,0.0,3,9.200000000000001,6.844888603914603,2,3,1,231,Regular
14465.0,247,3,577.94,4.816166666666667,107,308,0.47058823529411764,102.66666666666667,Thursday,12,1,56,0.05263157894736842,0.0,0.0,0.0,107,2.7678333333333334,2.4129650449443414,1,3,3,133,Regular
14466.0,29,7,2064.5,29.920289855072465,34,848,5.014705882352941,121.14285714285714,Thursday,12,1,343,0.020348837209302327,1.0,1.0,2.0,34,3.902898550724638,3.8871288744541928,3,4,4,344,Loyal
14467.0,18,4,596.26,6.699550561797753,67,276,3.340909090909091,69.0,Tuesday,12,1,295,0.013513513513513514,2.0,3.0,3.0,67,2.775505617977528,2.660183269163284,4,3,3,433,Regular
14470.0,12,2,430.59,10.252142857142857,42,157,6.7073170731707314,78.5,Friday,11,1,275,0.007246376811594203,1.0,1.0,1.0,42,4.933809523809524,4.453263507280131,4,2,2,422,At Risk
14472.0,104,8,1821.95,6.901325757575758,152,1087,0.9391634980988594,135.875,Sunday,12,1,251,0.031746031746031744,0.0,0.0,0.0,152,2.6786742424242425,3.0731606672340455,2,4,4,244,Regular
14473.0,74,2,196.18,32.696666666666665,6,52,41.6,26.0,Monday,15,1,208,0.009569377990430622,0.0,0.0,1.0,6,4.615,3.091625785893241,2,2,1,221,At Risk
14474.0,46,1,547.66,18.884827586206896,29,140,0.0,140.0,Monday,13,1,0,1.0,0.0,1.0,1.0,29,6.527931034482759,4.081801404938707,3,1,2,312,At Risk
14475.0,72,3,911.8100000000001,22.23926829268293,34,411,5.8,137.0,Tuesday,10,1,233,0.01282051282051282,0.0,0.0,1.0,34,3.191951219512195,2.802268027430812,2,3,3,233,Regular
14476.0,257,1,193.0,11.352941176470589,17,110,0.0,110.0,Sunday,15,1,0,1.0,0.0,0.0,0.0,17,3.5323529411764705,2.6658102178600522,1,1,1,111,Regular
14477.0,51,1,83.2,41.6,2,40,0.0,40.0,Thursday,12,1,0,1.0,0.0,1.0,1.0,2,2.08,0.0,3,1,1,311,At Risk
14479.0,254,2,316.25,17.569444444444443,18,117,6.529411764705882,58.5,Thursday,12,1,111,0.017857142857142856,0.0,0.0,0.0,18,4.016666666666667,2.4695796260521274,1,2,2,122,Regular
14480.0,11,1,279.05,21.465384615384615,13,143,0.0,143.0,Monday,16,1,0,1.0,1.0,1.0,1.0,13,3.0015384615384617,2.3091298727509395,4,1,2,412,At Risk
14481.0,165,2,554.91,19.818214285714284,24,393,4.518518518518518,196.5,Tuesday,10,1,122,0.016260162601626018,0.0,0.0,0.0,24,2.075714285714286,1.7851702451678955,1,2,2,122,Regular
14482.0,18,6,1125.03,9.00024,109,705,1.7580645161290323,117.5,Wednesday,16,1,220,0.027149321266968326,2.0,4.0,4.0,109,2.58464,2.660663131020948,4,4,3,443,Champions
14483.0,282,1,137.1,15.233333333333333,9,97,0.0,97.0,Thursday,10,1,0,1.0,0.0,0.0,0.0,9,1.8522222222222224,0.873738773572768,1,1,1,111,Regular
14484.0,50,1,301.76,23.212307692307693,13,162,0.0,162.0,Thursday,14,1,0,1.0,0.0,1.0,1.0,13,2.224615384615385,1.2912501396231961,3,1,2,312,At Risk
14485.0,39,1,162.8,3.539130434782609,44,70,0.0,70.0,Tuesday,12,1,0,1.0,0.0,1.0,1.0,44,2.6771739130434784,1.9242033422732272,3,1,1,311,At Risk
14487.0,27,6,1165.48,8.324857142857143,112,712,2.4388489208633093,118.66666666666667,Sunday,12,1,341,0.017543859649122806,1.0,2.0,5.0,112,2.5145714285714287,3.350739072651099,3,4,3,343,Loyal
14488.0,68,1,781.08,17.751818181818184,44,583,0.0,583.0,Monday,9,1,0,1.0,0.0,0.0,1.0,44,2.1670454545454545,2.3472622147648057,2,1,3,213,At Risk
14489.0,207,1,433.5,14.948275862068966,29,263,0.0,263.0,Monday,14,1,0,1.0,0.0,0.0,0.0,29,1.8096551724137933,0.9540832651541951,1,1,2,112,Regular
14491.0,175,2,340.93,20.05470588235294,17,139,12.3125,69.5,Friday,15,1,197,0.010101010101010102,0.0,0.0,0.0,17,4.54235294117647,3.983488624013763,1,2,2,122,Regular
14493.0,7,5,2330.68,19.92034188034188,92,1181,1.2586206896551724,236.2,Wednesday,16,1,147,0.033783783783783786,3.0,4.0,4.0,92,3.091282051282051,4.164168281914902,4,4,4,444,Champions
14494.0,26,1,139.56,19.937142857142856,7,92,0.0,92.0,Monday,9,1,0,1.0,1.0,1.0,1.0,7,1.6614285714285713,0.9558142876003436,3,1,1,311,At Risk
14495.0,51,2,123.80000000000001,20.633333333333336,6,62,14.0,31.0,Thursday,12,1,70,0.028169014084507043,0.0,1.0,1.0,6,2.0083333333333333,0.1755467648994611,3,2,1,321,At Risk
14496.0,312,2,416.77000000000004,23.15388888888889,16,123,3.588235294117647,61.5,Tuesday,9,1,61,0.03225806451612903,0.0,0.0,0.0,16,5.779999999999999,4.648892341192685,1,2,2,122,Regular
14497.0,309,1,475.37,16.392068965517243,29,235,0.0,235.0,Thursday,17,1,0,1.0,0.0,0.0,0.0,29,4.478620689655172,3.683820536323989,1,1,2,112,Regular
14498.0,43,5,1837.32,9.72126984126984,158,922,1.6861702127659575,184.4,Friday,12,1,319,0.015625,0.0,1.0,1.0,158,2.854867724867725,6.4265197398321865,3,4,4,344,Loyal
14499.0,26,3,808.44,4.254947368421053,146,496,1.3280423280423281,165.33333333333334,Sunday,13,1,252,0.011857707509881422,1.0,1.0,1.0,146,1.969578947368421,1.5635192401659974,3,3,3,333,Loyal
14500.0,88,3,281.85,46.975,5,57,20.0,19.0,Friday,10,1,101,0.029411764705882353,0.0,0.0,1.0,5,7.041666666666667,4.567101560800533,2,3,2,232,Regular
14501.0,184,2,251.21,25.121000000000002,9,161,15.11111111111111,80.5,Thursday,12,1,136,0.014598540145985401,0.0,0.0,0.0,9,2.175,1.6845655555991617,1,2,1,121,Regular
14502.0,20,11,2429.83,3.9964309210526316,368,1480,0.47611202635914335,134.54545454545453,Sunday,14,1,293,0.03741496598639456,1.0,3.0,4.0,368,2.3897861842105264,2.485578195458678,3,4,4,344,Loyal
14503.0,3,6,3166.36,20.04025316455696,113,1736,1.1019108280254777,289.3333333333333,Tuesday,14,1,175,0.03409090909090909,4.0,4.0,5.0,113,2.706329113924051,2.8421097291713004,4,4,4,444,Champions
14504.0,47,4,673.26,6.2921495327102805,85,308,2.160377358490566,77.0,Sunday,16,1,231,0.017241379310344827,0.0,1.0,1.0,85,3.4827102803738317,2.9301779101416336,3,3,3,333,Loyal
14505.0,17,8,5623.45,7.218806161745828,534,2513,0.43958868894601544,314.125,Tuesday,14,1,344,0.02318840579710145,1.0,2.0,2.0,534,2.910474967907574,2.940868076612483,4,4,4,444,Champions
14506.0,17,5,1915.65,6.515816326530612,204,668,1.1911262798634812,133.6,Tuesday,14,1,351,0.014204545454545454,1.0,1.0,2.0,204,3.4710544217687076,2.792264896638724,4,4,4,444,Champions
14507.0,40,5,1130.28,12.024255319148937,79,546,2.5161290322580645,109.2,Tuesday,17,1,235,0.0211864406779661,0.0,1.0,1.0,79,3.16,3.2733528238913414,3,4,3,343,Loyal
14508.0,22,2,268.05,4.873636363636364,52,129,1.2407407407407407,64.5,Thursday,19,1,67,0.029411764705882353,1.0,1.0,2.0,52,3.404909090909091,3.1735707618503444,3,2,2,322,At Risk
14511.0,11,5,1274.01,19.015074626865673,52,736,1.8333333333333333,147.2,Monday,17,1,122,0.04065040650406504,1.0,2.0,3.0,52,2.526417910447761,3.3826749776652854,4,4,3,443,Champions
14512.0,188,2,275.28,11.968695652173912,19,122,2.0,61.0,Thursday,19,1,44,0.044444444444444446,0.0,0.0,0.0,19,4.611739130434782,6.9019336237778734,1,2,2,122,Regular
14513.0,207,2,183.75,20.416666666666668,9,57,10.25,28.5,Thursday,9,1,82,0.024096385542168676,0.0,0.0,0.0,9,2.816666666666667,1.5074813431681338,1,2,1,121,Regular
14514.0,61,3,899.0,13.417910447761194,63,468,4.075757575757576,156.0,Sunday,15,1,270,0.01107011070110701,0.0,0.0,1.0,63,3.225820895522388,2.9888480345270403,2,3,3,233,Regular
14515.0,18,6,1773.71,19.70788888888889,65,720,2.2247191011235956,120.0,Tuesday,12,1,200,0.029850746268656716,3.0,3.0,4.0,65,3.0236666666666667,2.8606392976066095,4,4,4,444,Champions
14517.0,33,2,330.45,18.358333333333334,17,91,6.352941176470588,45.5,Thursday,11,1,108,0.01834862385321101,0.0,1.0,1.0,17,5.333333333333333,3.142872421658813,3,2,2,322,At Risk
14518.0,64,1,137.89,9.849285714285713,14,86,0.0,86.0,Thursday,14,1,0,1.0,0.0,0.0,1.0,14,3.057857142857143,4.629288329706893,2,1,1,211,At Risk
14520.0,2,1,43.2,21.6,2,16,0.0,16.0,Thursday,9,1,0,1.0,1.0,1.0,1.0,2,4.55,5.232590180780452,4,1,1,411,At Risk
14522.0,72,3,405.26,45.028888888888886,8,93,15.625,31.0,Thursday,16,1,126,0.023622047244094488,0.0,0.0,1.0,8,3.638888888888889,2.656282385423491,2,3,2,232,Regular
14523.0,108,1,173.41000000000003,17.341,10,107,0.0,107.0,Tuesday,13,1,0,1.0,0.0,0.0,0.0,10,3.17,3.6612657192105944,2,1,1,211,At Risk
14524.0,32,9,1843.83,9.359543147208122,161,669,1.6581632653061225,74.33333333333333,Thursday,12,1,329,0.02727272727272727,0.0,1.0,4.0,161,4.063756345177665,6.65986295605177,3,4,4,344,Loyal
14525.0,20,9,2728.86,10.576976744186046,212,1333,1.311284046692607,148.11111111111111,Tuesday,12,1,341,0.02631578947368421,1.0,2.0,2.0,212,3.4012403100775193,3.599653897706208,3,4,4,344,Loyal
14527.0,3,55,8405.41,8.68327479338843,330,1990,0.35263702171664946,36.18181818181818,Wednesday,12,1,366,0.14986376021798364,6.0,11.0,15.0,330,5.3747417355371905,4.0403454621351305,4,4,4,444,Champions
14528.0,37,1,251.84,16.789333333333335,15,176,0.0,176.0,Wednesday,17,1,0,1.0,0.0,1.0,1.0,15,2.146666666666667,2.0727885519156026,3,1,1,311,At Risk
14529.0,60,3,578.61,2.7164788732394367,177,325,0.23113207547169812,108.33333333333333,Monday,15,1,50,0.058823529411764705,0.0,1.0,2.0,177,1.986619718309859,1.7582986070335567,2,3,3,233,Regular
14530.0,26,6,2574.65,12.378125,136,976,1.2995169082125604,162.66666666666666,Wednesday,12,1,270,0.02214022140221402,1.0,1.0,1.0,136,4.188221153846154,3.3331126316986337,3,4,4,344,Loyal
14532.0,236,4,932.85,14.57578125,45,284,1.8095238095238095,71.0,Sunday,13,1,115,0.034482758620689655,0.0,0.0,0.0,45,5.6234375000000005,3.487567587670729,1,3,3,133,Regular
14533.0,25,6,789.24,21.923333333333332,33,537,9.314285714285715,89.5,Sunday,12,1,328,0.0182370820668693,1.0,2.0,4.0,33,2.026666666666667,1.6906499172972336,3,4,3,343,Loyal
14534.0,3,18,4195.18,8.356932270916335,327,1729,0.6167664670658682,96.05555555555556,Wednesday,12,1,315,0.056962025316455694,3.0,3.0,4.0,327,3.3509362549800796,2.9349844722273883,4,4,4,444,Champions
14535.0,60,3,2776.98,8.597461300309597,275,1562,0.5838509316770186,520.6666666666666,Monday,15,1,188,0.015873015873015872,0.0,1.0,1.0,275,2.5543343653250776,2.2001907962780263,2,3,4,234,Regular
14536.0,260,1,170.95,9.497222222222222,18,39,0.0,39.0,Friday,12,1,0,1.0,0.0,0.0,0.0,18,5.052777777777778,3.4659466163967987,1,1,1,111,Regular
14537.0,58,1,355.56,35.556,10,120,0.0,120.0,Thursday,10,1,0,1.0,0.0,1.0,1.0,10,2.963,1.099555970987077,2,1,2,212,At Risk
14538.0,65,2,388.25,20.43421052631579,19,155,10.61111111111111,77.5,Thursday,10,1,191,0.010416666666666666,0.0,0.0,1.0,19,3.318947368421053,2.4956916091911543,2,2,2,222,At Risk
14539.0,16,2,517.32,16.687741935483874,30,380,0.9333333333333333,190.0,Thursday,9,1,28,0.06896551724137931,1.0,2.0,2.0,30,2.13258064516129,1.8770437177326396,4,2,2,422,At Risk
14540.0,10,3,952.66,13.417746478873239,64,411,4.257142857142857,137.0,Sunday,12,1,299,0.01,1.0,1.0,2.0,64,3.870140845070422,2.8780258576013753,4,3,3,433,Regular
14541.0,59,8,1409.85,13.556249999999999,71,611,2.495145631067961,76.375,Thursday,15,1,260,0.03065134099616858,0.0,1.0,1.0,71,2.536153846153846,1.7186421077548901,2,4,4,244,Regular
14542.0,186,1,103.25,20.65,5,19,0.0,19.0,Tuesday,8,1,0,1.0,0.0,0.0,0.0,5,5.41,0.7797435475847173,1,1,1,111,Regular
14543.0,29,16,2485.13,37.65348484848485,41,471,5.061538461538461,29.4375,Tuesday,13,1,336,0.04747774480712166,2.0,2.0,3.0,41,6.141363636363636,4.256895179990526,3,4,4,344,Loyal
14544.0,24,2,1348.72,14.197052631578948,86,802,3.5851063829787235,401.0,Tuesday,15,1,337,0.005917159763313609,1.0,1.0,1.0,86,2.595684210526316,2.66993810296872,3,2,4,324,At Risk
14546.0,5,5,2573.93,6.48345088161209,250,1313,0.6085858585858586,262.6,Sunday,13,1,243,0.020491803278688523,1.0,2.0,3.0,250,2.6873803526448365,2.178263646590432,4,4,4,444,Champions
14547.0,4,8,3797.71,11.072040816326531,194,2041,0.13742690058479531,255.125,Sunday,14,1,50,0.1568627450980392,6.0,8.0,8.0,194,2.9868513119533526,3.186681622687921,4,4,4,444,Champions
14549.0,311,1,281.68,5.1214545454545455,55,100,0.0,100.0,Tuesday,13,1,0,1.0,0.0,0.0,0.0,55,3.2670909090909093,2.396183441261349,1,1,2,112,Regular
14550.0,11,2,703.6700000000001,15.29717391304348,37,359,0.7333333333333333,179.5,Wednesday,12,1,33,0.058823529411764705,1.0,2.0,2.0,37,2.204565217391304,1.8964712336591392,4,2,3,423,At Risk
14551.0,18,2,186.23,18.622999999999998,9,106,20.555555555555557,53.0,Thursday,18,1,185,0.010752688172043012,1.0,1.0,1.0,9,4.702,4.714987451379554,4,2,1,421,At Risk
14552.0,152,1,164.22,2.8810526315789473,57,90,0.0,90.0,Monday,12,1,0,1.0,0.0,0.0,0.0,57,1.8931578947368422,1.4750340890670204,1,1,1,111,Regular
14553.0,19,5,853.57,7.621160714285715,102,463,2.864864864864865,92.6,Sunday,13,1,319,0.015625,1.0,3.0,3.0,102,3.7551785714285715,15.57740428608532,3,4,3,343,Loyal
14554.0,10,4,2124.33,10.728939393939394,143,1163,0.20812182741116753,290.75,Wednesday,13,1,42,0.09302325581395349,3.0,4.0,4.0,143,2.7540404040404036,3.001982059010878,4,3,4,434,Regular
14555.0,57,2,251.7,13.983333333333333,17,86,14.352941176470589,43.0,Thursday,17,1,244,0.00816326530612245,0.0,1.0,1.0,17,3.2577777777777777,1.5571941416442725,2,2,1,221,At Risk
14557.0,85,1,287.44,31.93777777777778,9,200,0.0,200.0,Thursday,15,1,0,1.0,0.0,0.0,1.0,9,1.551111111111111,1.2077090341266439,2,1,2,212,At Risk
14560.0,17,18,1860.1299999999999,28.617384615384612,36,576,5.21875,32.0,Friday,12,1,341,0.05263157894736842,2.0,4.0,5.0,36,5.495230769230769,3.872900684440341,4,4,4,444,Champions
14561.0,76,3,1003.72,15.441846153846154,63,798,1.6875,266.0,Sunday,13,1,108,0.027522935779816515,0.0,0.0,1.0,63,2.0853846153846156,2.144772771270797,2,3,3,233,Regular
14562.0,4,18,5006.77,11.949331742243437,187,1815,0.6985645933014354,100.83333333333333,Thursday,14,1,300,0.059800664451827246,5.0,8.0,11.0,187,3.4860859188544153,3.380283806814134,4,4,4,444,Champions
14565.0,96,4,2982.36,24.853,104,1216,2.2184873949579833,304.0,Monday,13,1,265,0.015037593984962405,0.0,0.0,0.0,104,4.118833333333333,7.6833081311070055,2,3,4,234,Regular
14567.0,57,2,1530.3600000000001,46.374545454545455,33,412,2.28125,206.0,Friday,10,1,73,0.02702702702702703,0.0,1.0,1.0,33,3.7118181818181815,2.354825437460088,2,2,4,224,At Risk
14569.0,1,1,104.99,9.544545454545455,9,31,0.0,31.0,Thursday,14,1,0,1.0,1.0,1.0,1.0,9,4.044545454545454,4.358099043473802,4,1,1,411,At Risk
14570.0,281,2,218.06,7.519310344827586,29,95,0.0,47.5,Friday,10,1,0,2.0,0.0,0.0,0.0,29,3.372068965517242,2.567447842439125,1,2,1,121,Regular
14572.0,3,7,2740.06,10.57938223938224,188,1176,1.2286821705426356,168.0,Sunday,16,1,320,0.021806853582554516,1.0,2.0,2.0,188,3.002123552123552,2.6831555615769727,4,4,4,444,Champions
14573.0,180,9,1625.9,7.19424778761062,126,486,0.8311111111111111,54.0,Thursday,19,1,192,0.046632124352331605,0.0,0.0,0.0,126,4.55929203539823,4.223062652060134,1,4,4,144,Regular
14576.0,372,1,35.400000000000006,35.400000000000006,1,12,0.0,12.0,Thursday,17,1,0,1.0,0.0,0.0,0.0,1,2.95,0.0,1,1,1,111,Regular
14577.0,13,4,859.71,6.989512195121952,86,353,2.8688524590163933,88.25,Sunday,11,1,350,0.011396011396011397,1.0,1.0,1.0,86,2.643333333333333,1.1825040579188453,4,3,3,433,Regular
14578.0,3,1,111.51,5.3100000000000005,21,84,0.0,84.0,Tuesday,17,1,0,1.0,1.0,1.0,1.0,21,2.7490476190476194,1.7655336438649496,4,1,1,411,At Risk
14581.0,17,1,103.92,6.928,14,85,0.0,85.0,Wednesday,12,1,0,1.0,1.0,1.0,1.0,14,1.762,1.9759814921053431,4,1,1,411,At Risk
14582.0,41,1,114.11,19.018333333333334,6,73,0.0,73.0,Sunday,11,1,0,1.0,0.0,1.0,1.0,6,3.39,3.8707105290889428,3,1,1,311,At Risk
14583.0,6,5,953.9,3.1796666666666664,242,685,0.6622073578595318,137.0,Monday,12,1,200,0.024875621890547265,1.0,1.0,1.0,242,1.9956333333333336,2.049736405001592,4,4,3,443,Champions
14584.0,169,4,1033.06,10.54142857142857,68,381,0.27835051546391754,95.25,Thursday,20,1,29,0.13333333333333333,0.0,0.0,0.0,68,3.491938775510204,2.9028601814979518,1,3,3,133,Regular
14585.0,50,1,157.05,5.415517241379311,29,91,0.0,91.0,Thursday,14,1,0,1.0,0.0,1.0,1.0,29,1.9896551724137932,1.5836541892512408,3,1,1,311,At Risk
14586.0,277,1,202.44,12.6525,16,328,0.0,328.0,Tuesday,10,1,0,1.0,0.0,0.0,0.0,16,0.771875,0.5592759456058639,1,1,1,111,Regular
14587.0,19,9,1572.73,4.2506216216216215,169,713,0.8373983739837398,79.22222222222223,Wednesday,13,1,312,0.02875399361022364,1.0,1.0,1.0,169,2.416054054054054,2.336995870549895,3,4,4,344,Loyal
14589.0,372,1,39.75,13.25,3,5,0.0,5.0,Friday,11,1,0,1.0,0.0,0.0,0.0,3,7.95,0.0,1,1,1,111,Regular
14591.0,15,4,1033.21,6.4575625,126,558,1.2389937106918238,139.5,Thursday,13,1,197,0.020202020202020204,3.0,3.0,3.0,126,2.947625,2.7608563268002024,4,3,3,433,Regular
14592.0,35,3,557.94,3.5312658227848104,132,407,0.17834394904458598,135.66666666666666,Friday,18,1,28,0.10344827586206896,0.0,2.0,3.0,132,2.047974683544304,2.025423053864475,3,3,2,332,Loyal
14593.0,22,3,617.15,4.087086092715231,127,330,1.18,110.0,Friday,12,1,177,0.016853932584269662,1.0,1.0,1.0,127,2.074039735099338,2.294293261931423,3,3,3,333,Loyal
14594.0,7,2,363.33,6.987115384615384,48,183,7.1568627450980395,91.5,Wednesday,13,1,365,0.00546448087431694,1.0,1.0,1.0,48,3.255,2.482373547911867,4,2,2,422,At Risk
14595.0,20,6,1703.16,17.0316,92,906,2.9292929292929295,151.0,Friday,15,1,293,0.02040816326530612,2.0,3.0,5.0,92,2.9504,2.505294563217037,3,4,4,344,Loyal
14597.0,11,1,295.74,7.782631578947369,36,216,0.0,216.0,Monday,13,1,0,1.0,1.0,1.0,1.0,36,1.36,0.865934895499219,4,1,2,412,At Risk
14598.0,44,1,221.97,4.4394,49,189,0.0,189.0,Wednesday,13,1,0,1.0,0.0,1.0,1.0,49,1.5216,0.8297561972885624,3,1,1,311,At Risk
14600.0,306,1,393.33000000000004,15.733200000000002,25,125,0.0,125.0,Monday,9,1,0,1.0,0.0,0.0,0.0,25,5.3628,3.4518612370719652,1,1,2,112,Regular
14601.0,11,1,123.96000000000001,20.66,6,96,0.0,96.0,Tuesday,9,1,0,1.0,1.0,1.0,1.0,6,1.4649999999999999,0.9323894036291919,4,1,1,411,At Risk
14606.0,1,93,11363.06,4.2718270676691725,817,5218,0.12373072583678074,56.10752688172043,Wednesday,13,1,372,0.24932975871313673,9.0,15.0,22.0,817,2.828169172932331,3.4446045248196087,4,4,4,444,Champions
14607.0,19,3,450.9,50.099999999999994,6,102,3.5,34.0,Monday,9,1,28,0.10344827586206896,1.0,3.0,3.0,6,4.9188888888888895,2.1696453883321833,3,3,2,332,Loyal
14608.0,4,3,1017.15,63.571875,8,245,5.333333333333333,81.66666666666667,Thursday,11,1,81,0.036585365853658534,2.0,2.0,3.0,8,4.28125,0.44529952466476636,4,3,3,433,Regular
14616.0,285,1,10.08,10.08,1,24,0.0,24.0,Monday,10,1,0,1.0,0.0,0.0,0.0,1,0.42,0.0,1,1,1,111,Regular
14618.0,9,3,438.84000000000003,31.345714285714287,10,180,25.153846153846153,60.0,Tuesday,8,1,328,0.00911854103343465,2.0,2.0,2.0,10,4.692142857142857,4.710056636228859,4,3,2,432,Regular
14619.0,246,1,394.44,19.722,20,152,0.0,152.0,Friday,7,1,0,1.0,0.0,0.0,0.0,20,4.706,3.694350452130643,1,1,2,112,Regular
14620.0,206,2,384.34000000000003,15.373600000000001,25,178,3.25,89.0,Tuesday,8,1,78,0.02531645569620253,0.0,0.0,0.0,25,3.5276,2.6552122953416237,1,2,2,122,Regular
14621.0,1,5,1733.52,19.261333333333333,78,909,4.0,181.8,Wednesday,13,1,357,0.013966480446927373,2.0,2.0,2.0,78,3.0698888888888893,3.4430775671748983,4,4,4,444,Champions
14622.0,185,1,320.58000000000004,15.265714285714287,21,146,0.0,146.0,Wednesday,12,1,0,1.0,0.0,0.0,0.0,21,3.212380952380953,2.1066369045516713,1,1,2,112,Regular
14623.0,32,5,826.7,6.262878787878789,107,370,1.534351145038168,74.0,Monday,13,1,203,0.024509803921568627,0.0,2.0,2.0,107,3.0446969696969695,2.477415681126198,3,4,3,343,Loyal
14624.0,57,2,225.85,17.373076923076923,13,162,0.08333333333333333,81.0,Tuesday,14,1,1,1.0,0.0,2.0,2.0,13,2.0707692307692307,1.3838741605751919,2,2,1,221,At Risk
14625.0,196,2,899.63,16.974150943396225,51,335,3.1538461538461537,167.5,Monday,15,1,164,0.012121212121212121,0.0,0.0,0.0,51,4.738490566037736,3.393724636525942,1,2,3,123,Regular
14626.0,24,4,2557.27,21.48966386554622,107,1269,1.7627118644067796,317.25,Wednesday,10,1,209,0.01904761904761905,1.0,1.0,2.0,107,3.4443697478991595,4.449855765831536,3,3,4,334,Loyal
14628.0,91,2,671.96,27.998333333333335,22,272,6.565217391304348,136.0,Monday,14,1,151,0.013157894736842105,0.0,0.0,0.0,22,4.545416666666667,3.9323828147128905,2,2,3,223,At Risk
14629.0,4,2,955.26,6.3684,133,378,0.28859060402684567,189.0,Sunday,16,1,43,0.045454545454545456,1.0,2.0,2.0,133,3.7636666666666665,3.6602575214105504,4,2,3,423,At Risk
14631.0,51,3,755.82,20.427567567567568,35,430,6.861111111111111,143.33333333333334,Monday,11,1,248,0.012048192771084338,0.0,1.0,1.0,35,2.51972972972973,1.9536568083788222,3,3,3,333,Loyal
14632.0,263,1,95.84,13.691428571428572,7,48,0.0,48.0,Tuesday,8,1,0,1.0,0.0,0.0,0.0,7,2.847142857142857,2.643266377582316,1,1,1,111,Regular
14633.0,266,1,344.90000000000003,17.245,20,96,0.0,96.0,Friday,17,1,0,1.0,0.0,0.0,0.0,20,5.4025,3.0092172001859114,1,1,2,112,Regular
14636.0,36,2,609.85,21.780357142857145,27,241,8.592592592592593,120.5,Wednesday,9,1,232,0.008583690987124463,0.0,1.0,1.0,27,3.038214285714286,1.532190524782347,3,2,3,323,At Risk
14638.0,51,1,443.6,27.725,16,166,0.0,166.0,Thursday,10,1,0,1.0,0.0,1.0,1.0,16,4.159375,3.69915029657713,3,1,2,312,At Risk
14639.0,52,6,2860.77,16.927633136094673,137,1299,1.8333333333333333,216.5,Monday,13,1,309,0.01935483870967742,0.0,2.0,2.0,137,4.758047337278106,4.392761941414118,2,4,4,244,Regular
14640.0,24,6,2047.26,19.87631067961165,86,808,1.9705882352941178,134.66666666666666,Tuesday,15,1,203,0.029411764705882353,1.0,2.0,2.0,86,4.011165048543689,3.36567544162747,3,4,4,344,Loyal
14641.0,22,1,110.46000000000001,15.780000000000001,7,90,0.0,90.0,Friday,10,1,0,1.0,1.0,1.0,1.0,7,1.2900000000000003,0.8057294831393476,3,1,1,311,At Risk
14642.0,59,1,19.8,19.8,1,4,0.0,4.0,Wednesday,11,1,0,1.0,0.0,1.0,1.0,1,4.95,0.0,2,1,1,211,At Risk
14643.0,170,2,343.57,18.082631578947368,19,303,10.38888888888889,151.5,Wednesday,14,1,187,0.010638297872340425,0.0,0.0,0.0,19,2.123684210526316,2.3750817776010154,1,2,2,122,Regular
14644.0,68,2,741.12,29.6448,25,222,9.583333333333334,111.0,Monday,8,1,230,0.008658008658008658,0.0,0.0,1.0,25,4.4156,4.451678597263434,2,2,3,223,At Risk
14645.0,157,2,578.37,19.943793103448275,27,333,4.214285714285714,166.5,Wednesday,9,1,118,0.01680672268907563,0.0,0.0,0.0,27,3.733448275862069,7.484306569588543,1,2,3,123,Regular
14646.0,2,58,25623.12,49.657209302325576,306,5639,0.6427184466019418,97.22413793103448,Thursday,11,1,352,0.1643059490084986,10.0,16.0,23.0,306,5.237713178294573,8.515544404667551,4,4,4,444,Champions
14647.0,201,1,236.04000000000002,8.430000000000001,24,91,0.0,91.0,Sunday,13,1,0,1.0,0.0,0.0,0.0,24,2.413214285714286,1.3007036658882094,1,1,1,111,Regular
14649.0,5,4,1138.11,6.322833333333333,146,604,1.1564245810055866,151.0,Wednesday,12,1,207,0.019230769230769232,1.0,1.0,2.0,146,2.7010555555555555,2.6294470173418723,4,3,3,433,Regular
14651.0,67,2,653.75,6.4727722772277225,95,343,1.43,171.5,Thursday,16,1,143,0.013888888888888888,0.0,0.0,1.0,95,2.9171287128712873,3.2484252605327604,2,2,3,223,At Risk
14652.0,77,1,114.18,3.937241379310345,29,53,0.0,53.0,Friday,14,1,0,1.0,0.0,0.0,1.0,29,2.986206896551724,2.481890716186673,2,1,1,211,At Risk
14653.0,1,7,1926.65,8.233547008547008,154,945,1.4334763948497855,135.0,Wednesday,13,1,337,0.020710059171597635,3.0,5.0,6.0,154,3.2910256410256413,3.011143932917761,4,4,4,444,Champions
14655.0,8,4,954.23,25.79,29,471,5.916666666666667,117.75,Thursday,8,1,214,0.018604651162790697,2.0,2.0,3.0,29,3.017297297297297,2.656517821686302,4,3,3,433,Regular
14656.0,169,2,291.05,3.638125,73,120,1.4430379746835442,60.0,Thursday,13,1,114,0.017391304347826087,0.0,0.0,0.0,73,2.7685,2.4120111362759062,1,2,2,122,Regular
14657.0,18,4,848.22,6.7319047619047625,103,466,2.464,116.5,Monday,15,1,308,0.012944983818770227,1.0,1.0,1.0,103,2.7334920634920636,2.6934998251227906,4,3,3,433,Regular
14658.0,5,2,247.15,8.522413793103448,27,47,3.9642857142857144,23.5,Sunday,15,1,111,0.017857142857142856,1.0,1.0,1.0,27,5.588275862068966,7.1763799414495475,4,2,1,421,At Risk
14659.0,9,9,2529.93,9.999723320158102,147,1195,1.2023809523809523,132.77777777777777,Friday,12,1,306,0.029315960912052116,1.0,2.0,3.0,147,2.9375098814229252,2.245491365629416,4,4,4,444,Champions
14660.0,87,2,285.74,9.524666666666667,24,228,0.4827586206896552,114.0,Wednesday,11,1,14,0.13333333333333333,0.0,0.0,1.0,24,2.3586666666666667,2.8555363447331494,2,2,2,222,At Risk
14661.0,27,1,107.95,26.9875,4,35,0.0,35.0,Sunday,11,1,0,1.0,1.0,1.0,1.0,4,3.95,4.854551129266914,3,1,1,311,At Risk
14662.0,29,4,719.95,4.64483870967742,141,512,1.8571428571428572,128.0,Friday,12,1,287,0.013888888888888888,1.0,1.0,1.0,141,2.420258064516129,2.147209287698348,3,3,3,333,Loyal
14664.0,20,2,636.24,6.492244897959184,78,465,0.13402061855670103,232.5,Sunday,14,1,13,0.14285714285714285,1.0,2.0,2.0,78,1.9861224489795917,1.942353038213666,3,2,3,323,At Risk
14665.0,61,4,1754.1000000000001,19.708988764044946,62,708,2.8295454545454546,177.0,Wednesday,9,1,250,0.01593625498007968,0.0,0.0,2.0,62,4.348314606741573,4.360036550085294,2,3,4,234,Regular
14666.0,24,1,195.25,13.946428571428571,14,161,0.0,161.0,Tuesday,12,1,0,1.0,1.0,1.0,1.0,14,1.857142857142857,2.440742095761446,3,1,1,311,At Risk
14667.0,11,25,7304.34,13.91302857142857,336,3350,0.6622137404580153,134.0,Monday,13,1,357,0.06983240223463687,3.0,6.0,7.0,336,3.283790476190476,2.97766141041925,4,4,4,444,Champions
14669.0,242,3,1245.32,7.547393939393939,157,722,0.5487804878048781,240.66666666666666,Tuesday,12,1,90,0.03296703296703297,0.0,0.0,0.0,157,2.7310909090909092,2.4812582906863567,1,3,3,133,Regular
14670.0,280,2,392.86,3.1939837398373987,107,326,0.0,163.0,Friday,14,1,0,2.0,0.0,0.0,0.0,107,1.6123577235772357,1.2422184552875837,1,2,2,122,Regular
14672.0,235,2,699.27,12.056379310344827,57,350,1.7719298245614035,175.0,Friday,15,1,101,0.0196078431372549,0.0,0.0,0.0,57,3.0367241379310346,2.894351660838765,1,2,3,123,Regular
14673.0,3,5,1334.64,19.92,38,704,5.484848484848484,140.8,Wednesday,12,1,364,0.0136986301369863,3.0,4.0,4.0,38,2.495671641791045,1.47566751601436,4,4,3,443,Champions
14675.0,16,1,508.96,5.357473684210526,91,268,0.0,268.0,Wednesday,12,1,0,1.0,1.0,1.0,1.0,91,2.279578947368421,2.2366478126540046,4,1,2,412,At Risk
14676.0,31,5,838.12,59.86571428571428,12,292,19.23076923076923,58.4,Tuesday,14,1,251,0.01984126984126984,0.0,1.0,2.0,12,3.023571428571429,2.069632472548827,3,4,3,343,Loyal
14680.0,25,15,4308.6,37.794736842105266,48,1583,2.9911504424778763,105.53333333333333,Tuesday,12,1,346,0.043227665706051875,1.0,1.0,2.0,48,2.7850877192982457,1.9924029364723843,3,4,4,344,Loyal
14681.0,71,3,158.95,26.491666666666664,5,36,28.0,12.0,Thursday,10,1,140,0.02127659574468085,0.0,0.0,2.0,5,6.991666666666667,3.800054824165917,2,3,1,231,Regular
14684.0,26,5,1201.51,3.080794871794872,231,821,0.8611825192802056,164.2,Sunday,12,1,336,0.01483679525222552,1.0,2.0,3.0,231,1.7434102564102563,1.5231355194766647,3,4,3,343,Loyal
14687.0,107,1,217.02,21.702,10,102,0.0,102.0,Thursday,11,1,0,1.0,0.0,0.0,0.0,10,2.6390000000000002,1.2991830766549675,2,1,1,211,At Risk
14688.0,8,20,3920.2200000000003,12.938019801980198,146,2588,1.1821192052980132,129.4,Tuesday,12,1,366,0.05449591280653951,1.0,3.0,4.0,146,2.1536963696369638,2.302655003782315,4,4,4,444,Champions
14689.0,209,1,112.80000000000001,8.676923076923078,13,76,0.0,76.0,Sunday,11,1,0,1.0,0.0,0.0,0.0,13,2.180769230769231,1.897535513670568,1,1,1,111,Regular
14690.0,44,2,355.05,7.3968750000000005,40,167,2.276595744680851,83.5,Monday,11,1,107,0.018518518518518517,0.0,1.0,1.0,40,2.761875,1.8917667710258173,3,2,2,322,At Risk
14691.0,31,5,1992.29,28.461285714285715,49,671,2.6231884057971016,134.2,Sunday,11,1,182,0.0273224043715847,0.0,1.0,3.0,49,3.6704285714285714,2.790150084641329,3,4,4,344,Loyal
14692.0,137,4,591.55,8.699264705882353,53,265,2.7313432835820897,66.25,Monday,13,1,185,0.021505376344086023,0.0,0.0,0.0,53,2.932352941176471,1.5473078378962282,2,3,3,233,Regular
14693.0,265,1,172.9,21.6125,8,34,0.0,34.0,Sunday,12,1,0,1.0,0.0,0.0,0.0,8,3.475,3.8743663076320347,1,1,1,111,Regular
14696.0,4,7,1912.39,15.804876033057852,108,1246,3.0416666666666665,178.0,Monday,13,1,368,0.018970189701897018,1.0,1.0,2.0,108,2.61,2.2351062614560404,4,4,4,444,Champions
14697.0,218,2,121.41,6.39,19,61,0.0,30.5,Thursday,15,1,0,2.0,0.0,0.0,0.0,19,3.664736842105263,2.7832322704627135,1,2,1,121,Regular
14698.0,2,5,1217.27,6.0863499999999995,148,602,0.24120603015075376,120.4,Sunday,12,1,49,0.1,3.0,5.0,5.0,148,2.8583499999999997,2.4858911988990626,4,4,3,443,Champions
14699.0,214,1,109.13000000000001,13.641250000000001,8,77,0.0,77.0,Monday,14,1,0,1.0,0.0,0.0,0.0,8,2.21125,2.092301791261071,1,1,1,111,Regular
14700.0,32,3,1549.98,15.816122448979591,79,762,2.11340206185567,254.0,Friday,13,1,206,0.014492753623188406,0.0,1.0,1.0,79,2.5575510204081633,2.2855313899580305,3,3,4,334,Loyal
14701.0,11,9,2526.09,7.725045871559633,268,921,0.9263803680981595,102.33333333333333,Tuesday,12,1,305,0.029411764705882353,2.0,2.0,2.0,268,3.1573088685015294,3.906936584050511,4,4,4,444,Champions
14702.0,1,17,3217.09,9.462029411764707,196,1369,1.0412979351032448,80.52941176470588,Thursday,19,1,364,0.04657534246575343,3.0,6.0,8.0,196,3.7960882352941177,3.62923189958731,4,4,4,444,Champions
14703.0,15,1,318.17,14.462272727272728,22,183,0.0,183.0,Friday,9,1,0,1.0,1.0,1.0,1.0,22,2.0513636363636363,1.0274299672787133,4,1,2,412,At Risk
14704.0,11,9,1488.08,3.7961224489795917,287,1015,0.4219948849104859,112.77777777777777,Wednesday,13,1,168,0.05325443786982249,3.0,6.0,7.0,287,2.26734693877551,2.3448970774594935,4,4,4,444,Champions
14708.0,3,3,804.41,32.1764,23,331,15.208333333333334,110.33333333333333,Wednesday,8,1,365,0.00819672131147541,1.0,1.0,1.0,23,3.1792000000000002,3.023974922735526,4,3,3,433,Regular
14709.0,15,13,4782.32,24.77886010362694,70,2376,1.7552083333333333,182.76923076923077,Thursday,9,1,343,0.0377906976744186,1.0,3.0,4.0,70,2.7749222797927464,2.233842709130713,4,4,4,444,Champions
14710.0,14,4,599.48,4.4079411764705885,124,375,0.31851851851851853,93.75,Sunday,13,1,45,0.08695652173913043,2.0,4.0,4.0,124,2.0731617647058824,1.70908713004422,4,3,3,433,Regular
14711.0,10,11,2767.62,8.045406976744186,221,866,0.7142857142857143,78.72727272727273,Tuesday,13,1,252,0.043478260869565216,2.0,2.0,2.0,221,4.8488953488372095,16.40126932621016,4,4,4,444,Champions
14712.0,29,3,877.23,36.55125,20,267,3.5652173913043477,89.0,Sunday,14,1,82,0.03614457831325301,1.0,1.0,2.0,20,3.4112500000000003,2.503995611365789,3,3,3,333,Loyal
14713.0,9,11,2423.2,7.233432835820895,144,1505,1.0479041916167664,136.8181818181818,Thursday,17,1,355,0.03089887640449438,2.0,2.0,2.0,144,2.478358208955224,2.206082498698235,4,4,4,444,Champions
14714.0,24,1,79.55,8.838888888888889,9,37,0.0,37.0,Tuesday,13,1,0,1.0,1.0,1.0,1.0,9,3.605555555555556,4.453681373625394,3,1,1,311,At Risk
14715.0,25,4,795.88,11.534492753623189,58,367,4.485294117647059,91.75,Tuesday,12,1,306,0.013029315960912053,1.0,1.0,1.0,58,3.4204347826086954,3.116874110378674,3,3,3,333,Loyal
14716.0,43,2,229.75,4.994565217391305,42,231,2.3333333333333335,115.5,Thursday,17,1,105,0.018867924528301886,0.0,1.0,1.0,42,1.5947826086956522,1.6430807637286935,3,2,1,321,At Risk
14719.0,2,5,1581.84,6.731234042553191,177,1025,1.047008547008547,205.0,Monday,12,1,247,0.020161290322580645,2.0,2.0,3.0,177,2.3554893617021273,2.115932861620696,4,4,4,444,Champions
14720.0,6,3,663.81,17.94081081081081,34,219,3.3333333333333335,73.0,Sunday,12,1,120,0.024793388429752067,1.0,1.0,2.0,34,5.744594594594595,4.6194988873220835,4,3,3,433,Regular
14722.0,147,1,180.42,6.4435714285714285,28,118,0.0,118.0,Friday,14,1,0,1.0,0.0,0.0,0.0,28,3.0035714285714286,2.3041656548693203,1,1,1,111,Regular
14723.0,10,6,1107.24,4.2916279069767445,192,637,1.3968871595330739,106.16666666666667,Thursday,15,1,361,0.016574585635359115,1.0,3.0,3.0,192,2.2980232558139533,2.2775130575001143,4,4,3,443,Champions
14725.0,25,1,533.48,12.406511627906978,41,346,0.0,346.0,Tuesday,12,1,0,1.0,1.0,1.0,1.0,41,3.8186046511627905,3.8768504530373553,3,1,2,312,At Risk
14727.0,274,1,268.58,26.857999999999997,10,62,0.0,62.0,Thursday,14,1,0,1.0,0.0,0.0,0.0,10,7.0840000000000005,6.907741550849549,1,1,2,112,Regular
14729.0,374,1,313.49,4.415352112676056,69,197,0.0,197.0,Wednesday,12,1,0,1.0,0.0,0.0,0.0,69,2.159154929577465,1.956682138197116,1,1,2,112,Regular
14730.0,1,8,1897.57,4.107294372294372,317,1078,0.5943600867678959,134.75,Wednesday,13,1,275,0.028985507246376812,1.0,1.0,3.0,317,2.5628138528138527,2.8568913304033687,4,4,4,444,Champions
14731.0,47,3,366.58,8.331363636363635,38,224,3.813953488372093,74.66666666666667,Wednesday,13,1,165,0.018072289156626505,0.0,1.0,1.0,38,2.140454545454545,2.171911551740427,3,3,2,332,Loyal
14732.0,8,8,2582.4900000000002,17.688287671232878,104,1309,2.2551724137931033,163.625,Tuesday,11,1,330,0.02416918429003021,1.0,2.0,3.0,104,3.400958904109589,2.957987976186683,4,4,4,444,Champions
14733.0,16,12,6180.59,40.396013071895425,85,1700,2.276315789473684,141.66666666666666,Monday,15,1,351,0.03409090909090909,1.0,1.0,1.0,85,4.67607843137255,2.8834861565231558,4,4,4,444,Champions
14735.0,4,31,5165.57,29.020056179775278,96,1656,1.9378531073446328,53.41935483870968,Thursday,11,1,354,0.08732394366197183,6.0,6.0,9.0,96,3.9474157303370787,2.5158393273631545,4,4,4,444,Champions
14737.0,4,3,785.35,60.41153846153846,12,195,29.083333333333332,65.0,Tuesday,13,1,349,0.008571428571428572,1.0,1.0,1.0,12,3.95,2.3315767197328077,4,3,3,433,Regular
14738.0,43,7,1225.65,23.12547169811321,39,553,5.1923076923076925,79.0,Thursday,13,1,273,0.025547445255474453,0.0,1.0,2.0,39,3.3464150943396227,3.0629316614715227,3,4,3,343,Loyal
14739.0,20,6,777.1800000000001,31.087200000000003,23,342,14.375,57.0,Wednesday,14,1,347,0.017241379310344827,1.0,1.0,2.0,23,2.8292,2.317888622575871,3,4,3,343,Loyal
14740.0,197,3,1448.21,16.272022471910113,85,735,0.9772727272727273,245.0,Thursday,18,1,86,0.034482758620689655,0.0,0.0,0.0,85,2.8922471910112364,2.801633351850711,1,3,4,134,Regular
14741.0,12,6,1306.74,22.53,34,697,6.298245614035087,116.16666666666667,Monday,8,1,361,0.016574585635359115,1.0,2.0,2.0,34,2.6367241379310347,2.0137574096750517,4,4,3,443,Champions
14744.0,16,6,439.98,21.999000000000002,19,179,15.842105263157896,29.833333333333332,Monday,9,1,303,0.019736842105263157,1.0,2.0,2.0,19,3.467,3.585539818419771,4,4,2,442,Champions
14745.0,113,5,1117.3,17.189230769230768,43,822,2.671875,164.4,Wednesday,8,1,172,0.028901734104046242,0.0,0.0,0.0,43,1.7264615384615385,1.4073295087341298,2,4,3,243,Regular
14747.0,249,1,328.2,18.233333333333334,18,84,0.0,84.0,Monday,14,1,0,1.0,0.0,0.0,0.0,18,5.800000000000001,4.139231244339659,1,1,2,112,Regular
14748.0,29,5,1393.69,16.39635294117647,83,1037,4.023809523809524,207.4,Monday,10,1,339,0.014705882352941176,1.0,1.0,1.0,83,1.9398823529411766,1.6062419124255511,3,4,4,344,Loyal
14752.0,44,1,129.0,43.0,3,44,0.0,44.0,Thursday,11,1,0,1.0,0.0,1.0,1.0,3,3.4500000000000006,1.6703293088490068,3,1,1,311,At Risk
14753.0,87,1,563.15,18.771666666666665,30,211,0.0,211.0,Tuesday,14,1,0,1.0,0.0,0.0,1.0,30,3.5983333333333336,2.1110090467362523,2,1,2,212,At Risk
14754.0,45,2,638.05,15.562195121951218,38,486,6.25,243.0,Wednesday,12,1,250,0.00796812749003984,0.0,1.0,1.0,38,2.238048780487805,2.440453051701871,3,2,3,323,At Risk
14755.0,10,11,4910.92,21.259393939393938,127,2027,1.391304347826087,184.27272727272728,Wednesday,12,1,324,0.033846153846153845,2.0,3.0,4.0,127,4.051298701298701,3.785745122446668,4,4,4,444,Champions
14756.0,15,1,708.36,19.144864864864864,37,380,0.0,380.0,Thursday,18,1,0,1.0,1.0,1.0,1.0,37,3.5505405405405406,3.6609454956229435,4,1,3,413,At Risk
14757.0,75,1,420.5,22.13157894736842,19,160,0.0,160.0,Sunday,14,1,0,1.0,0.0,0.0,1.0,19,3.9242105263157896,2.9005005617603192,2,1,2,212,At Risk
14758.0,145,4,1446.6200000000001,20.965507246376813,52,323,1.661764705882353,80.75,Friday,12,1,114,0.034782608695652174,0.0,0.0,0.0,52,6.8392753623188405,4.643011927757221,1,3,4,134,Regular
14759.0,5,3,1625.97,15.940882352941177,92,569,2.2475247524752477,189.66666666666666,Monday,12,1,228,0.013100436681222707,1.0,1.0,1.0,92,5.394117647058824,3.9411337648396008,4,3,4,434,Regular
14760.0,297,1,89.2,17.84,5,40,0.0,40.0,Tuesday,16,1,0,1.0,0.0,0.0,0.0,5,2.87,1.940876090841453,1,1,1,111,Regular
14761.0,59,2,255.9,23.263636363636365,11,118,27.6,59.0,Sunday,12,1,276,0.007220216606498195,0.0,1.0,1.0,11,2.272727272727273,1.0666216846576009,2,2,2,222,At Risk
14762.0,264,1,277.12,13.856,20,305,0.0,305.0,Monday,8,1,0,1.0,0.0,0.0,0.0,20,1.3685,1.282978750285526,1,1,2,112,Regular
14764.0,47,1,79.8,26.599999999999998,3,60,0.0,60.0,Monday,11,1,0,1.0,0.0,1.0,1.0,3,1.3833333333333335,0.23094010767585024,3,1,1,311,At Risk
14765.0,29,3,233.11,6.134473684210526,37,85,3.945945945945946,28.333333333333332,Thursday,19,1,147,0.02027027027027027,1.0,1.0,1.0,37,3.0439473684210525,2.319137234117154,3,3,1,331,Loyal
14766.0,8,6,2400.57,18.049398496240602,110,1269,2.6893939393939394,211.5,Tuesday,13,1,358,0.016713091922005572,1.0,1.0,2.0,110,2.6799248120300754,2.2591750627166793,4,4,4,444,Champions
14768.0,17,2,192.60000000000002,38.52,4,52,27.25,26.0,Thursday,13,1,109,0.01818181818181818,1.0,1.0,1.0,4,3.91,1.0039920318408906,4,2,1,421,At Risk
14769.0,3,8,9754.05,9.369884726224782,704,6290,0.33653846153846156,786.25,Sunday,13,1,354,0.022535211267605635,1.0,1.0,2.0,704,2.7505763688760805,2.862413763259056,4,4,4,444,Champions
14770.0,232,2,845.82,16.584705882352942,48,454,1.8,227.0,Thursday,14,1,90,0.02197802197802198,0.0,0.0,0.0,48,3.4952941176470587,3.5580125648688634,1,2,3,123,Regular
14772.0,112,1,139.26,15.473333333333333,9,82,0.0,82.0,Friday,15,1,0,1.0,0.0,0.0,0.0,9,3.508888888888889,3.8954410675956983,2,1,1,211,At Risk
14775.0,58,3,879.42,15.989454545454544,53,910,5.796296296296297,303.3333333333333,Thursday,16,1,313,0.009554140127388535,0.0,1.0,1.0,53,1.1023636363636362,0.5602709782092671,2,3,3,233,Regular
14776.0,51,11,1239.54,14.756428571428572,34,1466,3.0963855421686746,133.27272727272728,Wednesday,12,1,261,0.04198473282442748,0.0,3.0,3.0,34,1.055952380952381,0.6124080831893948,3,4,3,343,Loyal
14778.0,127,2,730.86,20.881714285714285,34,306,5.323529411764706,153.0,Friday,11,1,181,0.01098901098901099,0.0,0.0,0.0,34,3.1414285714285715,2.2483407514106446,2,2,3,223,At Risk
14779.0,281,3,386.15,9.418292682926829,40,84,1.075,28.0,Thursday,12,1,43,0.06818181818181818,0.0,0.0,0.0,40,6.824390243902439,8.606241354035015,1,3,2,132,Regular
14780.0,55,2,447.68,16.58074074074074,26,310,0.9230769230769231,155.0,Wednesday,15,1,24,0.08,0.0,1.0,2.0,26,2.7666666666666666,3.5205539336871405,2,2,2,222,At Risk
14782.0,320,1,110.10000000000001,22.020000000000003,5,42,0.0,42.0,Monday,11,1,0,1.0,0.0,0.0,0.0,5,2.7700000000000005,0.6933613776379528,1,1,1,111,Regular
14784.0,26,2,271.27000000000004,19.376428571428573,14,189,22.846153846153847,94.5,Sunday,13,1,297,0.006711409395973154,1.0,1.0,1.0,14,4.1085714285714285,10.343962830219715,3,2,2,322,At Risk
14785.0,15,1,39.480000000000004,19.740000000000002,2,36,0.0,36.0,Thursday,13,1,0,1.0,1.0,1.0,1.0,2,1.02,0.3252691193458118,4,1,1,411,At Risk
14788.0,7,2,665.52,22.94896551724138,25,373,0.6785714285714286,186.5,Sunday,15,1,19,0.1,2.0,2.0,2.0,25,2.6679310344827587,2.442975906714632,4,2,3,423,At Risk
14789.0,29,1,169.2,33.839999999999996,5,80,0.0,80.0,Friday,8,1,0,1.0,1.0,1.0,1.0,5,2.31,1.5076471735787522,3,1,1,311,At Risk
14790.0,17,4,639.46,15.986500000000001,28,475,6.0256410256410255,118.75,Friday,12,1,236,0.016877637130801686,2.0,2.0,2.0,28,1.629,1.5729081346346965,4,3,3,433,Regular
14792.0,64,1,6.2,3.1,2,2,0.0,2.0,Friday,9,1,0,1.0,0.0,0.0,1.0,2,3.1,1.6263455967290594,2,1,1,211,At Risk
14793.0,21,1,228.99,16.356428571428573,14,91,0.0,91.0,Friday,14,1,0,1.0,1.0,1.0,1.0,14,3.257857142857143,1.6766182932017955,3,1,1,311,At Risk
14794.0,3,7,1319.91,16.498875,68,673,4.151898734177215,96.14285714285714,Wednesday,11,1,331,0.02108433734939759,2.0,3.0,3.0,68,3.903,4.140113249842204,4,4,3,443,Champions
14795.0,166,1,131.45000000000002,21.908333333333335,6,17,0.0,17.0,Sunday,13,1,0,1.0,0.0,0.0,0.0,6,7.333333333333333,1.5105186747162933,1,1,1,111,Regular
14796.0,1,17,7441.43,6.638206958073149,400,5605,0.31785714285714284,329.70588235294116,Monday,10,1,365,0.04644808743169399,2.0,3.0,3.0,400,1.9677966101694917,2.045659790880248,4,4,4,444,Champions
14798.0,53,3,173.74,14.478333333333333,11,150,23.272727272727273,50.0,Wednesday,15,1,257,0.011627906976744186,0.0,1.0,1.0,11,1.46,1.2765365073296786,2,3,1,231,Regular
14799.0,51,1,136.82,12.438181818181818,11,26,0.0,26.0,Wednesday,16,1,0,1.0,0.0,1.0,1.0,11,5.748181818181818,3.943718595898592,3,1,1,311,At Risk
14800.0,48,12,3999.67,10.928060109289618,236,2836,0.8712328767123287,236.33333333333334,Sunday,11,1,322,0.03715170278637771,0.0,2.0,3.0,236,2.279398907103825,2.5301624116799806,3,4,4,344,Loyal
14801.0,61,1,189.34,3.3217543859649123,56,173,0.0,173.0,Sunday,15,1,0,1.0,0.0,0.0,1.0,56,2.483157894736842,2.3861633565013465,2,1,1,211,At Risk
14803.0,162,3,478.34999999999997,11.667073170731706,35,226,3.225,75.33333333333333,Thursday,13,1,130,0.022900763358778626,0.0,0.0,0.0,35,2.911219512195122,2.9743059653656614,1,3,2,132,Regular
14804.0,9,1,353.27,29.439166666666665,12,121,0.0,121.0,Thursday,11,1,0,1.0,1.0,1.0,1.0,12,4.240833333333334,3.927503158573658,4,1,2,412,At Risk
14805.0,15,4,546.4,11.878260869565217,30,114,6.6,28.5,Sunday,10,1,298,0.013377926421404682,2.0,3.0,3.0,30,5.755000000000001,2.548671767367814,4,3,2,432,Regular
14806.0,75,1,74.95,14.99,5,48,0.0,48.0,Sunday,15,1,0,1.0,0.0,0.0,1.0,5,3.554,3.24419943899878,2,1,1,211,At Risk
14808.0,40,8,1973.45,9.352843601895735,163,1125,0.6190476190476191,140.625,Monday,12,1,132,0.06015037593984962,0.0,1.0,2.0,163,3.7409478672985785,10.320473921017975,3,4,4,344,Loyal
14810.0,41,11,2085.33,8.209960629921259,106,1015,1.2766798418972332,92.27272727272727,Sunday,11,1,328,0.03343465045592705,0.0,1.0,1.0,106,2.327204724409449,1.6930930548288263,3,4,4,344,Loyal
14813.0,370,2,152.88,5.2717241379310344,25,66,0.0,33.0,Sunday,11,1,0,2.0,0.0,0.0,0.0,25,2.8358620689655174,2.2257848009849397,1,2,1,121,Regular
14815.0,37,2,737.22,14.455294117647059,51,624,0.62,312.0,Monday,11,1,31,0.0625,0.0,1.0,2.0,51,1.7066666666666668,1.343679525283714,3,2,3,323,At Risk
14816.0,197,1,271.85,67.9625,4,5,0.0,5.0,Thursday,13,1,0,1.0,0.0,0.0,0.0,4,66.475,67.59857616843716,1,1,2,112,Regular
14817.0,200,2,1081.98,17.737377049180328,50,587,1.2666666666666666,293.5,Monday,13,1,76,0.025974025974025976,0.0,0.0,0.0,50,3.6331147540983606,8.718703562071525,1,2,3,123,Regular
14818.0,74,3,507.8,11.039130434782608,39,204,3.977777777777778,68.0,Thursday,11,1,179,0.016666666666666666,0.0,0.0,1.0,39,3.8602173913043476,3.289571731078841,2,3,2,232,Regular
14819.0,64,2,227.07,18.9225,12,73,11.545454545454545,36.5,Thursday,13,1,127,0.015625,0.0,0.0,1.0,12,4.37,3.2480035826222964,2,2,1,221,At Risk
14820.0,21,4,507.29,17.492758620689656,24,253,5.357142857142857,63.25,Sunday,14,1,152,0.026143790849673203,1.0,2.0,3.0,24,3.222758620689655,2.5574804796793438,3,3,2,332,Loyal
14821.0,367,1,48.800000000000004,24.400000000000002,2,20,0.0,20.0,Wednesday,8,1,0,1.0,0.0,0.0,0.0,2,2.5250000000000004,0.6010407640085653,1,1,1,111,Regular
14823.0,180,3,321.43,4.591857142857143,56,88,0.18840579710144928,29.333333333333332,Sunday,14,1,14,0.2,0.0,0.0,0.0,56,4.234714285714285,2.9046253575820935,1,3,2,132,Regular
14824.0,10,4,711.71,29.654583333333335,18,325,3.4347826086956523,81.25,Friday,14,1,81,0.04878048780487805,1.0,2.0,3.0,18,2.46,1.5395905723388874,4,3,3,433,Regular
14825.0,4,12,2221.01,18.50841666666667,82,989,3.033613445378151,82.41666666666667,Tuesday,15,1,364,0.03287671232876712,3.0,3.0,5.0,82,2.742166666666667,2.2249400646571416,4,4,4,444,Champions
14828.0,197,2,513.28,102.65599999999999,5,88,14.25,44.0,Friday,10,1,57,0.034482758620689655,0.0,0.0,0.0,5,6.3740000000000006,3.3486758577085363,1,2,2,122,Regular
14829.0,29,4,650.83,16.27075,37,372,8.76923076923077,93.0,Thursday,16,1,343,0.011627906976744186,1.0,1.0,1.0,37,2.2575,1.5848493417033167,3,3,3,333,Loyal
14830.0,53,1,188.88,4.843076923076923,39,164,0.0,164.0,Monday,14,1,0,1.0,0.0,1.0,1.0,39,1.7266666666666668,1.5528773519423351,2,1,1,211,At Risk
14834.0,18,6,1591.42,24.112424242424243,43,662,3.3692307692307693,110.33333333333333,Thursday,10,1,222,0.026905829596412557,2.0,3.0,4.0,43,3.6559090909090908,2.8280202247523607,4,4,4,444,Champions
14836.0,10,3,102.45,17.075,5,45,4.0,15.0,Wednesday,13,1,20,0.14285714285714285,3.0,3.0,3.0,5,2.7916666666666665,1.7482610407678445,4,3,1,431,Regular
14837.0,90,4,1613.5,15.366666666666667,94,1248,1.0576923076923077,312.0,Sunday,11,1,111,0.03571428571428571,0.0,0.0,1.0,94,1.7997142857142856,1.3160177818699117,2,3,4,234,Regular
14840.0,268,1,62.85,15.7125,4,31,0.0,31.0,Thursday,12,1,0,1.0,0.0,0.0,0.0,4,3.05,2.2642143596988924,1,1,1,111,Regular
14841.0,53,6,3150.48,23.68781954887218,100,1552,2.303030303030303,258.6666666666667,Thursday,10,1,305,0.0196078431372549,0.0,2.0,2.0,100,3.2906015037593983,2.7707125654424627,2,4,4,244,Regular
14842.0,44,4,2801.29,19.45340277777778,127,1130,1.8391608391608392,282.5,Wednesday,8,1,264,0.01509433962264151,0.0,1.0,1.0,127,5.35875,24.42462536663969,3,3,4,334,Loyal
14844.0,64,4,2294.81,18.212777777777777,86,1333,1.408,333.25,Friday,13,1,177,0.02247191011235955,0.0,0.0,1.0,86,3.1654761904761908,2.7241578829848625,2,3,4,234,Regular
14847.0,149,1,309.40000000000003,23.800000000000004,13,120,0.0,120.0,Thursday,10,1,0,1.0,0.0,0.0,0.0,13,3.753076923076923,3.5529222353235386,1,1,2,112,Regular
14849.0,22,25,7294.34,19.661293800539084,156,4830,0.9378378378378378,193.2,Thursday,11,1,351,0.07102272727272728,2.0,6.0,8.0,156,2.5166307277628035,2.2923094034417133,3,4,4,344,Loyal
14850.0,312,1,325.75,15.511904761904763,21,293,0.0,293.0,Tuesday,11,1,0,1.0,0.0,0.0,0.0,21,1.4904761904761905,1.6790338775333753,1,1,2,112,Regular
14851.0,23,2,448.35,16.605555555555558,27,295,8.923076923076923,147.5,Monday,14,1,232,0.008583690987124463,1.0,1.0,1.0,27,2.3251851851851852,2.11647815298901,3,2,2,322,At Risk
14852.0,58,6,2497.4900000000002,18.77812030075188,93,1299,1.4545454545454546,216.5,Wednesday,13,1,193,0.030927835051546393,0.0,1.0,1.0,93,3.2300751879699248,2.8932053358716288,2,4,4,244,Regular
14853.0,24,2,475.8,52.86666666666667,8,82,23.375,41.0,Tuesday,16,1,187,0.010638297872340425,1.0,1.0,1.0,8,5.677777777777778,4.289457360138278,3,2,2,322,At Risk
14854.0,78,7,2065.03,17.649829059829063,103,1424,1.6724137931034482,203.42857142857142,Thursday,9,1,196,0.03553299492385787,0.0,0.0,1.0,103,3.048290598290598,5.619168592723066,2,4,4,244,Regular
14855.0,119,2,471.35,29.459375,12,109,1.0,54.5,Thursday,12,1,15,0.125,0.0,0.0,0.0,12,5.575,3.365412307578375,2,2,2,222,At Risk
14856.0,36,3,1190.69,18.89984126984127,63,615,0.3225806451612903,205.0,Friday,9,1,20,0.14285714285714285,0.0,3.0,3.0,63,3.138730158730159,3.6270856034009404,3,3,3,333,Loyal
14857.0,60,2,1173.1200000000001,19.552000000000003,58,464,1.4915254237288136,232.0,Tuesday,9,1,88,0.02247191011235955,0.0,1.0,1.0,58,4.384166666666667,3.462722203194644,2,2,3,223,At Risk
14859.0,13,4,1312.94,23.0340350877193,46,623,3.392857142857143,155.75,Tuesday,13,1,191,0.020833333333333332,2.0,2.0,3.0,46,3.166491228070176,3.23113010483731,4,3,3,433,Regular
14860.0,19,1,149.44,14.943999999999999,10,160,0.0,160.0,Sunday,14,1,0,1.0,1.0,1.0,1.0,10,0.9640000000000001,0.5817254029561064,3,1,1,311,At Risk
14861.0,52,1,83.37,20.8425,4,39,0.0,39.0,Tuesday,12,1,0,1.0,0.0,1.0,1.0,4,3.8075,2.285,2,1,1,211,At Risk
14862.0,26,2,783.92,18.230697674418604,42,516,2.9047619047619047,258.0,Monday,10,1,122,0.016260162601626018,1.0,1.0,1.0,42,2.3727906976744184,2.3050682518367416,3,2,3,323,At Risk
14863.0,29,1,266.76,24.25090909090909,11,132,0.0,132.0,Thursday,15,1,0,1.0,1.0,1.0,1.0,11,2.020909090909091,1.2799176109848207,3,1,2,312,At Risk
14865.0,7,2,43.08,14.36,3,60,182.0,30.0,Thursday,18,1,364,0.005479452054794521,1.0,1.0,1.0,3,0.8066666666666666,0.4178915329763614,4,2,1,421,At Risk
14866.0,11,6,740.62,24.687333333333335,27,124,4.448275862068965,20.666666666666668,Thursday,14,1,130,0.04580152671755725,1.0,4.0,4.0,27,5.230666666666667,6.504032135759209,4,4,3,443,Champions
14867.0,186,3,710.28,19.73,31,328,4.285714285714286,109.33333333333333,Thursday,8,1,150,0.019867549668874173,0.0,0.0,0.0,31,3.7750000000000004,3.231132043992366,1,3,3,133,Regular
14868.0,3,8,2871.9900000000002,20.225281690140847,95,1309,1.6099290780141844,163.625,Friday,14,1,230,0.03463203463203463,2.0,3.0,4.0,95,2.9098591549295776,2.4560768422830903,4,4,4,444,Champions
14869.0,9,2,696.97,10.249558823529412,64,477,1.4029850746268657,238.5,Sunday,16,1,94,0.021052631578947368,1.0,1.0,1.0,64,3.0579411764705884,3.173805361722752,4,2,3,423,At Risk
14870.0,262,1,327.25,25.173076923076923,13,119,0.0,119.0,Wednesday,10,1,0,1.0,0.0,0.0,0.0,13,3.0461538461538464,1.813199467155312,1,1,2,112,Regular
14871.0,3,4,501.28000000000003,5.390107526881721,68,179,3.869565217391304,44.75,Tuesday,13,1,357,0.0111731843575419,1.0,1.0,1.0,68,3.1539784946236558,1.7895962258862765,4,3,2,432,Regular
14873.0,210,1,519.68,18.56,28,168,0.0,168.0,Friday,13,1,0,1.0,0.0,0.0,0.0,28,4.994285714285715,3.7366388427662964,1,1,2,112,Regular
14875.0,108,2,1093.8,24.85909090909091,43,366,3.604651162790698,183.0,Wednesday,12,1,155,0.01282051282051282,0.0,0.0,0.0,43,4.572727272727273,5.768034756062579,2,2,3,223,At Risk
14878.0,13,9,1315.89,11.057899159663867,60,667,2.889830508474576,74.11111111111111,Sunday,12,1,345,0.02601156069364162,1.0,2.0,3.0,60,2.6373109243697477,2.166213871735658,4,4,3,443,Champions
14880.0,77,3,690.59,15.012826086956522,45,365,4.688888888888889,121.66666666666667,Friday,13,1,211,0.014150943396226415,0.0,0.0,1.0,45,3.7769565217391308,3.557033014287933,2,3,3,233,Regular
14881.0,20,1,221.2,14.746666666666666,15,208,0.0,208.0,Sunday,11,1,0,1.0,1.0,1.0,1.0,15,1.518,1.3268394240234411,3,1,1,311,At Risk
14882.0,27,2,589.7,53.60909090909092,6,158,0.7,79.0,Sunday,10,1,7,0.25,1.0,2.0,2.0,6,3.95,1.8761663039293717,3,2,3,323,At Risk
14883.0,19,6,727.75,14.269607843137255,37,706,3.8,117.66666666666667,Thursday,9,1,193,0.030927835051546393,1.0,2.0,4.0,37,1.2529411764705882,0.829644005866726,3,4,3,343,Loyal
14885.0,132,1,102.0,34.0,3,72,0.0,72.0,Sunday,12,1,0,1.0,0.0,0.0,0.0,3,1.4166666666666667,0.9814954576223637,2,1,1,211,At Risk
14886.0,253,1,364.8,20.266666666666666,18,160,0.0,160.0,Friday,8,1,0,1.0,0.0,0.0,0.0,18,3.1277777777777778,2.2964308766522517,1,1,2,112,Regular
14888.0,207,1,369.2,18.46,20,184,0.0,184.0,Monday,14,1,0,1.0,0.0,0.0,0.0,20,2.21,1.2991495193718892,1,1,2,112,Regular
14889.0,336,1,135.9,13.59,10,90,0.0,90.0,Friday,15,1,0,1.0,0.0,0.0,0.0,10,2.2600000000000002,1.5861904047118682,1,1,1,111,Regular
14890.0,254,1,125.65,17.95,7,51,0.0,51.0,Thursday,11,1,0,1.0,0.0,0.0,0.0,7,2.9071428571428575,1.252806373516598,1,1,1,111,Regular
14891.0,148,2,468.1,16.717857142857145,25,277,1.4444444444444444,138.5,Sunday,10,1,39,0.05,0.0,0.0,0.0,25,1.8757142857142857,0.6837555799565318,1,2,2,122,Regular
14893.0,10,2,1193.93,17.05614285714286,69,655,0.028985507246376812,327.5,Monday,10,1,2,0.6666666666666666,2.0,2.0,2.0,69,3.2544285714285714,3.7762409941036146,4,2,3,423,At Risk
14894.0,85,1,614.95,27.952272727272728,22,217,0.0,217.0,Thursday,13,1,0,1.0,0.0,0.0,1.0,22,2.93,1.474100209813237,2,1,3,213,At Risk
14895.0,8,20,10691.59,21.81957142857143,269,4323,0.5664621676891616,216.15,Friday,15,1,282,0.0706713780918728,4.0,7.0,7.0,269,4.217265306122449,4.172770074311297,4,4,4,444,Champions
14896.0,205,2,468.77000000000004,10.901627906976746,43,279,3.8095238095238093,139.5,Thursday,12,1,160,0.012422360248447204,0.0,0.0,0.0,43,2.397906976744186,2.1174215655789324,1,2,2,122,Regular
14897.0,8,4,1366.38,24.84327272727273,43,468,5.333333333333333,117.0,Tuesday,9,1,289,0.013793103448275862,1.0,2.0,3.0,43,5.067454545454545,4.152336342876996,4,3,4,434,Regular
14898.0,23,6,1016.47,9.680666666666667,83,485,3.326923076923077,80.83333333333333,Thursday,14,1,347,0.017241379310344827,1.0,1.0,1.0,83,3.0462857142857143,4.400330026334314,3,4,3,343,Loyal
14901.0,11,9,1370.41,14.425368421052632,73,613,3.797872340425532,68.11111111111111,Tuesday,11,1,361,0.024861878453038673,1.0,2.0,4.0,73,3.1661052631578945,3.192745198680191,4,4,4,444,Champions
14902.0,26,1,332.66,16.633000000000003,20,218,0.0,218.0,Monday,10,1,0,1.0,1.0,1.0,1.0,20,2.773,2.3554552582641453,3,1,2,312,At Risk
14903.0,21,5,2764.13,7.920143266475645,226,1483,0.735632183908046,296.6,Sunday,12,1,257,0.01937984496124031,1.0,1.0,1.0,226,2.7644412607449858,2.838314324916867,3,4,4,344,Loyal
14904.0,2,2,577.12,11.77795918367347,48,819,0.4791666666666667,409.5,Wednesday,12,1,23,0.08333333333333333,2.0,2.0,2.0,48,0.8661224489795918,0.7070443654353505,4,2,3,423,At Risk
14905.0,158,2,371.35,26.525000000000002,12,191,5.846153846153846,95.5,Wednesday,10,1,76,0.025974025974025976,0.0,0.0,0.0,12,2.3485714285714288,1.5353619324889698,1,2,2,122,Regular
14907.0,3,7,3408.58,21.040617283950617,122,1559,2.248447204968944,222.71428571428572,Tuesday,10,1,364,0.019178082191780823,2.0,2.0,2.0,122,3.5235802469135806,3.3653904588807233,4,4,4,444,Champions
14908.0,74,1,232.8,29.1,8,96,0.0,96.0,Monday,12,1,0,1.0,0.0,0.0,1.0,8,3.925,3.679965061945949,2,1,1,211,At Risk
14910.0,3,4,434.35,14.478333333333333,25,238,1.7586206896551724,59.5,Sunday,11,1,51,0.07692307692307693,2.0,4.0,4.0,25,2.884333333333333,2.8891696496342703,4,3,2,432,Regular
14911.0,1,198,114191.81,21.680617049553824,1713,51584,0.05601974933535891,260.52525252525254,Monday,14,1,372,0.5308310991957105,37.0,62.0,87.0,1713,4.877262198595026,33.55075127890324,4,4,4,444,Champions
14912.0,17,2,388.57,21.587222222222223,16,223,13.470588235294118,111.5,Thursday,11,1,229,0.008695652173913044,1.0,1.0,1.0,16,2.6927777777777777,2.3757223187796406,4,2,2,422,At Risk
14913.0,36,4,1033.3700000000001,14.155753424657536,68,1059,4.472222222222222,264.75,Friday,14,1,323,0.012345679012345678,0.0,1.0,1.0,68,1.3972602739726028,1.734481398857669,3,3,3,333,Loyal
14915.0,91,2,307.48,25.623333333333335,12,112,16.90909090909091,56.0,Monday,9,1,186,0.0106951871657754,0.0,0.0,0.0,12,3.5516666666666663,3.4670758791112655,2,2,2,222,At Risk
14916.0,71,4,1207.66,16.77305555555556,67,908,3.535211267605634,227.0,Wednesday,10,1,253,0.015748031496062992,0.0,0.0,1.0,67,1.9279166666666667,1.7113020637868488,2,3,3,233,Regular
14918.0,116,2,1490.39,34.66023255813954,38,607,0.9047619047619048,303.5,Tuesday,11,1,38,0.05128205128205128,0.0,0.0,0.0,38,3.5711627906976746,3.036283136071474,2,2,4,224,At Risk
14920.0,213,2,940.45,17.09909090909091,55,425,0.0,212.5,Wednesday,10,1,0,2.0,0.0,0.0,0.0,55,3.8852727272727274,3.506116272049647,1,2,3,123,Regular
14921.0,30,2,1255.23,16.7364,75,845,2.310810810810811,422.5,Sunday,12,1,171,0.011627906976744186,1.0,1.0,1.0,75,2.0316,1.2895421772966662,3,2,3,323,At Risk
14923.0,51,1,722.7,16.80697674418605,43,370,0.0,370.0,Thursday,11,1,0,1.0,0.0,1.0,1.0,43,3.5130232558139536,2.981583579627348,3,1,3,313,At Risk
14924.0,246,1,310.05,31.005000000000003,10,64,0.0,64.0,Friday,9,1,0,1.0,0.0,0.0,0.0,10,15.665000000000001,38.47139666182021,1,1,2,112,Regular
14929.0,32,1,223.88,20.35272727272727,11,136,0.0,136.0,Monday,17,1,0,1.0,0.0,1.0,1.0,11,2.2572727272727273,2.3772004160738778,3,1,1,311,At Risk
14930.0,109,3,2322.16,18.42984126984127,115,1112,1.32,370.6666666666667,Tuesday,10,1,165,0.018072289156626505,0.0,0.0,0.0,115,4.209206349206349,4.058737065280203,2,3,4,234,Regular
14931.0,5,5,1257.68,30.675121951219513,30,417,5.85,83.4,Monday,9,1,236,0.02109704641350211,2.0,2.0,3.0,30,12.147804878048781,46.16761438022301,4,4,3,443,Champions
14932.0,366,1,363.53,21.384117647058822,17,80,0.0,80.0,Thursday,11,1,0,1.0,0.0,0.0,0.0,17,9.449411764705882,11.143552211137745,1,1,2,112,Regular
14934.0,82,2,1587.94,19.604197530864198,65,730,2.5,365.0,Monday,10,1,200,0.009950248756218905,0.0,0.0,1.0,65,3.7702469135802468,3.692893843352609,2,2,4,224,At Risk
14936.0,34,8,7846.22,22.102028169014087,204,3693,0.6779661016949152,461.625,Wednesday,13,1,241,0.03305785123966942,0.0,2.0,5.0,204,3.7530422535211265,3.399789672111169,3,4,4,344,Loyal
14937.0,57,2,1409.48,42.71151515151515,33,412,2.28125,206.0,Friday,12,1,73,0.02702702702702703,0.0,1.0,1.0,33,3.413636363636364,2.133517954842744,2,2,4,224,At Risk
14944.0,30,12,4773.45,30.99642857142857,97,2123,1.7254901960784315,176.91666666666666,Monday,9,1,266,0.0449438202247191,3.0,3.0,5.0,97,3.146103896103896,2.7055931686718564,3,4,4,344,Loyal
14946.0,14,1,100.9,33.63333333333333,3,22,0.0,22.0,Friday,13,1,0,1.0,1.0,1.0,1.0,3,4.683333333333334,0.923760430703401,4,1,1,411,At Risk
14947.0,72,2,290.82,20.77285714285714,14,179,4.461538461538462,89.5,Monday,9,1,58,0.03389830508474576,0.0,0.0,1.0,14,3.084285714285714,3.8296107741281853,2,2,2,222,At Risk
14948.0,23,6,1075.41,17.345322580645163,56,641,3.180327868852459,106.83333333333333,Wednesday,8,1,196,0.030456852791878174,1.0,1.0,2.0,56,2.8375806451612906,2.5182785464781365,3,4,3,343,Loyal
14950.0,19,1,371.2,19.53684210526316,19,136,0.0,136.0,Sunday,13,1,0,1.0,1.0,1.0,1.0,19,5.193157894736842,3.32085506497545,3,1,2,312,At Risk
14951.0,79,1,297.77,15.672105263157894,19,263,0.0,263.0,Wednesday,15,1,0,1.0,0.0,0.0,1.0,19,1.9794736842105263,2.869259435394844,2,1,2,212,At Risk
14952.0,60,9,4769.27,42.205929203539824,104,1633,2.6964285714285716,181.44444444444446,Tuesday,8,1,304,0.029508196721311476,0.0,2.0,3.0,104,3.584336283185841,2.6872502794632567,2,4,4,244,Regular
14953.0,25,1,271.99,5.13188679245283,53,152,0.0,152.0,Monday,14,1,0,1.0,1.0,1.0,1.0,53,2.3549056603773586,2.2580059469172125,3,1,2,312,At Risk
14954.0,12,1,294.85,3.8292207792207793,75,117,0.0,117.0,Sunday,14,1,0,1.0,1.0,1.0,1.0,75,2.9894805194805194,3.256780738585387,4,1,2,412,At Risk
14957.0,253,1,58.49,4.8741666666666665,12,34,0.0,34.0,Thursday,17,1,0,1.0,0.0,0.0,0.0,12,1.7408333333333335,0.9652174350734124,1,1,1,111,Regular
14958.0,147,3,483.73,11.79829268292683,33,128,2.425,42.666666666666664,Friday,11,1,98,0.030303030303030304,0.0,0.0,0.0,33,5.604390243902439,4.773042556263503,1,3,2,132,Regular
14959.0,64,4,641.34,11.057586206896552,37,462,4.035087719298246,115.5,Wednesday,13,1,232,0.017167381974248927,0.0,0.0,1.0,37,1.4560344827586207,1.1016605323849267,2,3,3,233,Regular
14960.0,8,2,198.07,7.9228,22,141,6.75,70.5,Thursday,12,1,162,0.012269938650306749,1.0,1.0,1.0,22,1.9247999999999998,2.3064531211364345,4,2,1,421,At Risk
14961.0,11,9,6539.68,21.371503267973857,191,3108,1.1311475409836065,345.3333333333333,Tuesday,11,1,349,0.025714285714285714,1.0,1.0,2.0,191,2.9376143790849674,2.534485144144848,4,4,4,444,Champions
14962.0,271,1,56.5,14.125,4,8,0.0,8.0,Monday,9,1,0,1.0,0.0,0.0,0.0,4,7.6875,2.059682418885655,1,1,1,111,Regular
14963.0,10,5,1160.98,6.275567567567568,147,711,0.9347826086956522,142.2,Thursday,12,1,173,0.028735632183908046,2.0,4.0,4.0,147,2.365027027027027,2.005209824303422,4,4,3,443,Champions
14964.0,247,1,104.45,8.704166666666667,12,47,0.0,47.0,Wednesday,14,1,0,1.0,0.0,0.0,0.0,12,3.6,3.961978385513067,1,1,1,111,Regular
14965.0,96,2,596.09,7.359135802469136,80,363,0.0,181.5,Sunday,13,1,0,2.0,0.0,0.0,0.0,80,2.390740740740741,2.168982928573769,2,2,3,223,At Risk
14966.0,15,1,167.9,4.797142857142857,34,143,0.0,143.0,Friday,12,1,0,1.0,1.0,1.0,1.0,34,2.0114285714285716,1.2332409307500751,4,1,1,411,At Risk
14967.0,50,1,139.8,34.95,4,60,0.0,60.0,Friday,11,1,0,1.0,0.0,1.0,1.0,4,2.3875,1.7546960800472924,3,1,1,311,At Risk
14968.0,30,1,147.59,3.988918918918919,37,127,0.0,127.0,Wednesday,13,1,0,1.0,1.0,1.0,1.0,37,1.9402702702702705,1.717424568109804,3,1,1,311,At Risk
14970.0,68,4,1592.06,46.825294117647054,24,250,7.484848484848484,62.5,Sunday,13,1,248,0.01606425702811245,0.0,0.0,1.0,24,6.174411764705883,2.1864710618025165,2,3,4,234,Regular
14971.0,35,3,1011.6,6.699337748344371,140,473,0.05333333333333334,157.66666666666666,Thursday,13,1,8,0.3333333333333333,0.0,3.0,3.0,140,3.149205298013245,2.8953828815728446,3,3,3,333,Loyal
14972.0,128,1,114.77,6.376111111111111,18,28,0.0,28.0,Wednesday,14,1,0,1.0,0.0,0.0,0.0,18,4.947222222222222,3.978116322724133,2,1,1,211,At Risk
14973.0,107,3,1314.45,41.0765625,29,369,3.774193548387097,123.0,Thursday,15,1,118,0.025210084033613446,0.0,0.0,0.0,29,21.259687500000002,62.54778423575387,2,3,3,233,Regular
14974.0,37,1,89.94,5.290588235294117,17,37,0.0,37.0,Wednesday,13,1,0,1.0,0.0,1.0,1.0,17,3.135882352941177,2.1804731677537603,3,1,1,311,At Risk
14975.0,57,1,38.65,9.6625,4,23,0.0,23.0,Thursday,14,1,0,1.0,0.0,1.0,1.0,4,1.45,0.43969686527576396,2,1,1,211,At Risk
14976.0,57,7,790.86,10.984166666666667,47,234,3.7746478873239435,33.42857142857143,Thursday,16,1,269,0.025925925925925925,0.0,3.0,3.0,47,3.955416666666667,3.331191022256238,2,4,3,243,Regular
14978.0,72,5,1921.3700000000001,8.97836448598131,136,523,1.2018779342723005,104.6,Wednesday,12,1,258,0.019305019305019305,0.0,0.0,1.0,136,4.512943925233645,2.6728074646932076,2,4,4,244,Regular
14981.0,246,1,102.12,12.765,8,97,0.0,97.0,Thursday,13,1,0,1.0,0.0,0.0,0.0,8,1.46,0.7469366008666904,1,1,1,111,Regular
14984.0,19,2,202.37,5.188974358974359,37,58,4.2368421052631575,29.0,Sunday,14,1,161,0.012345679012345678,1.0,1.0,1.0,37,4.283846153846154,3.5936608042090588,3,2,1,321,At Risk
14985.0,198,2,273.29,3.3328048780487807,77,208,1.962962962962963,104.0,Thursday,19,1,159,0.0125,0.0,0.0,0.0,77,1.9620731707317074,1.5539553180134924,1,2,2,122,Regular
14988.0,212,1,334.54,8.3635,40,141,0.0,141.0,Thursday,12,1,0,1.0,0.0,0.0,0.0,40,2.5467500000000003,2.302596513748817,1,1,2,112,Regular
14995.0,39,2,231.98000000000002,3.866333333333334,53,102,4.084745762711864,51.0,Friday,13,1,241,0.008264462809917356,0.0,1.0,1.0,53,2.6255,2.0682469650587123,3,2,1,321,At Risk
14997.0,46,3,234.32,21.30181818181818,11,244,13.0,81.33333333333333,Monday,13,1,131,0.022727272727272728,0.0,1.0,2.0,11,0.9718181818181818,0.5510320894796995,3,3,1,331,Loyal
14998.0,170,2,414.87,5.606351351351352,70,258,0.9726027397260274,129.0,Tuesday,16,1,71,0.027777777777777776,0.0,0.0,0.0,70,2.4686486486486485,2.4117817686346945,1,2,2,122,Regular
15000.0,48,1,459.92,6.051578947368421,75,182,0.0,182.0,Sunday,11,1,0,1.0,0.0,1.0,1.0,75,2.860657894736842,1.8371966583366925,3,1,2,312,At Risk
15002.0,116,4,1551.16,13.7270796460177,91,778,2.232142857142857,194.5,Tuesday,10,1,251,0.015873015873015872,0.0,0.0,0.0,91,2.5658407079646017,2.0395660977905665,2,3,4,234,Regular
15004.0,147,1,1183.45,7.785855263157895,152,539,0.0,539.0,Friday,14,1,0,1.0,0.0,0.0,0.0,152,3.122894736842105,3.1283572973007354,1,1,3,113,Regular
15005.0,16,28,6214.01,5.613378500451671,358,4014,0.30560578661844484,143.35714285714286,Thursday,14,1,350,0.07977207977207977,2.0,5.0,8.0,358,2.3339295392953927,2.135300523145331,4,4,4,444,Champions
15006.0,51,1,480.38,3.639242424242424,121,286,0.0,286.0,Wednesday,15,1,0,1.0,0.0,1.0,1.0,121,1.9658333333333333,1.9147511115908569,3,1,2,312,At Risk
15007.0,159,1,156.91,13.075833333333334,12,69,0.0,69.0,Sunday,16,1,0,1.0,0.0,0.0,0.0,12,3.160833333333333,2.607044506832605,1,1,1,111,Regular
15009.0,12,3,1259.43,6.996833333333334,148,639,0.0670391061452514,213.0,Sunday,17,1,12,0.23076923076923078,3.0,3.0,3.0,148,2.4771666666666667,2.3681936342675773,4,3,3,433,Regular
15010.0,36,1,308.94,15.447,20,184,0.0,184.0,Friday,12,1,0,1.0,0.0,1.0,1.0,20,3.1685000000000003,3.3141614403392565,3,1,2,312,At Risk
15012.0,54,2,405.04,3.3200000000000003,110,225,2.6363636363636362,112.5,Monday,12,1,319,0.00625,0.0,1.0,1.0,110,2.594508196721311,2.309804865451015,2,2,2,222,At Risk
15014.0,43,2,175.17,5.4740625,29,99,4.290322580645161,49.5,Thursday,20,1,133,0.014925373134328358,0.0,1.0,1.0,29,1.7659375,1.0860222161780384,3,2,1,321,At Risk
15016.0,173,1,170.04,8.501999999999999,20,76,0.0,76.0,Monday,12,1,0,1.0,0.0,0.0,0.0,20,4.573,3.5490726735451985,1,1,1,111,Regular
15017.0,34,1,125.58,6.279,20,63,0.0,63.0,Sunday,10,1,0,1.0,0.0,1.0,1.0,20,3.2625,2.335501467621709,3,1,1,311,At Risk
15018.0,39,3,496.21,16.006774193548388,30,189,10.933333333333334,63.0,Tuesday,12,1,329,0.00909090909090909,0.0,1.0,1.0,30,6.507419354838709,8.443500051417042,3,3,2,332,Loyal
15019.0,267,1,252.81,3.8304545454545456,64,150,0.0,150.0,Friday,12,1,0,1.0,0.0,0.0,0.0,64,2.1930303030303033,1.8269065655001626,1,1,2,112,Regular
15021.0,9,9,1871.77,4.215698198198198,287,819,0.7968397291196389,91.0,Wednesday,12,1,357,0.025139664804469275,3.0,3.0,4.0,287,2.680540540540541,2.432056728962135,4,4,4,444,Champions
15022.0,12,4,837.27,6.97725,95,491,0.2857142857142857,122.75,Sunday,12,1,35,0.1111111111111111,3.0,4.0,4.0,95,2.93475,3.931536138402269,4,3,3,433,Regular
15023.0,3,11,6261.39,11.531104972375692,341,2493,0.6678966789667896,226.63636363636363,Thursday,13,1,366,0.02997275204359673,1.0,3.0,3.0,341,3.8744567219152852,6.195813253496354,4,4,4,444,Champions
15024.0,10,10,1636.43,10.765986842105264,105,902,2.3509933774834435,90.2,Tuesday,12,1,357,0.027932960893854747,3.0,5.0,5.0,105,2.8549342105263156,2.5414922343182624,4,4,4,444,Champions
15025.0,33,1,361.96,5.402388059701492,66,184,0.0,184.0,Sunday,15,1,0,1.0,0.0,1.0,1.0,66,2.6628358208955225,2.120527954536358,3,1,2,312,At Risk
15026.0,80,3,464.2,7.736666666666666,56,225,3.3220338983050848,75.0,Tuesday,13,1,197,0.015151515151515152,0.0,0.0,1.0,56,2.2145,1.8447565867633537,2,3,2,232,Regular
15027.0,31,4,781.15,24.4109375,29,337,6.645161290322581,84.25,Friday,14,1,207,0.019230769230769232,0.0,1.0,1.0,29,4.0171875,3.990920529575489,3,3,3,333,Loyal
15028.0,8,4,594.49,12.923695652173913,34,363,7.977777777777778,90.75,Friday,11,1,360,0.0110803324099723,1.0,3.0,3.0,34,2.058478260869565,2.063876576188395,4,3,3,433,Regular
15030.0,72,2,214.8,71.60000000000001,3,48,98.0,24.0,Thursday,10,1,196,0.01015228426395939,0.0,0.0,1.0,3,5.683333333333334,4.188476254359494,2,2,1,221,At Risk
15031.0,4,4,581.19,5.332018348623854,74,300,2.564814814814815,75.0,Wednesday,14,1,277,0.014388489208633094,2.0,2.0,2.0,74,3.079449541284404,2.886480246374141,4,3,3,433,Regular
15032.0,256,3,339.1,12.110714285714286,16,168,4.074074074074074,56.0,Wednesday,12,1,110,0.02702702702702703,0.0,0.0,0.0,16,2.125,1.3088374824841913,1,3,2,132,Regular
15033.0,5,10,2529.1,5.0683366733466935,314,1600,0.6405622489959839,160.0,Monday,13,1,324,0.03076923076923077,2.0,4.0,4.0,314,2.105991983967936,2.1225664468328787,4,4,4,444,Champions
15034.0,16,8,3583.21,9.454379947229551,296,1786,0.8862433862433863,223.25,Friday,12,1,338,0.02359882005899705,2.0,2.0,3.0,296,2.9721108179419526,2.842065401130073,4,4,4,444,Champions
15035.0,90,1,227.29000000000002,9.091600000000001,24,101,0.0,101.0,Sunday,11,1,0,1.0,0.0,0.0,1.0,24,2.2824,1.0557196597582146,2,1,1,211,At Risk
15036.0,72,3,406.15999999999997,3.4420338983050844,107,256,0.9145299145299145,85.33333333333333,Wednesday,15,1,107,0.027777777777777776,0.0,0.0,1.0,107,2.0771186440677964,2.033103434542095,2,3,2,232,Regular
15038.0,59,6,685.74,5.48592,105,212,2.4919354838709675,35.333333333333336,Sunday,11,1,311,0.019230769230769232,0.0,1.0,2.0,105,4.19208,3.1120155526603654,2,4,3,243,Regular
15039.0,10,47,17848.37,12.199842788790157,406,7545,0.23187414500683995,160.53191489361703,Wednesday,11,1,359,0.13055555555555556,3.0,6.0,9.0,406,3.1925905673274095,2.9196376808164715,4,4,4,444,Champions
15041.0,170,1,179.93,2.7262121212121215,66,103,0.0,103.0,Wednesday,16,1,0,1.0,0.0,0.0,0.0,66,2.0543939393939397,1.7975950847112616,1,1,1,111,Regular
15042.0,199,1,135.93,27.186,5,30,0.0,30.0,Tuesday,16,1,0,1.0,0.0,0.0,0.0,5,5.586,4.85833613493344,1,1,1,111,Regular
15044.0,19,17,7520.85,17.249655963302754,225,2423,0.7701149425287356,142.52941176470588,Sunday,13,1,342,0.04956268221574344,1.0,2.0,4.0,225,4.6755504587155965,3.199967229677718,3,4,4,344,Loyal
15045.0,152,2,735.66,61.305,11,114,9.545454545454545,57.0,Monday,11,1,105,0.018867924528301886,0.0,0.0,0.0,11,6.9191666666666665,4.208241823187475,1,2,3,123,Regular
15046.0,9,15,2793.58,16.1478612716763,133,1420,1.872093023255814,94.66666666666667,Wednesday,15,1,329,0.045454545454545456,2.0,3.0,4.0,133,3.038034682080925,3.8773187599463665,4,4,4,444,Champions
15047.0,270,1,329.7,15.7,21,174,0.0,174.0,Tuesday,10,1,0,1.0,0.0,0.0,0.0,21,2.3642857142857143,1.384480304766274,1,1,2,112,Regular
15048.0,65,4,381.0,4.053191489361702,86,192,3.236559139784946,48.0,Monday,11,1,303,0.013157894736842105,0.0,0.0,1.0,86,2.582340425531915,2.2404321902243245,2,3,2,232,Regular
15049.0,274,1,40.050000000000004,20.025000000000002,2,15,0.0,15.0,Friday,12,1,0,1.0,0.0,0.0,0.0,2,1.9000000000000001,1.48492424049175,1,1,1,111,Regular
15050.0,25,3,1088.09,17.27126984126984,58,628,0.7419354838709677,209.33333333333334,Thursday,13,1,46,0.06382978723404255,1.0,1.0,3.0,58,2.793333333333333,2.3587154787463063,3,3,3,333,Loyal
15051.0,23,3,1267.68,9.054857142857143,128,818,0.9064748201438849,272.6666666666667,Friday,14,1,127,0.0234375,1.0,2.0,2.0,128,2.228142857142857,2.009420470416043,3,3,3,333,Loyal
15052.0,319,1,207.73000000000002,7.418928571428572,27,79,0.0,79.0,Monday,15,1,0,1.0,0.0,0.0,0.0,27,3.565714285714286,7.220266450696098,1,1,1,111,Regular
15053.0,5,3,519.59,8.659833333333333,45,396,4.677966101694915,132.0,Monday,12,1,277,0.01079136690647482,1.0,1.0,1.0,45,1.7406666666666666,1.116624554396072,4,3,2,432,Regular
15054.0,12,2,302.1,2.6500000000000004,105,198,0.24778761061946902,99.0,Sunday,14,1,28,0.06896551724137931,1.0,2.0,2.0,105,1.7128070175438597,1.3869279152408074,4,2,2,422,At Risk
15057.0,275,2,1280.1000000000001,64.00500000000001,20,374,2.1052631578947367,187.0,Friday,9,1,40,0.04878048780487805,0.0,0.0,0.0,20,4.295,3.6362176705153972,1,2,3,123,Regular
15058.0,25,11,2075.34,7.831471698113208,198,1022,1.0757575757575757,92.9090909090909,Monday,13,1,286,0.03832752613240418,2.0,3.0,4.0,198,2.9187169811320754,2.8866676051770703,3,4,4,344,Loyal
15059.0,41,9,1317.92,5.608170212765958,159,520,1.2393162393162394,57.77777777777778,Sunday,11,1,293,0.030612244897959183,0.0,2.0,2.0,159,3.1589787234042555,2.7335568661674143,3,4,3,343,Loyal
15060.0,8,4,294.25,2.5586956521739133,81,257,0.0,64.25,Wednesday,14,1,0,4.0,4.0,4.0,4.0,81,1.7416521739130435,2.0175823339945733,4,3,2,432,Regular
15061.0,4,35,7763.57,61.61563492063492,41,2458,2.848,70.22857142857143,Thursday,13,1,368,0.0948509485094851,3.0,4.0,7.0,41,3.285396825396825,2.7894944777270743,4,4,4,444,Champions
15062.0,71,4,928.28,17.514716981132075,44,585,5.5,146.25,Friday,10,1,288,0.01384083044982699,0.0,0.0,1.0,44,2.19,1.3616576436320322,2,3,3,233,Regular
15063.0,213,1,370.79999999999995,74.16,5,56,0.0,56.0,Tuesday,13,1,0,1.0,0.0,0.0,0.0,5,8.57,6.284266066932557,1,1,2,112,Regular
15065.0,38,4,3119.61,20.389607843137256,146,1311,1.6578947368421053,327.75,Tuesday,11,1,253,0.015748031496062992,0.0,1.0,1.0,146,5.144444444444445,10.928388483843408,3,3,4,334,Loyal
15066.0,53,1,893.59,21.275952380952383,42,317,0.0,317.0,Monday,13,1,0,1.0,0.0,1.0,1.0,42,4.46047619047619,3.1882650319654147,2,1,3,213,At Risk
15067.0,78,3,1564.4,20.056410256410256,78,726,2.6493506493506493,242.0,Thursday,13,1,204,0.014634146341463415,0.0,0.0,2.0,78,3.282948717948718,3.4113569334219664,2,3,4,234,Regular
15068.0,46,2,547.6,5.316504854368932,95,316,2.0588235294117645,158.0,Monday,14,1,210,0.009478672985781991,0.0,1.0,1.0,95,2.5794174757281554,2.7043152970698725,3,2,2,322,At Risk
15069.0,179,1,1109.53,15.850428571428571,70,520,0.0,520.0,Monday,14,1,0,1.0,0.0,0.0,0.0,70,4.523428571428571,3.416835083462127,1,1,3,113,Regular
15071.0,94,2,859.6700000000001,34.3868,24,221,7.583333333333333,110.5,Wednesday,11,1,182,0.01092896174863388,0.0,0.0,0.0,24,4.7316,2.875544412222956,2,2,3,223,At Risk
15073.0,10,3,1043.41,19.322407407407407,31,491,3.3207547169811322,163.66666666666666,Monday,9,1,177,0.016853932584269662,1.0,1.0,1.0,31,2.6588888888888893,1.9744162420460754,4,3,3,433,Regular
15074.0,105,1,735.67,17.943170731707315,41,431,0.0,431.0,Friday,14,1,0,1.0,0.0,0.0,0.0,41,2.2509756097560976,1.074301644972325,2,1,3,213,At Risk
15075.0,78,1,620.63,24.8252,25,287,0.0,287.0,Friday,12,1,0,1.0,0.0,0.0,1.0,25,3.4592,3.728468094718437,2,1,3,213,At Risk
15076.0,173,1,880.85,17.976530612244897,49,571,0.0,571.0,Monday,8,1,0,1.0,0.0,0.0,0.0,49,3.0477551020408162,5.36097094179548,1,1,3,113,Regular
15078.0,7,32,9542.67,21.987718894009216,92,4903,0.8106235565819861,153.21875,Friday,13,1,361,0.08839779005524862,4.0,8.0,10.0,92,2.38815668202765,1.687250879974888,4,4,4,444,Champions
15079.0,213,4,732.4100000000001,16.27577777777778,44,325,3.4545454545454546,81.25,Friday,13,1,153,0.025974025974025976,0.0,0.0,0.0,44,4.697333333333333,8.689776752023036,1,3,3,133,Regular
15081.0,22,5,504.8,15.296969696969697,26,190,10.6875,38.0,Wednesday,13,1,345,0.014450867052023121,1.0,1.0,3.0,26,4.805151515151515,3.9826523206998314,3,4,2,342,Loyal
15083.0,257,1,88.2,17.64,5,38,0.0,38.0,Monday,12,1,0,1.0,0.0,0.0,0.0,5,6.67,5.731230234426113,1,1,1,111,Regular
15087.0,282,1,220.06,16.927692307692308,13,134,0.0,134.0,Thursday,10,1,0,1.0,0.0,0.0,0.0,13,2.290769230769231,1.2164597646343915,1,1,1,111,Regular
15088.0,21,2,1160.07,20.352105263157895,53,460,0.8035714285714286,230.0,Monday,14,1,45,0.043478260869565216,1.0,1.0,2.0,53,5.27,11.152316703588669,3,2,3,323,At Risk
15089.0,10,6,2407.16,16.716388888888886,138,1323,0.8111888111888111,220.5,Wednesday,14,1,118,0.05042016806722689,2.0,3.0,3.0,138,3.3403472222222224,3.4658504669147527,4,4,4,444,Champions
15090.0,308,1,357.92,16.26909090909091,22,172,0.0,172.0,Friday,14,1,0,1.0,0.0,0.0,0.0,22,3.694090909090909,2.8800639197452167,1,1,2,112,Regular
15091.0,68,1,480.71,16.023666666666667,30,346,0.0,346.0,Monday,12,1,0,1.0,0.0,0.0,1.0,30,1.9540000000000002,1.7021925009659826,2,1,2,212,At Risk
15092.0,215,2,457.81,17.608076923076922,23,135,2.72,67.5,Tuesday,12,1,68,0.028985507246376812,0.0,0.0,0.0,23,5.378076923076923,3.3305086929546,1,2,2,122,Regular
15093.0,18,6,2887.28,35.21073170731707,41,1065,4.333333333333333,177.5,Monday,13,1,353,0.01694915254237288,1.0,1.0,1.0,41,3.368170731707317,3.4365404395573522,4,4,4,444,Champions
15095.0,104,4,888.84,24.69,24,423,2.8285714285714287,105.75,Friday,14,1,99,0.04,0.0,0.0,0.0,24,3.031388888888889,2.5829619241458635,2,3,3,233,Regular
15096.0,43,1,219.39000000000001,19.944545454545455,11,120,0.0,120.0,Friday,10,1,0,1.0,0.0,1.0,1.0,11,3.1118181818181814,3.4352782076036235,3,1,1,311,At Risk
15097.0,4,1,248.08,9.923200000000001,25,170,0.0,170.0,Monday,14,1,0,1.0,1.0,1.0,1.0,25,2.266,2.3094209230887297,4,1,1,411,At Risk
15098.0,182,1,649.5,649.5,1,1,0.0,1.0,Friday,15,1,0,1.0,0.0,0.0,0.0,1,649.5,0.0,1,1,3,113,Regular
15099.0,84,1,238.70000000000002,13.261111111111113,18,113,0.0,113.0,Friday,13,1,0,1.0,0.0,0.0,1.0,18,2.45,0.9122499657440388,2,1,1,211,At Risk
15100.0,334,1,175.2,175.2,1,16,0.0,16.0,Monday,10,1,0,1.0,0.0,0.0,0.0,1,10.95,0.0,1,1,1,111,Regular
15101.0,9,2,120.13000000000001,24.026000000000003,5,37,87.5,18.5,Wednesday,12,1,350,0.005698005698005698,1.0,1.0,1.0,5,3.8980000000000006,1.9458340114202959,4,2,1,421,At Risk
15103.0,31,2,703.36,20.096,35,329,1.6176470588235294,164.5,Tuesday,14,1,55,0.03571428571428571,0.0,1.0,2.0,35,5.646857142857144,14.440814864458995,3,2,3,323,At Risk
15104.0,197,2,972.54,14.735454545454544,65,585,1.3076923076923077,292.5,Friday,12,1,85,0.023255813953488372,0.0,0.0,0.0,65,5.152575757575757,5.597464071580454,1,2,3,123,Regular
15105.0,18,7,1868.59,19.464479166666667,88,1017,1.2105263157894737,145.28571428571428,Monday,11,1,116,0.05982905982905983,3.0,3.0,6.0,88,2.4211458333333336,1.7889049104155232,4,4,4,444,Champions
15106.0,18,5,1366.0,14.378947368421052,85,1001,2.648936170212766,200.2,Thursday,8,1,251,0.01984126984126984,1.0,1.0,2.0,85,2.6026315789473684,2.865780949048327,4,4,4,444,Champions
15107.0,330,5,248.1,17.72142857142857,12,85,3.1538461538461537,17.0,Thursday,15,1,42,0.11627906976744186,0.0,0.0,0.0,12,6.260714285714286,4.738596780751602,1,4,1,141,Regular
15108.0,142,4,1300.25,21.670833333333334,50,499,1.4406779661016949,124.75,Thursday,10,1,85,0.046511627906976744,0.0,0.0,0.0,50,4.83,4.41210008030689,2,3,3,233,Regular
15109.0,246,1,484.95,17.319642857142856,28,131,0.0,131.0,Friday,9,1,0,1.0,0.0,0.0,0.0,28,5.880357142857143,4.510447528212905,1,1,2,112,Regular
15110.0,24,4,996.1,28.46,17,246,8.647058823529411,61.5,Wednesday,9,1,294,0.013559322033898305,1.0,2.0,2.0,17,7.377142857142857,10.41762747389606,3,3,3,333,Loyal
15111.0,29,3,1567.48,18.660476190476192,70,710,4.120481927710843,236.66666666666666,Tuesday,8,1,343,0.00872093023255814,1.0,1.0,2.0,70,3.682380952380952,2.6436838204073156,3,3,4,334,Loyal
15113.0,10,3,1724.69,26.131666666666668,59,760,0.6615384615384615,253.33333333333334,Sunday,15,1,44,0.06666666666666667,2.0,3.0,3.0,59,2.495151515151515,1.8847446204677927,4,3,4,434,Regular
15114.0,30,10,2650.16,13.875183246073298,133,2808,1.4052631578947368,280.8,Wednesday,15,1,271,0.03676470588235294,1.0,1.0,3.0,133,1.589842931937173,1.5788755080552177,3,4,4,344,Loyal
15115.0,18,1,340.11,16.195714285714285,21,157,0.0,157.0,Monday,14,1,0,1.0,1.0,1.0,1.0,21,3.7304761904761907,4.029545230159944,4,1,2,412,At Risk
15116.0,18,4,1147.43,27.319761904761908,36,502,4.560975609756097,125.5,Thursday,12,1,187,0.02127659574468085,1.0,2.0,2.0,36,2.8580952380952382,1.8927592944709157,4,3,3,433,Regular
15117.0,15,5,1199.78,15.58155844155844,62,848,2.6052631578947367,169.6,Thursday,15,1,200,0.024875621890547265,2.0,3.0,3.0,62,2.28025974025974,2.438007692890789,4,4,3,443,Champions
15119.0,246,1,266.4,19.02857142857143,14,88,0.0,88.0,Friday,9,1,0,1.0,0.0,0.0,0.0,14,7.728571428571429,10.382079869543599,1,1,2,112,Regular
15120.0,134,1,340.1,17.005000000000003,20,248,0.0,248.0,Friday,9,1,0,1.0,0.0,0.0,0.0,20,5.146,9.180147573633237,2,1,2,212,At Risk
15121.0,50,2,457.72,16.34714285714286,28,199,8.814814814814815,99.5,Thursday,12,1,238,0.008368200836820083,0.0,1.0,1.0,28,4.226785714285714,5.159546386587092,3,2,2,322,At Risk
15122.0,114,3,1458.28,18.459240506329113,65,710,2.3333333333333335,236.66666666666666,Wednesday,16,1,183,0.016304347826086956,0.0,0.0,0.0,65,3.30253164556962,2.749080251020297,2,3,4,234,Regular
15123.0,7,2,2032.03,19.92186274509804,91,991,1.9603960396039604,495.5,Tuesday,14,1,198,0.010050251256281407,1.0,1.0,1.0,91,3.1400980392156863,2.647589785722378,4,2,4,424,At Risk
15124.0,23,2,156.35,12.026923076923076,12,137,14.083333333333334,68.5,Wednesday,9,1,169,0.011764705882352941,1.0,1.0,1.0,12,2.4992307692307696,3.4413429102083133,3,2,1,321,At Risk
15125.0,61,10,3059.7,50.995,48,891,3.5254237288135593,89.1,Monday,12,1,210,0.04739336492890995,0.0,0.0,2.0,48,5.237833333333333,5.25001342747812,2,4,4,244,Regular
15127.0,66,1,346.53000000000003,23.102,15,203,0.0,203.0,Wednesday,10,1,0,1.0,0.0,0.0,1.0,15,1.8773333333333333,0.9605464714471256,2,1,2,212,At Risk
15128.0,60,4,1385.44,14.583578947368421,69,1011,1.6702127659574468,252.75,Friday,12,1,159,0.025,0.0,1.0,1.0,69,2.204315789473684,2.36638590251921,2,3,4,234,Regular
15129.0,50,10,1717.1200000000001,24.530285714285714,51,870,3.4347826086956523,87.0,Tuesday,13,1,241,0.04132231404958678,0.0,1.0,1.0,51,3.087,3.088045838625015,3,4,4,344,Loyal
15130.0,170,1,330.11,15.005,22,197,0.0,197.0,Thursday,10,1,0,1.0,0.0,0.0,0.0,22,2.42,1.6969973482595666,1,1,2,112,Regular
15132.0,18,5,791.69,16.156938775510206,47,507,5.0625,101.4,Friday,11,1,244,0.02040816326530612,1.0,2.0,2.0,47,2.1136734693877552,1.5584202656824624,4,4,3,443,Champions
15133.0,128,3,601.1800000000001,27.326363636363638,22,288,8.238095238095237,96.0,Friday,10,1,174,0.017142857142857144,0.0,0.0,0.0,22,2.5827272727272725,1.8749531595880866,2,3,3,233,Regular
15134.0,15,8,1299.55,18.83405797101449,42,683,3.264705882352941,85.375,Wednesday,12,1,225,0.035398230088495575,1.0,3.0,4.0,42,2.4031884057971014,1.3891136538789797,4,4,3,443,Champions
15135.0,239,1,139.05,15.450000000000001,9,43,0.0,43.0,Thursday,19,1,0,1.0,0.0,0.0,0.0,9,3.5944444444444446,1.178039803138153,1,1,1,111,Regular
15136.0,3,4,1234.5,18.425373134328357,60,740,1.4090909090909092,185.0,Sunday,16,1,93,0.0425531914893617,3.0,3.0,3.0,60,2.065223880597015,1.1406555241945844,4,3,3,433,Regular
15139.0,240,2,169.84,14.153333333333334,12,160,8.727272727272727,80.0,Friday,12,1,96,0.020618556701030927,0.0,0.0,0.0,12,1.4516666666666669,1.1701890549148135,1,2,1,121,Regular
15140.0,52,7,1728.6100000000001,25.420735294117648,66,800,3.1343283582089554,114.28571428571429,Tuesday,14,1,211,0.0330188679245283,0.0,1.0,2.0,66,2.963529411764706,2.3961129995442043,2,4,4,244,Regular
15142.0,46,1,480.02,19.2008,25,317,0.0,317.0,Monday,12,1,0,1.0,0.0,1.0,1.0,25,2.5004000000000004,2.4551145255024935,3,1,2,312,At Risk
15143.0,226,1,259.45,18.532142857142855,14,150,0.0,150.0,Thursday,12,1,0,1.0,0.0,0.0,0.0,14,2.8335714285714286,2.481642158369696,1,1,2,112,Regular
15144.0,8,17,6220.62,29.48161137440758,129,2828,1.4095238095238096,166.35294117647058,Thursday,15,1,304,0.05573770491803279,2.0,5.0,7.0,129,2.9350236966824643,2.1691230122547087,4,4,4,444,Champions
15145.0,4,4,1171.33,17.74742424242424,53,720,3.7384615384615385,180.0,Tuesday,15,1,244,0.0163265306122449,1.0,2.0,2.0,53,3.4556060606060606,3.7070386807916886,4,3,3,433,Regular
15146.0,165,2,1191.92,13.544545454545455,88,1269,1.4482758620689655,634.5,Monday,13,1,126,0.015748031496062992,0.0,0.0,0.0,88,1.5590909090909089,1.738927292778964,1,2,3,123,Regular
15147.0,240,1,600.1,22.225925925925928,27,330,0.0,330.0,Wednesday,15,1,0,1.0,0.0,0.0,0.0,27,3.0703703703703704,3.4601094707909965,1,1,3,113,Regular
15148.0,11,1,301.29,15.0645,20,187,0.0,187.0,Tuesday,8,1,0,1.0,1.0,1.0,1.0,20,2.5355,1.705537343941477,4,1,2,412,At Risk
15149.0,134,1,475.8,21.62727272727273,22,92,0.0,92.0,Friday,10,1,0,1.0,0.0,0.0,0.0,22,6.163636363636363,2.7032247857742506,2,1,2,212,At Risk
15150.0,17,10,5182.49,15.42407738095238,277,3414,0.7402985074626866,341.4,Monday,15,1,251,0.03968253968253968,1.0,3.0,5.0,277,2.9732142857142856,3.332700365631282,4,4,4,444,Champions
15152.0,10,13,4686.29,17.551647940074908,192,2560,0.6428571428571429,196.92307692307693,Sunday,15,1,177,0.07303370786516854,4.0,5.0,7.0,192,3.520861423220974,3.248977110211639,4,4,4,444,Champions
15153.0,31,1,301.17,14.341428571428573,21,126,0.0,126.0,Tuesday,17,1,0,1.0,0.0,1.0,1.0,21,4.86952380952381,4.183689133038539,3,1,2,312,At Risk
15154.0,75,1,254.28,3.581408450704225,66,89,0.0,89.0,Sunday,16,1,0,1.0,0.0,0.0,1.0,66,2.964647887323944,2.9115517860441535,2,1,2,212,At Risk
15156.0,1,3,961.49,17.481636363636365,51,597,0.5740740740740741,199.0,Monday,9,1,32,0.09090909090909091,2.0,3.0,3.0,51,2.841090909090909,3.432676675460297,4,3,3,433,Regular
15157.0,4,3,1581.23,14.77785046728972,107,1616,3.330188679245283,538.6666666666666,Thursday,13,1,354,0.008450704225352112,1.0,1.0,1.0,107,2.070841121495327,8.233219769713807,4,3,4,434,Regular
15158.0,45,1,119.76,29.94,4,96,0.0,96.0,Tuesday,13,1,0,1.0,0.0,1.0,1.0,4,1.2475,0.6981105452099498,3,1,1,311,At Risk
15159.0,2,30,17037.41,26.788380503144655,336,8449,0.5511811023622047,281.6333333333333,Monday,14,1,359,0.08333333333333333,5.0,7.0,12.0,336,3.109496855345912,7.351164419948992,4,4,4,444,Champions
15160.0,357,1,51.96000000000001,17.320000000000004,3,48,0.0,48.0,Friday,14,1,0,1.0,0.0,0.0,0.0,3,1.3466666666666667,0.9423552055002048,1,1,1,111,Regular
15163.0,18,2,295.77,10.563214285714285,28,156,6.407407407407407,78.0,Monday,13,1,173,0.011494252873563218,1.0,1.0,1.0,28,2.5139285714285715,2.0379916390002486,4,2,2,422,At Risk
15164.0,69,3,824.58,8.164158415841584,79,351,2.69,117.0,Sunday,12,1,270,0.01107011070110701,0.0,0.0,1.0,79,2.937920792079208,2.6203165140233278,2,3,3,233,Regular
15165.0,373,1,487.75,18.064814814814813,27,160,0.0,160.0,Wednesday,14,1,0,1.0,0.0,0.0,0.0,27,4.987037037037037,4.003906568124163,1,1,2,112,Regular
15167.0,321,1,158.8,4.071794871794872,39,65,0.0,65.0,Sunday,12,1,0,1.0,0.0,0.0,0.0,39,2.703846153846154,1.9431859560832123,1,1,1,111,Regular
15168.0,26,1,106.56,21.312,5,52,0.0,52.0,Monday,11,1,0,1.0,1.0,1.0,1.0,5,3.338,2.9284330280885715,3,1,1,311,At Risk
15172.0,9,5,1430.73,14.3073,96,1167,2.282828282828283,233.4,Friday,11,1,227,0.021929824561403508,1.0,1.0,2.0,96,2.2544999999999997,2.2796341966875016,4,4,4,444,Champions
15174.0,323,1,120.63,12.062999999999999,10,109,0.0,109.0,Friday,9,1,0,1.0,0.0,0.0,0.0,10,1.6620000000000001,1.3142703932854407,1,1,1,111,Regular
15175.0,72,1,212.5,10.119047619047619,21,338,0.0,338.0,Thursday,11,1,0,1.0,0.0,0.0,1.0,21,0.7990476190476191,0.6928557191934317,2,1,1,211,At Risk
15178.0,260,1,40.5,13.5,3,30,0.0,30.0,Thursday,15,1,0,1.0,0.0,0.0,0.0,3,1.3499999999999999,0.5567764362830022,1,1,1,111,Regular
15179.0,18,4,1679.19,20.477926829268295,80,1010,3.7037037037037037,252.5,Monday,12,1,300,0.013289036544850499,1.0,2.0,2.0,80,2.8652439024390244,2.627811005479259,4,3,4,434,Regular
15180.0,367,1,87.5,14.583333333333334,6,36,0.0,36.0,Tuesday,14,1,0,1.0,0.0,0.0,0.0,6,3.266666666666667,1.7081178725915456,1,1,1,111,Regular
15181.0,66,3,433.8,43.38,9,228,22.555555555555557,76.0,Friday,13,1,203,0.014705882352941176,0.0,0.0,1.0,9,1.89,2.950932056147684,2,3,2,232,Regular
15182.0,154,2,622.85,21.477586206896554,24,253,4.071428571428571,126.5,Wednesday,12,1,114,0.017391304347826087,0.0,0.0,0.0,24,2.9741379310344827,1.5719176578792888,1,2,3,123,Regular
15184.0,29,2,402.2,6.487096774193549,59,199,2.639344262295082,99.5,Thursday,13,1,161,0.012345679012345678,1.0,1.0,1.0,59,3.24741935483871,3.2603941909338174,3,2,2,322,At Risk
15185.0,70,1,219.82,14.654666666666666,15,266,0.0,266.0,Friday,14,1,0,1.0,0.0,0.0,1.0,15,3.1566666666666667,10.180062914951998,2,1,1,211,At Risk
15186.0,14,2,391.25,21.73611111111111,16,167,9.058823529411764,83.5,Friday,14,1,154,0.012903225806451613,1.0,1.0,1.0,16,3.5444444444444443,2.952261789408692,4,2,2,422,At Risk
15187.0,2,16,3801.34,47.51675,58,1199,2.5822784810126582,74.9375,Thursday,15,1,210,0.07582938388625593,6.0,8.0,10.0,58,3.1603749999999997,3.3171867155311294,4,4,4,444,Champions
15189.0,1,41,7470.03,51.87520833333333,69,1701,2.1818181818181817,41.48780487804878,Thursday,12,1,331,0.12349397590361445,6.0,8.0,8.0,69,5.249513888888888,7.241965727218774,4,4,4,444,Champions
15192.0,120,3,817.4,18.577272727272728,34,552,5.6976744186046515,184.0,Wednesday,15,1,245,0.012195121951219513,0.0,0.0,0.0,34,2.7925,2.836764554829125,2,3,3,233,Regular
15193.0,61,1,485.4,26.966666666666665,18,96,0.0,96.0,Monday,8,1,0,1.0,0.0,0.0,1.0,18,6.736666666666667,3.1250374115407658,2,1,2,212,At Risk
15194.0,3,15,5753.49,21.468246268656717,188,3359,1.344569288389513,223.93333333333334,Tuesday,10,1,365,0.040983606557377046,1.0,2.0,4.0,188,2.6663059701492537,3.3715679694614358,4,4,4,444,Champions
15197.0,11,3,896.01,29.867,29,397,11.931034482758621,132.33333333333334,Tuesday,10,1,347,0.008620689655172414,1.0,1.0,1.0,29,3.0643333333333334,6.475460672380015,4,3,3,433,Regular
15198.0,92,2,193.64,19.363999999999997,10,120,3.4444444444444446,60.0,Sunday,15,1,31,0.0625,0.0,0.0,0.0,10,1.875,1.31393598694068,2,2,1,221,At Risk
15199.0,59,4,503.7,55.96666666666667,4,96,30.875,24.0,Tuesday,10,1,249,0.016,0.0,1.0,1.0,4,5.511111111111111,1.3927889686205557,2,3,2,232,Regular
15201.0,87,5,1116.54,16.41970588235294,34,1114,2.373134328358209,222.8,Wednesday,14,1,160,0.031055900621118012,0.0,0.0,1.0,34,1.620735294117647,1.6870342396940001,2,4,3,243,Regular
15203.0,26,6,1757.4,12.827737226277373,78,1523,2.0808823529411766,253.83333333333334,Wednesday,15,1,285,0.02097902097902098,1.0,1.0,2.0,78,1.2927007299270072,0.7232814353893475,3,4,4,344,Loyal
15204.0,357,1,225.5,37.583333333333336,6,78,0.0,78.0,Friday,13,1,0,1.0,0.0,0.0,0.0,6,3.3249999999999997,2.8715413979255113,1,1,1,111,Regular
15205.0,85,2,624.8,17.355555555555554,36,342,1.2,171.0,Thursday,16,1,42,0.046511627906976744,0.0,0.0,1.0,36,3.7649999999999997,4.593975247150182,2,2,3,223,At Risk
15206.0,10,4,420.3,46.7,3,162,33.125,40.5,Thursday,11,1,265,0.015037593984962405,1.0,1.0,1.0,3,2.683333333333333,0.20000000000000023,4,3,2,432,Regular
15208.0,1,5,870.12,20.717142857142857,25,316,8.560975609756097,63.2,Wednesday,14,1,352,0.014164305949008499,1.0,2.0,3.0,25,4.873333333333333,3.6081125845466944,4,4,3,443,Champions
15210.0,225,1,297.1,16.505555555555556,18,132,0.0,132.0,Thursday,16,1,0,1.0,0.0,0.0,0.0,18,7.006111111111112,13.403317911836293,1,1,2,112,Regular
15211.0,60,2,894.4100000000001,17.20019230769231,52,240,5.96078431372549,120.0,Monday,13,1,304,0.006557377049180328,0.0,1.0,1.0,52,5.4957692307692305,3.778349751897267,2,2,3,223,At Risk
15212.0,241,1,101.8,20.36,5,36,0.0,36.0,Tuesday,13,1,0,1.0,0.0,0.0,0.0,5,3.63,3.5688933859111005,1,1,1,111,Regular
15213.0,319,2,328.35,13.68125,22,272,0.4782608695652174,136.0,Friday,11,1,11,0.16666666666666666,0.0,0.0,0.0,22,1.55375,0.7248976689400943,1,2,2,122,Regular
15214.0,2,8,1614.64,14.950370370370372,107,1134,2.2242990654205608,141.75,Monday,9,1,241,0.03305785123966942,3.0,4.0,6.0,107,2.4591666666666665,2.594643700892174,4,4,4,444,Champions
15215.0,47,3,734.94,20.998285714285714,33,225,1.4411764705882353,75.0,Monday,11,1,49,0.06,0.0,2.0,2.0,33,5.166857142857143,4.411382850701375,3,3,3,333,Loyal
15216.0,88,1,96.6,48.3,2,28,0.0,28.0,Tuesday,11,1,0,1.0,0.0,0.0,1.0,2,4.8,4.4547727214752495,2,1,1,211,At Risk
15218.0,11,10,3402.05,23.958098591549298,70,1323,2.1631205673758864,132.3,Monday,11,1,308,0.032362459546925564,1.0,2.0,3.0,70,3.3641549295774644,2.7451195230234964,4,4,4,444,Champions
15219.0,176,1,305.75,33.97222222222222,9,45,0.0,45.0,Thursday,16,1,0,1.0,0.0,0.0,0.0,9,9.883333333333333,4.0270957276926005,1,1,2,112,Regular
15220.0,52,6,1665.2,14.867857142857144,106,1033,2.036036036036036,172.16666666666666,Friday,12,1,229,0.02608695652173913,0.0,1.0,1.0,106,2.658035714285714,2.4182589371283814,2,4,4,244,Regular
15221.0,366,1,403.25,80.65,5,43,0.0,43.0,Wednesday,13,1,0,1.0,0.0,0.0,0.0,5,12.709999999999999,7.013415715612472,1,1,2,112,Regular
15223.0,226,2,755.75,37.7875,14,213,1.2105263157894737,106.5,Monday,12,1,23,0.08333333333333333,0.0,0.0,0.0,14,4.0865,3.469106171851612,1,2,3,123,Regular
15224.0,358,2,322.08,23.005714285714284,13,152,0.3076923076923077,76.0,Thursday,15,1,4,0.4,0.0,0.0,0.0,13,3.2135714285714285,2.9428076785558095,1,2,2,122,Regular
15225.0,234,1,409.40000000000003,17.8,23,226,0.0,226.0,Tuesday,14,1,0,1.0,0.0,0.0,0.0,23,3.45,2.7883686987197374,1,1,2,112,Regular
15226.0,311,1,154.41,19.30125,8,71,0.0,71.0,Wednesday,11,1,0,1.0,0.0,0.0,0.0,8,3.8425,3.8086958772937343,1,1,1,111,Regular
15227.0,37,5,1140.08,20.728727272727273,40,546,5.166666666666667,109.2,Wednesday,15,1,280,0.017793594306049824,0.0,2.0,2.0,40,4.802181818181818,5.012225310071621,3,4,3,343,Loyal
15228.0,66,4,2611.75,23.319196428571427,98,1175,2.045045045045045,293.75,Tuesday,12,1,228,0.017467248908296942,0.0,0.0,1.0,98,3.439910714285714,3.034634161881914,2,3,4,234,Regular
15230.0,239,2,429.6,18.678260869565218,23,351,0.045454545454545456,175.5,Wednesday,11,1,1,1.0,0.0,0.0,0.0,23,1.7817391304347827,1.4413839693279418,1,2,2,122,Regular
15232.0,113,2,358.06,16.275454545454547,22,406,1.2857142857142858,203.0,Friday,12,1,27,0.07142857142857142,0.0,0.0,0.0,22,1.0863636363636362,1.0195309166686854,2,2,2,222,At Risk
15234.0,277,1,187.88,14.452307692307691,13,148,0.0,148.0,Tuesday,8,1,0,1.0,0.0,0.0,0.0,13,1.7976923076923077,1.1688110329600891,1,1,1,111,Regular
15235.0,218,12,2247.51,15.716853146853149,132,1324,1.0633802816901408,110.33333333333333,Thursday,9,1,155,0.07692307692307693,0.0,0.0,0.0,132,2.9905594405594402,2.7442094672810926,1,4,4,144,Regular
15236.0,299,1,321.05,21.403333333333332,15,269,0.0,269.0,Monday,10,1,0,1.0,0.0,0.0,0.0,15,1.6386666666666665,1.4536204390941885,1,1,2,112,Regular
15237.0,2,4,1405.48,14.341632653061225,93,1035,2.3092783505154637,258.75,Tuesday,15,1,225,0.017699115044247787,1.0,1.0,2.0,93,2.5441836734693877,2.758704284032815,4,3,4,434,Regular
15238.0,29,3,904.03,19.23468085106383,46,528,3.3260869565217392,176.0,Monday,15,1,154,0.01935483870967742,1.0,1.0,1.0,46,5.061914893617021,17.992560133747297,3,3,3,333,Loyal
15239.0,10,2,766.67,15.972291666666665,47,546,1.446808510638298,273.0,Thursday,9,1,68,0.028985507246376812,1.0,1.0,2.0,47,2.002708333333333,1.8059155037646666,4,2,3,423,At Risk
15240.0,45,5,1203.45,19.102380952380955,52,641,4.290322580645161,128.2,Wednesday,11,1,267,0.018656716417910446,0.0,1.0,2.0,52,3.0103174603174603,2.4914459904641517,3,4,3,343,Loyal
15241.0,67,8,1524.96,15.09861386138614,78,1374,2.13,171.75,Tuesday,11,1,216,0.03686635944700461,0.0,0.0,2.0,78,1.9980198019801982,2.3884040779574884,2,4,4,244,Regular
15243.0,74,1,316.68,14.394545454545455,22,185,0.0,185.0,Monday,14,1,0,1.0,0.0,0.0,1.0,22,2.4499999999999997,1.6607198668621017,2,1,2,212,At Risk
15244.0,65,2,631.57,18.57558823529412,31,405,5.515151515151516,202.5,Wednesday,13,1,182,0.01092896174863388,0.0,0.0,1.0,31,2.3405882352941174,2.146239757818128,2,2,3,223,At Risk
15245.0,134,3,1524.76,21.47549295774648,47,836,1.8,278.6666666666667,Wednesday,13,1,127,0.0234375,0.0,0.0,0.0,47,2.1169014084507043,1.2984436745023369,2,3,4,234,Regular
15246.0,238,2,490.75,15.3359375,31,211,3.870967741935484,105.5,Friday,14,1,120,0.01652892561983471,0.0,0.0,0.0,31,3.05625,2.3795076069668073,1,2,2,122,Regular
15247.0,122,1,111.19999999999999,37.06666666666666,3,64,0.0,64.0,Tuesday,12,1,0,1.0,0.0,0.0,0.0,3,1.6166666666666665,1.0598742063723097,2,1,1,211,At Risk
15249.0,32,13,6598.16,18.96022988505747,210,3499,0.6340057636887608,269.15384615384613,Wednesday,11,1,224,0.057777777777777775,0.0,1.0,2.0,210,2.8126436781609194,2.356831976991512,3,4,4,344,Loyal
15251.0,41,8,3172.17,79.30425,33,585,5.051282051282051,73.125,Tuesday,10,1,201,0.039603960396039604,0.0,1.0,1.0,33,7.9357500000000005,4.8405704725786185,3,4,4,344,Loyal
15252.0,36,2,740.78,16.83590909090909,44,522,3.395348837209302,261.0,Thursday,13,1,146,0.013605442176870748,0.0,1.0,1.0,44,2.062727272727273,1.665625608615607,3,2,3,323,At Risk
15253.0,16,5,857.24,16.808627450980392,50,770,3.06,154.0,Monday,12,1,153,0.032467532467532464,2.0,2.0,4.0,50,1.717450980392157,1.6550164266704483,4,4,3,443,Champions
15254.0,127,1,253.32,15.8325,16,163,0.0,163.0,Thursday,15,1,0,1.0,0.0,0.0,0.0,16,2.23125,1.4073183719400526,2,1,2,212,At Risk
15255.0,67,1,890.85,18.95425531914894,47,489,0.0,489.0,Tuesday,12,1,0,1.0,0.0,0.0,1.0,47,2.7510638297872343,2.3356967436818254,2,1,3,213,At Risk
15256.0,149,1,98.45,16.408333333333335,6,55,0.0,55.0,Thursday,11,1,0,1.0,0.0,0.0,0.0,6,1.8166666666666667,0.7386925386564202,1,1,1,111,Regular
15257.0,283,1,317.15,45.30714285714286,7,46,0.0,46.0,Tuesday,12,1,0,1.0,0.0,0.0,0.0,7,30.957142857142856,59.39520483290597,1,1,2,112,Regular
15258.0,169,2,623.16,18.328235294117647,32,142,1.4545454545454546,71.0,Friday,12,1,48,0.04081632653061224,0.0,0.0,0.0,32,5.6376470588235295,3.3200137447903963,1,2,3,123,Regular
15260.0,100,6,1752.77,23.062763157894736,62,845,3.5866666666666664,140.83333333333334,Wednesday,13,1,272,0.02197802197802198,0.0,0.0,0.0,62,3.4948684210526317,3.164721153981207,2,4,4,244,Regular
15261.0,135,1,254.82,13.41157894736842,19,270,0.0,270.0,Wednesday,15,1,0,1.0,0.0,0.0,0.0,19,1.1994736842105262,1.048620647878867,2,1,2,212,At Risk
15262.0,324,1,178.95000000000002,17.895000000000003,10,73,0.0,73.0,Thursday,12,1,0,1.0,0.0,0.0,0.0,10,3.2950000000000004,2.1904400876942005,1,1,1,111,Regular
15263.0,107,1,156.51,13.042499999999999,12,89,0.0,89.0,Thursday,10,1,0,1.0,0.0,0.0,0.0,12,2.9575,2.4360665948502835,2,1,1,211,At Risk
15264.0,64,1,393.74,17.11913043478261,23,265,0.0,265.0,Thursday,13,1,0,1.0,0.0,0.0,1.0,23,2.31,1.8261484555802638,2,1,2,212,At Risk
15265.0,151,2,1506.1200000000001,18.36731707317073,76,612,1.037037037037037,306.0,Monday,12,1,84,0.023529411764705882,0.0,0.0,0.0,76,4.574390243902439,3.551848448538468,1,2,4,124,Regular
15266.0,338,1,119.3,19.883333333333333,6,18,0.0,18.0,Wednesday,13,1,0,1.0,0.0,0.0,0.0,6,6.75,2.2803508501982757,1,1,1,111,Regular
15269.0,24,1,408.8,204.4,2,26,0.0,26.0,Wednesday,9,1,0,1.0,1.0,1.0,1.0,2,74.975,99.03030470517598,3,1,2,312,At Risk
15270.0,16,7,1217.0500000000002,41.96724137931035,20,325,10.428571428571429,46.42857142857143,Wednesday,9,1,294,0.023728813559322035,2.0,2.0,2.0,20,8.824137931034484,26.371134180772266,4,4,3,443,Champions
15271.0,7,15,2493.34,9.444469696969698,184,1251,1.3307984790874525,83.4,Monday,13,1,358,0.04178272980501393,2.0,5.0,5.0,184,2.7929166666666667,2.968052102946447,4,4,4,444,Champions
15272.0,57,2,705.5600000000001,11.38,62,268,0.45901639344262296,134.0,Thursday,12,1,28,0.06896551724137931,0.0,1.0,2.0,62,4.179193548387097,3.2915232899802316,2,2,3,223,At Risk
15274.0,4,2,681.77,14.82108695652174,43,499,0.3111111111111111,249.5,Monday,14,1,14,0.13333333333333333,2.0,2.0,2.0,43,2.097391304347826,1.5730443728750363,4,2,3,423,At Risk
15275.0,38,1,557.54,14.672105263157894,38,354,0.0,354.0,Wednesday,11,1,0,1.0,0.0,1.0,1.0,38,3.4826315789473683,3.154416624191519,3,1,2,312,At Risk
15276.0,66,1,128.63,2.6251020408163264,49,61,0.0,61.0,Tuesday,16,1,0,1.0,0.0,0.0,1.0,49,2.415714285714286,2.229519753967956,2,1,1,211,At Risk
15277.0,47,1,241.98,21.998181818181816,11,157,0.0,157.0,Monday,10,1,0,1.0,0.0,1.0,1.0,11,1.9054545454545455,1.545667258088646,3,1,1,311,At Risk
15279.0,355,1,270.35,15.019444444444446,18,141,0.0,141.0,Monday,10,1,0,1.0,0.0,0.0,0.0,18,4.052222222222222,4.547647815475025,1,1,2,112,Regular
15280.0,172,1,87.61999999999999,5.841333333333333,15,124,0.0,124.0,Monday,17,1,0,1.0,0.0,0.0,0.0,15,0.8013333333333333,0.48023605306834954,1,1,1,111,Regular
15281.0,59,9,2273.23,16.83874074074074,118,1031,2.0074626865671643,114.55555555555556,Monday,15,1,274,0.03272727272727273,0.0,1.0,1.0,118,4.021333333333334,3.2967362422168787,2,4,4,244,Regular
15286.0,50,1,240.55,80.18333333333334,3,55,0.0,55.0,Friday,11,1,0,1.0,0.0,1.0,1.0,3,4.45,0.4358898943540676,3,1,1,311,At Risk
15287.0,22,2,414.69,21.82578947368421,16,233,2.6666666666666665,116.5,Friday,12,1,48,0.04081632653061224,1.0,1.0,2.0,16,2.674736842105263,2.2628653625708286,3,2,2,322,At Risk
15288.0,43,5,2306.52,26.210454545454546,80,775,3.67816091954023,155.0,Thursday,14,1,322,0.015479876160990712,0.0,1.0,1.0,80,3.3252272727272727,2.5628943665239685,3,4,4,344,Loyal
15289.0,29,3,689.46,13.00867924528302,41,696,4.211538461538462,232.0,Monday,11,1,220,0.013574660633484163,1.0,1.0,1.0,41,1.2835849056603774,1.1587959506109755,3,3,3,333,Loyal
15290.0,5,18,5319.37,33.039565217391306,70,2120,2.1625,117.77777777777777,Friday,14,1,354,0.05070422535211268,3.0,5.0,6.0,70,3.802111801242236,3.4462451323755765,4,4,4,444,Champions
15291.0,26,12,3050.06,35.46581395348837,56,775,3.847058823529412,64.58333333333333,Wednesday,16,1,332,0.036036036036036036,1.0,2.0,2.0,56,5.835813953488372,5.381258646804018,3,4,4,344,Loyal
15292.0,201,1,178.39,7.432916666666666,24,55,0.0,55.0,Sunday,15,1,0,1.0,0.0,0.0,0.0,24,4.7195833333333335,4.178551318721406,1,1,1,111,Regular
15296.0,51,6,3468.62,18.450106382978724,132,1442,1.4598930481283423,240.33333333333334,Monday,11,1,275,0.021739130434782608,0.0,1.0,1.0,132,3.5711170212765957,2.630653997929227,3,4,4,344,Loyal
15297.0,10,3,641.94,16.46,30,292,1.394736842105263,97.33333333333333,Tuesday,16,1,53,0.05555555555555555,2.0,2.0,3.0,30,2.7343589743589742,1.511302670706014,4,3,3,433,Regular
15298.0,2,11,3366.58,19.34816091954023,105,1956,2.086705202312139,177.8181818181818,Sunday,15,1,364,0.030136986301369864,3.0,5.0,5.0,105,2.565977011494253,2.2438926539037123,4,4,4,444,Champions
15299.0,164,1,600.0,600.0,1,1,0.0,1.0,Tuesday,17,1,0,1.0,0.0,0.0,0.0,1,600.0,0.0,1,1,3,113,Regular
15300.0,64,1,496.44,17.73,28,292,0.0,292.0,Thursday,17,1,0,1.0,0.0,0.0,1.0,28,2.862142857142857,2.622004261858922,2,1,2,212,At Risk
15301.0,51,11,4082.09,17.748217391304348,159,2157,1.3711790393013101,196.0909090909091,Thursday,9,1,317,0.03459119496855346,0.0,1.0,3.0,159,3.1142608695652174,2.836695155922192,3,4,4,344,Loyal
15303.0,290,1,574.02,18.516774193548386,31,248,0.0,248.0,Tuesday,13,1,0,1.0,0.0,0.0,0.0,31,3.8406451612903227,3.8761681555232443,1,1,2,112,Regular
15304.0,61,8,694.4,30.191304347826087,8,104,13.863636363636363,13.0,Monday,8,1,307,0.025974025974025976,0.0,0.0,2.0,8,7.467391304347826,4.494911484001866,2,4,3,243,Regular
15306.0,64,3,1058.67,19.97490566037736,52,586,1.5961538461538463,195.33333333333334,Thursday,12,1,83,0.03571428571428571,0.0,0.0,1.0,52,2.85,2.596134700784107,2,3,3,233,Regular
15307.0,96,1,205.3,17.108333333333334,12,37,0.0,37.0,Monday,11,1,0,1.0,0.0,0.0,0.0,12,6.745833333333334,3.0208712118837298,2,1,1,211,At Risk
15308.0,274,1,296.55,16.475,18,127,0.0,127.0,Thursday,13,1,0,1.0,0.0,0.0,0.0,18,4.241666666666666,3.60458245929849,1,1,2,112,Regular
15311.0,1,91,20602.66,10.179179841897232,551,8384,0.15966386554621848,92.13186813186813,Tuesday,13,1,373,0.24331550802139038,11.0,19.0,26.0,551,2.694891304347826,2.23312574793128,4,4,4,444,Champions
15312.0,75,4,843.25,18.331521739130434,42,484,6.155555555555556,121.0,Sunday,12,1,279,0.014285714285714285,0.0,0.0,1.0,42,2.3682608695652174,1.4666504610435396,2,3,3,233,Regular
15313.0,110,1,52.0,52.0,1,25,0.0,25.0,Sunday,16,1,0,1.0,0.0,0.0,0.0,1,2.08,0.0,2,1,1,211,At Risk
15314.0,199,1,314.05,13.654347826086957,23,265,0.0,265.0,Tuesday,14,1,0,1.0,0.0,0.0,0.0,23,1.7756521739130435,1.5587256627449249,1,1,2,112,Regular
15315.0,64,2,475.21999999999997,14.850624999999999,30,574,1.6451612903225807,287.0,Monday,15,1,51,0.038461538461538464,0.0,0.0,1.0,30,0.96375,0.575038568131486,2,2,2,222,At Risk
15318.0,4,1,284.9,9.496666666666666,30,534,0.0,534.0,Tuesday,11,1,0,1.0,1.0,1.0,1.0,30,0.6186666666666666,0.6908402347034063,4,1,2,412,At Risk
15319.0,284,1,204.5,12.78125,16,175,0.0,175.0,Tuesday,12,1,0,1.0,0.0,0.0,0.0,16,3.24125,3.88117658277315,1,1,1,111,Regular
15320.0,44,1,197.53,5.643714285714286,35,86,0.0,86.0,Wednesday,13,1,0,1.0,0.0,1.0,1.0,35,3.142857142857143,1.766929159718121,3,1,1,311,At Risk
15321.0,71,3,2467.79,27.419888888888888,78,937,2.4719101123595504,312.3333333333333,Friday,9,1,220,0.013574660633484163,0.0,0.0,2.0,78,3.5527777777777776,2.8660947190953876,2,3,4,234,Regular
15322.0,86,1,665.76,16.238048780487805,41,368,0.0,368.0,Thursday,9,1,0,1.0,0.0,0.0,1.0,41,3.1809756097560973,2.7971966367043706,2,1,3,213,At Risk
15325.0,104,1,161.74,3.3695833333333334,47,231,0.0,231.0,Sunday,11,1,0,1.0,0.0,0.0,0.0,47,1.1008333333333333,1.1780525461194165,2,1,1,211,At Risk
15326.0,334,1,311.71,10.748620689655171,29,386,0.0,386.0,Monday,11,1,0,1.0,0.0,0.0,0.0,29,1.4520689655172414,1.5350160057572801,1,1,2,112,Regular
15327.0,53,1,208.75,20.875,10,116,0.0,116.0,Tuesday,11,1,0,1.0,0.0,1.0,1.0,10,4.397,5.187622127076463,2,1,1,211,At Risk
15329.0,39,3,1049.7,18.41578947368421,51,486,2.357142857142857,162.0,Thursday,15,1,132,0.022556390977443608,0.0,1.0,1.0,51,3.6938596491228073,3.027535392258602,3,3,3,333,Loyal
15330.0,32,1,29.759999999999998,14.879999999999999,2,48,0.0,48.0,Monday,17,1,0,1.0,0.0,1.0,1.0,2,0.62,0.3252691193458118,3,1,1,311,At Risk
15332.0,370,3,1266.8600000000001,43.6848275862069,24,430,0.0,143.33333333333334,Sunday,12,1,0,3.0,0.0,0.0,0.0,24,3.068620689655172,1.382099138830732,1,3,3,133,Regular
15333.0,208,1,238.0,21.636363636363637,11,104,0.0,104.0,Sunday,13,1,0,1.0,0.0,0.0,0.0,11,2.8136363636363635,1.1482793451706141,1,1,1,111,Regular
15334.0,157,3,350.82,3.579795918367347,67,273,0.16494845360824742,91.0,Wednesday,11,1,16,0.17647058823529413,0.0,0.0,0.0,67,1.5029591836734693,1.4004264513852673,1,3,2,132,Regular
15335.0,54,1,170.22,4.863428571428571,34,79,0.0,79.0,Monday,12,1,0,1.0,0.0,1.0,1.0,34,2.7897142857142856,1.8517503416311534,2,1,1,211,At Risk
15339.0,66,2,561.91,6.610705882352941,76,352,2.988095238095238,176.0,Tuesday,12,1,251,0.007936507936507936,0.0,0.0,1.0,76,2.3996470588235295,1.776840727017387,2,2,2,222,At Risk
15341.0,81,1,732.96,91.62,8,192,0.0,192.0,Tuesday,9,1,0,1.0,0.0,0.0,1.0,8,3.8175,0.44128869721047026,2,1,3,213,At Risk
15342.0,130,1,406.09000000000003,16.920416666666668,24,283,0.0,283.0,Tuesday,10,1,0,1.0,0.0,0.0,0.0,24,2.368333333333333,2.8891787108429976,2,1,2,212,At Risk
15343.0,87,1,364.5,17.357142857142858,21,84,0.0,84.0,Tuesday,13,1,0,1.0,0.0,0.0,1.0,21,6.39047619047619,3.8599099422013405,2,1,2,212,At Risk
15344.0,1,3,563.94,21.69,21,116,2.92,38.666666666666664,Monday,14,1,73,0.04054054054054054,1.0,2.0,3.0,21,7.559230769230769,4.393462345874308,4,3,2,432,Regular
15345.0,46,1,393.54,19.677,20,81,0.0,81.0,Tuesday,11,1,0,1.0,0.0,1.0,1.0,20,7.730499999999999,5.3007829362125465,3,1,2,312,At Risk
15346.0,333,1,252.42000000000002,14.848235294117648,17,144,0.0,144.0,Tuesday,11,1,0,1.0,0.0,0.0,0.0,17,2.5700000000000003,1.678578267463272,1,1,2,112,Regular
15347.0,366,1,81.60000000000001,20.400000000000002,4,34,0.0,34.0,Wednesday,15,1,0,1.0,0.0,0.0,0.0,4,2.5250000000000004,0.49074772881118206,1,1,1,111,Regular
15348.0,72,1,158.04,17.56,9,84,0.0,84.0,Wednesday,13,1,0,1.0,0.0,0.0,1.0,9,2.1133333333333333,1.3479521504860623,2,1,1,211,At Risk
15349.0,158,2,425.66,6.080857142857143,65,276,0.42028985507246375,138.0,Sunday,15,1,29,0.06666666666666667,0.0,0.0,0.0,65,2.9885714285714284,2.8843321311267367,1,2,2,122,Regular
15350.0,373,1,115.65,23.130000000000003,5,51,0.0,51.0,Wednesday,13,1,0,1.0,0.0,0.0,0.0,5,2.6700000000000004,1.2745587471748803,1,1,1,111,Regular
15351.0,12,7,1934.66,8.83406392694064,157,742,1.6192660550458715,106.0,Sunday,12,1,357,0.019553072625698324,1.0,4.0,6.0,157,2.856438356164384,2.2880810255407225,4,4,4,444,Champions
15353.0,255,2,770.12,12.624918032786885,59,341,1.8833333333333333,170.5,Wednesday,12,1,113,0.017543859649122806,0.0,0.0,0.0,59,3.308360655737705,3.200823946177956,1,2,3,123,Regular
15355.0,29,2,277.05,19.789285714285715,9,45,1.7692307692307692,22.5,Monday,15,1,23,0.08333333333333333,1.0,2.0,2.0,9,6.114285714285715,1.327581457942422,3,2,2,322,At Risk
15356.0,31,10,2709.33,5.440421686746988,214,1613,0.670020120724346,161.3,Friday,13,1,336,0.02967359050445104,0.0,1.0,2.0,214,2.0208032128514057,1.2494384080227299,3,4,4,344,Loyal
15358.0,5,22,8008.56,14.830666666666668,284,6082,0.660482374768089,276.45454545454544,Monday,9,1,360,0.060941828254847646,2.0,4.0,7.0,284,2.022444444444444,2.0274435191277065,4,4,4,444,Champions
15360.0,40,1,427.93,32.917692307692306,13,223,0.0,223.0,Monday,9,1,0,1.0,0.0,1.0,1.0,13,2.3515384615384614,1.3972404121090864,3,1,2,312,At Risk
15361.0,362,1,139.8,27.96,5,108,0.0,108.0,Monday,9,1,0,1.0,0.0,0.0,0.0,5,1.25,0.28284271247461895,1,1,1,111,Regular
15363.0,373,1,326.0,20.375,16,144,0.0,144.0,Thursday,12,1,0,1.0,0.0,0.0,0.0,16,2.9875000000000003,1.8993419913222578,1,1,2,112,Regular
15364.0,96,2,675.59,24.128214285714286,28,445,5.851851851851852,222.5,Monday,9,1,158,0.012578616352201259,0.0,0.0,0.0,28,1.8717857142857144,1.304499488441416,2,2,3,223,At Risk
15365.0,26,7,2314.32,20.301052631578948,65,1084,2.5486725663716814,154.85714285714286,Monday,10,1,289,0.02413793103448276,3.0,3.0,5.0,65,3.088421052631579,2.374485162250452,3,4,4,344,Loyal
15366.0,75,2,566.39,13.48547619047619,35,535,6.878048780487805,267.5,Sunday,15,1,282,0.007067137809187279,0.0,0.0,1.0,35,2.5714285714285716,3.1159765892139846,2,2,2,222,At Risk
15367.0,57,4,1827.75,19.866847826086957,89,941,2.3846153846153846,235.25,Wednesday,13,1,218,0.0182648401826484,0.0,2.0,2.0,89,3.0346739130434783,2.64509309380906,2,3,4,234,Regular
15368.0,21,1,16.5,16.5,1,2,0.0,2.0,Friday,14,1,0,1.0,1.0,1.0,1.0,1,8.25,0.0,3,1,1,311,At Risk
15370.0,41,7,2386.05,25.383510638297874,65,830,3.10752688172043,118.57142857142857,Thursday,14,1,291,0.023972602739726026,0.0,2.0,3.0,65,3.799255319148936,3.715856820789226,3,4,4,344,Loyal
15373.0,8,12,2415.91,18.302348484848483,74,500,2.7404580152671754,41.666666666666664,Wednesday,14,1,363,0.03296703296703297,3.0,3.0,3.0,74,5.201363636363637,4.118296315045207,4,4,4,444,Champions
15374.0,129,1,76.2,38.1,2,18,0.0,18.0,Wednesday,9,1,0,1.0,0.0,0.0,0.0,2,5.3,4.525483399593904,2,1,1,211,At Risk
15376.0,40,3,1221.56,10.530689655172413,100,615,1.5739130434782609,205.0,Sunday,13,1,182,0.01639344262295082,0.0,1.0,1.0,100,2.8948275862068966,2.9915194576781827,3,3,3,333,Loyal
15379.0,169,7,3474.21,18.678548387096775,137,1951,1.0,278.7142857142857,Thursday,13,1,189,0.03684210526315789,0.0,0.0,0.0,137,2.6160752688172044,2.3693783366976433,1,4,4,144,Regular
15380.0,9,4,1441.44,42.39529411764706,20,250,3.9696969696969697,62.5,Thursday,16,1,132,0.03007518796992481,1.0,2.0,3.0,20,6.403529411764706,2.92671279285071,4,3,4,434,Regular
15381.0,214,2,457.65000000000003,76.275,6,75,10.8,37.5,Wednesday,13,1,54,0.03636363636363636,0.0,0.0,0.0,6,7.783333333333334,13.321961817490196,1,2,2,122,Regular
15382.0,15,6,5686.97,19.475924657534247,188,3452,0.9587628865979382,575.3333333333334,Friday,9,1,280,0.021352313167259787,1.0,1.0,2.0,188,2.5003424657534246,2.467294639405808,4,4,4,444,Champions
15384.0,170,2,611.81,15.29525,33,560,4.846153846153846,280.0,Wednesday,11,1,189,0.010526315789473684,0.0,0.0,0.0,33,1.887,2.0630922770418545,1,2,3,123,Regular
15385.0,40,1,158.96,14.450909090909091,11,113,0.0,113.0,Sunday,15,1,0,1.0,0.0,1.0,1.0,11,2.122727272727273,2.16658759762485,3,1,1,311,At Risk
15386.0,186,1,370.74,12.358,30,410,0.0,410.0,Monday,13,1,0,1.0,0.0,0.0,0.0,30,1.411,1.334327545994611,1,1,2,112,Regular
15388.0,270,1,140.54,14.053999999999998,10,88,0.0,88.0,Monday,13,1,0,1.0,0.0,0.0,0.0,10,2.0629999999999997,1.4344960400394589,1,1,1,111,Regular
15392.0,5,4,1421.29,17.99101265822785,70,1037,4.538461538461538,259.25,Monday,10,1,355,0.011235955056179775,2.0,2.0,3.0,70,2.2450632911392403,2.5000558318984685,4,3,4,434,Regular
15393.0,16,2,231.86,19.32166666666667,10,150,24.0,75.0,Thursday,16,1,264,0.007547169811320755,1.0,1.0,1.0,10,1.5783333333333334,0.634963611460364,4,2,1,421,At Risk
15394.0,10,4,2133.54,25.399285714285714,54,870,4.192771084337349,217.5,Thursday,14,1,348,0.011461318051575931,1.0,1.0,2.0,54,3.263333333333333,2.7992552078857518,4,3,4,434,Regular
15395.0,326,1,107.45,15.35,7,17,0.0,17.0,Tuesday,12,1,0,1.0,0.0,0.0,0.0,7,6.542857142857143,1.3736898520131133,1,1,1,111,Regular
15396.0,113,1,288.18,20.584285714285716,14,122,0.0,122.0,Friday,10,1,0,1.0,0.0,0.0,0.0,14,3.599285714285714,2.792604145253658,2,1,2,212,At Risk
15397.0,290,1,94.0,15.666666666666666,6,20,0.0,20.0,Wednesday,9,1,0,1.0,0.0,0.0,0.0,6,4.933333333333334,1.1973582031567105,1,1,1,111,Regular
15398.0,16,2,1345.53,18.43191780821918,60,769,0.8611111111111112,384.5,Wednesday,16,1,62,0.031746031746031744,1.0,1.0,2.0,60,2.694794520547945,2.2435123192521647,4,2,3,423,At Risk
15399.0,1,3,768.97,16.020208333333333,43,491,1.6170212765957446,163.66666666666666,Thursday,15,1,77,0.038461538461538464,2.0,2.0,3.0,43,1.9731249999999998,1.3428140604952832,4,3,3,433,Regular
15400.0,128,3,208.6,41.72,5,76,37.5,25.333333333333332,Wednesday,11,1,150,0.019867549668874173,0.0,0.0,0.0,5,2.65,2.221485989152306,2,3,1,231,Regular
15402.0,149,2,496.21000000000004,12.723333333333334,34,214,1.236842105263158,107.0,Friday,13,1,47,0.041666666666666664,0.0,0.0,0.0,34,3.7453846153846153,2.7815783536783254,1,2,2,122,Regular
15405.0,189,1,247.34,35.33428571428571,7,97,0.0,97.0,Friday,14,1,0,1.0,0.0,0.0,0.0,7,3.962857142857143,3.7851275376386564,1,1,1,111,Regular
15406.0,31,2,501.59000000000003,9.645961538461538,50,206,5.2745098039215685,103.0,Friday,16,1,269,0.007407407407407408,0.0,1.0,1.0,50,3.323653846153846,2.980391492145873,3,2,2,322,At Risk
15407.0,34,4,1015.54,6.90843537414966,141,504,1.856164383561644,126.0,Sunday,11,1,271,0.014705882352941176,0.0,1.0,1.0,141,3.998571428571428,16.109899662111108,3,3,3,333,Loyal
15408.0,264,1,267.18,7.858235294117647,34,106,0.0,106.0,Sunday,15,1,0,1.0,0.0,0.0,0.0,34,4.476176470588236,4.929825133481137,1,1,2,112,Regular
15410.0,84,8,3246.84,27.057000000000002,47,1120,1.453781512605042,140.0,Friday,14,1,177,0.0449438202247191,0.0,0.0,1.0,47,3.9080833333333334,3.0371714770872735,2,4,4,244,Regular
15411.0,26,4,1319.05,13.598453608247421,85,493,1.625,123.25,Sunday,15,1,156,0.025477707006369428,1.0,1.0,2.0,85,4.087938144329897,2.8313744226318813,3,3,3,333,Loyal
15412.0,171,1,160.29,17.81,9,36,0.0,36.0,Tuesday,15,1,0,1.0,0.0,0.0,0.0,9,3.81,2.9462306427026386,1,1,1,111,Regular
15414.0,10,3,731.7,19.77567567567568,35,335,6.444444444444445,111.66666666666667,Wednesday,9,1,232,0.012875536480686695,1.0,2.0,2.0,35,3.363243243243243,2.9617853606435633,4,3,3,433,Regular
15415.0,313,1,482.09000000000003,10.95659090909091,43,419,0.0,419.0,Sunday,14,1,0,1.0,0.0,0.0,0.0,43,1.8527272727272726,1.6952579053791574,1,1,2,112,Regular
15416.0,65,4,3763.2000000000003,20.124064171122996,164,1898,1.1666666666666667,474.5,Thursday,8,1,218,0.0182648401826484,0.0,0.0,1.0,164,3.3228342245989304,3.0464585449205046,2,3,4,234,Regular
15417.0,85,1,508.8,18.17142857142857,28,284,0.0,284.0,Thursday,15,1,0,1.0,0.0,0.0,1.0,28,1.8735714285714287,0.38438227775189576,2,1,2,212,At Risk
15419.0,25,1,84.74,14.123333333333333,6,94,0.0,94.0,Tuesday,9,1,0,1.0,1.0,1.0,1.0,6,1.6183333333333334,1.5299989106749934,3,1,1,311,At Risk
15421.0,59,4,936.44,18.00846153846154,39,452,4.901960784313726,113.0,Wednesday,14,1,251,0.015873015873015872,0.0,1.0,1.0,39,2.7199999999999998,1.8382259137015564,2,3,3,233,Regular
15422.0,323,2,97.7,16.283333333333335,6,38,0.0,19.0,Thursday,14,1,0,2.0,0.0,0.0,0.0,6,3.016666666666667,1.2258330500792785,1,2,1,121,Regular
15423.0,38,1,7.5,7.5,1,1,0.0,1.0,Tuesday,14,1,0,1.0,0.0,1.0,1.0,1,7.5,0.0,3,1,1,311,At Risk
15424.0,254,2,304.14,20.276,15,218,0.0,109.0,Wednesday,13,1,0,2.0,0.0,0.0,0.0,15,1.9306666666666668,1.3515307018692686,1,2,2,122,Regular
15426.0,19,5,1404.07,5.105709090909091,217,656,1.2737226277372262,131.2,Sunday,13,1,350,0.014245014245014245,1.0,3.0,3.0,217,2.7009454545454545,2.7975296415863196,3,4,4,344,Loyal
15427.0,33,3,1401.5,4.832758620689655,231,883,0.04498269896193772,294.3333333333333,Sunday,14,1,13,0.21428571428571427,0.0,3.0,3.0,231,2.1172758620689653,2.128452292721432,3,3,4,334,Loyal
15428.0,15,1,75.06,15.012,5,54,0.0,54.0,Thursday,16,1,0,1.0,1.0,1.0,1.0,5,2.1580000000000004,1.4991064004933072,4,1,1,411,At Risk
15429.0,27,2,360.03000000000003,4.500375,75,296,0.6075949367088608,148.0,Sunday,13,1,48,0.04081632653061224,1.0,1.0,2.0,75,2.107875,2.278568667837472,3,2,2,322,At Risk
15432.0,23,1,171.19000000000003,17.119000000000003,10,65,0.0,65.0,Wednesday,16,1,0,1.0,1.0,1.0,1.0,10,2.909,1.2264805112371107,3,1,1,311,At Risk
15433.0,214,2,533.3,13.00731707317073,40,534,1.325,267.0,Thursday,14,1,53,0.037037037037037035,0.0,0.0,0.0,40,1.2573170731707317,0.6643757385329625,1,2,2,122,Regular
15434.0,8,5,846.36,16.595294117647057,36,467,3.82,93.4,Wednesday,16,1,191,0.026041666666666668,1.0,2.0,2.0,36,3.4233333333333333,2.328692050629852,4,4,3,443,Champions
15435.0,22,1,149.29,5.147931034482759,29,54,0.0,54.0,Thursday,16,1,0,1.0,1.0,1.0,1.0,29,3.7351724137931037,3.001542009284151,3,1,1,311,At Risk
15436.0,12,3,1067.75,3.6692439862542954,243,574,0.7586206896551724,191.33333333333334,Sunday,16,1,221,0.013513513513513514,1.0,2.0,2.0,243,2.2354982817869415,2.022928231591386,4,3,3,433,Regular
15437.0,262,1,200.16,4.4479999999999995,44,79,0.0,79.0,Tuesday,13,1,0,1.0,0.0,0.0,0.0,44,2.845333333333333,2.036271771466846,1,1,1,111,Regular
15438.0,131,1,156.57999999999998,6.263199999999999,25,59,0.0,59.0,Sunday,14,1,0,1.0,0.0,0.0,0.0,25,3.5376,2.5364530352442958,2,1,1,211,At Risk
15440.0,55,3,383.68,6.188387096774194,50,197,2.5081967213114753,65.66666666666667,Sunday,12,1,154,0.01935483870967742,0.0,1.0,1.0,50,2.338709677419355,1.9099150130186404,2,3,2,232,Regular
15443.0,2,7,3108.83,8.425013550135501,236,1531,0.8559782608695652,218.71428571428572,Sunday,12,1,318,0.0219435736677116,3.0,4.0,5.0,236,3.020514905149051,2.7385043334185597,4,4,4,444,Champions
15444.0,9,2,1411.21,6.594439252336449,191,759,0.14553990610328638,379.5,Wednesday,17,1,31,0.0625,1.0,2.0,2.0,191,2.833317757009346,2.2813832641813967,4,2,4,424,At Risk
15445.0,264,1,113.5,22.7,5,58,0.0,58.0,Sunday,15,1,0,1.0,0.0,0.0,0.0,5,5.55,5.443803817185185,1,1,1,111,Regular
15447.0,331,1,155.17000000000002,17.241111111111113,9,85,0.0,85.0,Thursday,11,1,0,1.0,0.0,0.0,0.0,9,3.121111111111111,3.8115628174163825,1,1,1,111,Regular
15448.0,313,1,494.64,17.665714285714284,28,232,0.0,232.0,Monday,10,1,0,1.0,0.0,0.0,0.0,28,3.5778571428571424,3.5291771752621797,1,1,2,112,Regular
15449.0,26,3,923.16,15.91655172413793,47,716,4.105263157894737,238.66666666666666,Wednesday,10,1,235,0.012711864406779662,1.0,1.0,1.0,47,1.9482758620689655,1.7207455931221338,3,3,3,333,Loyal
15450.0,30,1,429.84,14.328,30,376,0.0,376.0,Wednesday,17,1,0,1.0,1.0,1.0,1.0,30,2.1726666666666667,2.6770144633119948,3,1,2,312,At Risk
15452.0,30,3,528.48,9.437142857142858,47,280,4.236363636363636,93.33333333333333,Sunday,15,1,234,0.01276595744680851,1.0,1.0,2.0,47,2.52875,2.6989527009227454,3,3,2,332,Loyal
15453.0,2,7,1371.77,4.91673835125448,169,837,0.6546762589928058,119.57142857142857,Thursday,12,1,185,0.03763440860215054,1.0,3.0,3.0,169,2.5548745519713263,2.383802936704439,4,4,4,444,Champions
15454.0,362,1,179.1,7.164,23,86,0.0,86.0,Sunday,14,1,0,1.0,0.0,0.0,0.0,23,2.782,2.3868947749464504,1,1,1,111,Regular
15456.0,283,3,381.67,6.939454545454546,46,381,1.3888888888888888,127.0,Tuesday,13,1,75,0.039473684210526314,0.0,0.0,0.0,46,1.7265454545454546,1.7751830559564505,1,3,2,132,Regular
15457.0,262,1,237.07,4.087413793103448,56,132,0.0,132.0,Tuesday,15,1,0,1.0,0.0,0.0,0.0,56,1.8825862068965518,1.4129831083094435,1,1,1,111,Regular
15458.0,25,1,142.92000000000002,23.820000000000004,6,108,0.0,108.0,Monday,13,1,0,1.0,1.0,1.0,1.0,6,1.3633333333333333,0.3871261637588793,3,1,1,311,At Risk
15460.0,354,1,214.26,3.8260714285714283,53,107,0.0,107.0,Monday,16,1,0,1.0,0.0,0.0,0.0,53,2.884642857142857,2.591757539365352,1,1,1,111,Regular
15462.0,94,3,144.6,16.066666666666666,7,100,11.5,33.333333333333336,Tuesday,15,1,92,0.03225806451612903,0.0,0.0,0.0,7,1.6166666666666667,0.8185352771872451,2,3,1,231,Regular
15463.0,29,1,119.30000000000001,19.883333333333336,6,70,0.0,70.0,Thursday,12,1,0,1.0,1.0,1.0,1.0,6,2.1333333333333333,1.21229809315476,3,1,1,311,At Risk
15464.0,338,1,1044.65,6.739677419354839,155,348,0.0,348.0,Wednesday,15,1,0,1.0,0.0,0.0,0.0,155,4.2381290322580645,5.460683296178661,1,1,3,113,Regular
15465.0,20,18,3942.94,46.93976190476191,40,641,4.108433734939759,35.611111111111114,Sunday,10,1,349,0.05142857142857143,1.0,1.0,3.0,40,6.766547619047619,3.129777502406932,3,4,4,344,Loyal
15466.0,85,1,334.53,5.868947368421052,56,246,0.0,246.0,Thursday,14,1,0,1.0,0.0,0.0,1.0,56,1.9087719298245613,1.8513026978854632,2,1,2,212,At Risk
15467.0,9,3,524.88,10.093846153846155,41,310,2.784313725490196,103.33333333333333,Sunday,14,1,142,0.02097902097902098,1.0,1.0,1.0,41,2.2582692307692307,3.4185656441479093,4,3,2,432,Regular
15468.0,51,2,467.51,19.479583333333334,24,155,0.0,77.5,Wednesday,13,1,0,2.0,0.0,2.0,2.0,24,4.485833333333333,2.766733934925197,3,2,2,322,At Risk
15469.0,50,2,538.55,22.43958333333333,24,153,3.0,76.5,Thursday,16,1,69,0.02857142857142857,0.0,1.0,1.0,24,6.004166666666666,5.345168412905139,3,2,2,322,At Risk
15471.0,2,1,372.88,5.178888888888888,66,224,0.0,224.0,Wednesday,14,1,0,1.0,1.0,1.0,1.0,66,1.998472222222222,1.7447794644307393,4,1,2,412,At Risk
15472.0,113,1,371.56,4.888947368421053,76,251,0.0,251.0,Thursday,15,1,0,1.0,0.0,0.0,0.0,76,2.2892105263157894,2.1742356592040304,2,1,2,212,At Risk
15475.0,77,1,454.11,15.65896551724138,29,319,0.0,319.0,Friday,15,1,0,1.0,0.0,0.0,1.0,29,1.8268965517241378,2.2275019696131673,2,1,2,212,At Risk
15478.0,40,2,1099.24,28.185641025641026,31,363,0.42105263157894735,181.5,Friday,11,1,16,0.11764705882352941,0.0,2.0,2.0,31,3.67025641025641,2.8735504237418166,3,2,3,323,At Risk
15480.0,116,1,905.5,20.122222222222224,45,303,0.0,303.0,Monday,14,1,0,1.0,0.0,0.0,0.0,45,4.2637777777777774,3.4381074926932014,2,1,3,213,At Risk
15482.0,16,11,3722.88,84.61090909090909,26,798,7.906976744186046,72.54545454545455,Monday,10,1,343,0.03197674418604651,4.0,7.0,7.0,26,5.762727272727273,6.104787051744383,4,4,4,444,Champions
15483.0,161,4,201.26,2.4846913580246914,72,171,1.3125,42.75,Friday,12,1,105,0.03773584905660377,0.0,0.0,0.0,72,1.6609876543209876,1.477008467255919,1,3,1,131,Regular
15484.0,1,4,2672.47,16.295548780487803,122,1688,0.4601226993865031,422.0,Thursday,13,1,77,0.05128205128205128,2.0,3.0,4.0,122,2.371829268292683,2.322060185355708,4,3,4,434,Regular
15485.0,30,3,1964.8600000000001,24.871645569620256,55,973,4.384615384615385,324.3333333333333,Wednesday,14,1,343,0.00872093023255814,1.0,1.0,1.0,55,3.3081012658227844,3.2887641182534204,3,3,4,334,Loyal
15488.0,93,1,15.0,15.0,1,1,0.0,1.0,Thursday,10,1,0,1.0,0.0,0.0,0.0,1,15.0,0.0,2,1,1,211,At Risk
15489.0,23,3,894.04,19.43565217391304,45,440,4.155555555555556,146.66666666666666,Thursday,12,1,188,0.015873015873015872,1.0,2.0,2.0,45,3.11,2.7007291196596848,3,3,3,333,Loyal
15491.0,95,6,2880.8900000000003,19.205933333333334,108,1486,0.9261744966442953,247.66666666666666,Monday,10,1,140,0.0425531914893617,0.0,0.0,0.0,108,3.965933333333333,4.359724468953302,2,4,4,244,Regular
15492.0,28,2,645.54,18.986470588235292,31,435,1.393939393939394,217.5,Monday,14,1,46,0.0425531914893617,1.0,1.0,2.0,31,2.605,3.1991450088857785,3,2,3,323,At Risk
15493.0,33,5,1953.41,6.7592041522491355,177,551,0.8194444444444444,110.2,Monday,11,1,238,0.02092050209205021,0.0,2.0,2.0,177,4.404325259515571,3.092922528748321,3,4,4,344,Loyal
15494.0,21,2,1154.88,10.042434782608696,114,841,0.868421052631579,420.5,Wednesday,15,1,99,0.02,1.0,1.0,1.0,114,2.5053043478260872,2.630970510593479,3,2,3,323,At Risk
15497.0,18,2,771.0,70.0909090909091,9,212,30.2,106.0,Monday,10,1,302,0.006600660066006601,1.0,1.0,1.0,9,4.404545454545455,3.3770145502688127,4,2,3,423,At Risk
15498.0,3,27,12576.17,25.50947261663286,351,5146,0.7235772357723578,190.59259259259258,Thursday,10,1,364,0.07397260273972603,2.0,6.0,8.0,351,3.2715415821501015,2.885060350919948,4,4,4,444,Champions
15500.0,8,4,1096.28,16.61030303030303,62,488,1.0923076923076922,122.0,Monday,13,1,73,0.05405405405405406,3.0,3.0,4.0,62,4.6868181818181816,4.809556243432574,4,3,3,433,Regular
15502.0,16,12,8065.22,42.00635416666667,147,2172,1.8272251308900525,181.0,Monday,11,1,353,0.03389830508474576,2.0,2.0,7.0,147,21.70322916666667,227.8269463145323,4,4,4,444,Champions
15503.0,363,1,141.04,2.1369696969696967,66,70,0.0,70.0,Sunday,10,1,0,1.0,0.0,0.0,0.0,66,2.085909090909091,1.8473423549044112,1,1,1,111,Regular
15504.0,81,1,52.83,4.063846153846153,13,33,0.0,33.0,Monday,13,1,0,1.0,0.0,0.0,1.0,13,2.2315384615384617,1.7882479607791444,2,1,1,211,At Risk
15505.0,53,5,2027.46,28.159166666666668,69,984,1.4225352112676057,196.8,Friday,12,1,102,0.04854368932038835,0.0,1.0,2.0,69,2.773888888888889,2.3964648585919957,2,4,4,244,Regular
15506.0,23,3,796.16,5.07108280254777,118,662,0.7435897435897436,220.66666666666666,Thursday,12,1,116,0.02564102564102564,1.0,2.0,2.0,118,1.8149044585987262,1.7415258627298407,3,3,3,333,Loyal
15507.0,172,1,475.86,10.574666666666667,41,160,0.0,160.0,Tuesday,11,1,0,1.0,0.0,0.0,0.0,41,3.96,3.0750040650379638,1,1,2,112,Regular
15508.0,189,6,926.83,10.298111111111112,76,368,0.4943820224719101,61.333333333333336,Friday,15,1,46,0.1276595744680851,0.0,0.0,0.0,76,3.445333333333333,2.7983137779741574,1,4,3,143,Regular
15510.0,331,1,250.0,250.0,1,2,0.0,2.0,Thursday,12,1,0,1.0,0.0,0.0,0.0,1,125.0,0.0,1,1,1,111,Regular
15511.0,12,5,900.53,5.699556962025317,117,269,0.4585987261146497,53.8,Thursday,15,1,73,0.06756756756756757,1.0,4.0,5.0,117,3.988860759493671,3.293516884871619,4,4,3,443,Champions
15512.0,156,2,121.0,17.285714285714285,7,68,33.833333333333336,34.0,Wednesday,12,1,203,0.00980392156862745,0.0,0.0,0.0,7,1.95,0.9273618495495703,1,2,1,121,Regular
15513.0,33,17,10883.62,40.309703703703704,158,3397,1.2156133828996283,199.8235294117647,Thursday,12,1,332,0.05105105105105105,0.0,2.0,2.0,158,4.410333333333333,10.250361870482251,3,4,4,344,Loyal
15514.0,12,10,2049.85,13.485855263157895,91,995,2.3046357615894038,99.5,Friday,12,1,352,0.028328611898016998,3.0,5.0,5.0,91,2.391578947368421,1.641532600496941,4,4,4,444,Champions
15516.0,45,3,62.43,4.162,15,27,0.07142857142857142,9.0,Monday,11,1,1,1.5,0.0,3.0,3.0,15,2.7786666666666666,2.0974742180151096,3,3,1,331,Loyal
15517.0,233,1,259.47,9.979615384615386,26,257,0.0,257.0,Wednesday,14,1,0,1.0,0.0,0.0,0.0,26,1.8692307692307693,2.476300342166795,1,1,2,112,Regular
15518.0,64,8,1870.43,9.035893719806763,133,1119,1.2815533980582525,139.875,Sunday,12,1,268,0.02973977695167286,0.0,0.0,1.0,133,2.4928985507246377,2.205720784455383,2,4,4,244,Regular
15520.0,2,1,320.70000000000005,18.864705882352943,17,194,0.0,194.0,Thursday,10,1,0,1.0,1.0,1.0,1.0,17,1.8147058823529412,1.009486983862712,4,1,2,412,At Risk
15521.0,40,8,2698.16,14.90696132596685,116,1599,1.1777777777777778,199.875,Wednesday,12,1,214,0.037209302325581395,0.0,1.0,1.0,116,3.465138121546961,9.773692558640079,3,4,4,344,Loyal
15522.0,33,2,326.65,6.049074074074074,47,449,1.0188679245283019,224.5,Tuesday,12,1,54,0.03636363636363636,0.0,1.0,2.0,47,0.9637037037037037,0.6782727683520181,3,2,2,322,At Risk
15523.0,84,1,97.01,12.12625,8,32,0.0,32.0,Friday,16,1,0,1.0,0.0,0.0,1.0,8,3.75125,2.5343437443025976,2,1,1,211,At Risk
15524.0,25,1,440.0,440.0,1,4,0.0,4.0,Tuesday,12,1,0,1.0,1.0,1.0,1.0,1,110.0,0.0,3,1,2,312,At Risk
15525.0,2,3,734.37,4.7075000000000005,133,387,2.3870967741935485,129.0,Wednesday,14,1,371,0.008064516129032258,2.0,2.0,2.0,133,2.611923076923077,2.646358207383611,4,3,3,433,Regular
15526.0,33,2,148.44,37.11,4,24,0.0,12.0,Sunday,15,1,0,2.0,0.0,2.0,2.0,4,5.494999999999999,5.147047697466966,3,2,1,321,At Risk
15527.0,19,8,2326.29,14.5393125,126,913,2.088050314465409,114.125,Monday,12,1,335,0.023809523809523808,1.0,2.0,3.0,126,3.3553125,3.1556966402646127,3,4,4,344,Loyal
15528.0,254,1,171.33,6.8532,25,83,0.0,83.0,Wednesday,16,1,0,1.0,0.0,0.0,0.0,25,2.654,2.3613731880694617,1,1,1,111,Regular
15529.0,23,11,3763.88,5.755168195718655,410,3107,0.5176110260336907,282.45454545454544,Tuesday,11,1,343,0.03197674418604651,1.0,1.0,3.0,410,1.7420336391437308,1.4203365406150534,3,4,4,344,Loyal
15530.0,22,4,1407.07,13.794803921568628,85,698,2.217821782178218,174.5,Thursday,11,1,225,0.017699115044247787,1.0,1.0,1.0,85,2.988235294117647,2.6444398653617114,3,3,4,334,Loyal
15531.0,8,2,1965.55,9.016284403669724,195,1049,0.10138248847926268,524.5,Wednesday,17,1,22,0.08695652173913043,2.0,2.0,2.0,195,3.0484862385321105,2.8702799366187772,4,2,4,424,At Risk
15532.0,25,4,1550.69,6.2027600000000005,204,479,1.3293172690763053,119.75,Sunday,13,1,332,0.012012012012012012,1.0,1.0,1.0,204,3.91988,3.2648760540321846,3,3,4,334,Loyal
15533.0,19,3,728.37,8.882560975609756,72,241,0.8518518518518519,80.33333333333333,Sunday,15,1,69,0.04285714285714286,1.0,1.0,3.0,72,4.07109756097561,3.606058689804558,3,3,3,333,Loyal
15535.0,173,4,502.9,6.984722222222222,55,135,2.1690140845070425,33.75,Sunday,12,1,154,0.025806451612903226,0.0,0.0,0.0,55,4.718055555555555,3.357392364593072,1,3,2,132,Regular
15537.0,163,1,110.92,4.621666666666667,24,29,0.0,29.0,Wednesday,13,1,0,1.0,0.0,0.0,0.0,24,3.862083333333333,3.360412732371435,1,1,1,111,Regular
15539.0,7,1,478.46,11.9615,40,362,0.0,362.0,Friday,13,1,0,1.0,1.0,1.0,1.0,40,1.346,0.8372139388992395,4,1,2,412,At Risk
15540.0,11,1,185.22,13.23,14,128,0.0,128.0,Monday,13,1,0,1.0,1.0,1.0,1.0,14,1.8078571428571428,1.4387129856038192,4,1,1,411,At Risk
15541.0,114,1,85.13000000000001,2.9355172413793107,29,49,0.0,49.0,Wednesday,14,1,0,1.0,0.0,0.0,0.0,29,2.0941379310344828,2.038344070986088,2,1,1,211,At Risk
15543.0,288,1,127.86,4.566428571428571,26,86,0.0,86.0,Thursday,15,1,0,1.0,0.0,0.0,0.0,26,2.1992857142857143,2.089313069056215,1,1,1,111,Regular
15544.0,9,9,3504.71,13.637003891050584,122,3009,1.40625,334.3333333333333,Friday,16,1,363,0.024725274725274724,2.0,2.0,2.0,122,1.606964980544747,1.3767344638401036,4,4,4,444,Champions
15545.0,54,2,288.96999999999997,3.612125,78,162,4.0,81.0,Sunday,13,1,316,0.006309148264984227,0.0,1.0,1.0,78,2.67875,2.3204890225548294,2,2,2,222,At Risk
15547.0,7,14,4563.88,6.633546511627907,438,3251,0.5094614264919942,232.21428571428572,Sunday,12,1,354,0.03943661971830986,1.0,2.0,6.0,438,2.6228052325581395,2.645673154862438,4,4,4,444,Champions
15549.0,77,3,1631.46,14.437699115044248,103,654,2.125,218.0,Thursday,15,1,239,0.0125,0.0,0.0,1.0,103,3.305132743362832,2.9588119343038706,2,3,4,234,Regular
15550.0,4,4,575.63,9.43655737704918,43,295,4.933333333333334,73.75,Thursday,15,1,297,0.013422818791946308,1.0,1.0,1.0,43,2.803934426229508,2.8436591911880744,4,3,2,432,Regular
15551.0,37,1,429.22,15.329285714285716,28,182,0.0,182.0,Thursday,12,1,0,1.0,0.0,1.0,1.0,28,4.064285714285714,3.6230041029729367,3,1,2,312,At Risk
15552.0,217,1,90.12,5.301176470588236,17,60,0.0,60.0,Friday,14,1,0,1.0,0.0,0.0,0.0,17,1.7841176470588236,1.1846257785875327,1,1,1,111,Regular
15553.0,60,1,428.93,7.798727272727273,51,449,0.0,449.0,Monday,14,1,0,1.0,0.0,1.0,1.0,51,2.378727272727273,2.4725366001451303,2,1,2,212,At Risk
15554.0,278,1,217.2,15.514285714285714,14,74,0.0,74.0,Monday,9,1,0,1.0,0.0,0.0,0.0,14,4.810714285714285,3.2035544304742176,1,1,1,111,Regular
15555.0,12,16,4727.24,5.371863636363636,399,4146,0.4004550625711035,259.125,Sunday,12,1,357,0.0446927374301676,2.0,4.0,6.0,399,1.7196590909090907,2.14096458376832,4,4,4,444,Champions
15556.0,24,1,229.76999999999998,7.659,30,196,0.0,196.0,Tuesday,16,1,0,1.0,1.0,1.0,1.0,30,1.8079999999999998,2.1755623926097662,3,1,1,311,At Risk
15557.0,29,1,378.91,21.050555555555558,15,141,0.0,141.0,Friday,12,1,0,1.0,1.0,1.0,1.0,15,3.841666666666667,3.2838056294130302,3,1,2,312,At Risk
15561.0,12,4,800.5899999999999,29.65148148148148,27,267,7.769230769230769,66.75,Monday,11,1,203,0.0196078431372549,1.0,1.0,1.0,27,4.274814814814815,4.281735243468083,4,3,3,433,Regular
15563.0,22,3,1269.28,12.088380952380952,84,1057,3.230769230769231,352.3333333333333,Thursday,11,1,336,0.008902077151335312,1.0,1.0,1.0,84,1.999904761904762,2.2818242934606303,3,3,3,333,Loyal
15565.0,50,2,173.16000000000003,21.645000000000003,8,60,2.857142857142857,30.0,Friday,10,1,20,0.09523809523809523,0.0,1.0,2.0,8,4.56625,3.0643989739308704,3,2,1,321,At Risk
15567.0,19,1,74.65,18.6625,4,31,0.0,31.0,Monday,10,1,0,1.0,1.0,1.0,1.0,4,5.3425,6.432062266489652,3,1,1,311,At Risk
15568.0,3,3,758.29,14.307358490566036,27,461,1.3269230769230769,153.66666666666666,Wednesday,11,1,70,0.04225352112676056,1.0,2.0,3.0,27,2.5564150943396227,2.5845666906135967,4,3,3,433,Regular
15569.0,132,2,71.91,3.5955,20,54,10.526315789473685,27.0,Sunday,10,1,200,0.009950248756218905,0.0,0.0,0.0,20,2.2085,2.8008988688783836,2,2,1,221,At Risk
15570.0,7,12,4090.98,13.02859872611465,226,1859,1.1373801916932906,154.91666666666666,Thursday,14,1,362,0.03305785123966942,2.0,3.0,3.0,226,3.7457961783439493,3.312412058489246,4,4,4,444,Champions
15571.0,12,4,599.55,10.706249999999999,46,216,1.1818181818181819,54.0,Sunday,11,1,66,0.05970149253731343,2.0,3.0,4.0,46,2.7308928571428575,2.134863228989976,4,3,3,433,Regular
15572.0,5,7,2479.34,11.75042654028436,165,1181,1.2904761904761906,168.71428571428572,Monday,10,1,273,0.025547445255474453,3.0,3.0,3.0,165,3.668578199052133,13.509469161165251,4,4,4,444,Champions
15573.0,32,2,532.15,5.661170212765957,85,247,0.5698924731182796,123.5,Thursday,12,1,53,0.037037037037037035,0.0,1.0,2.0,85,2.9780851063829785,2.842267108359041,3,2,2,322,At Risk
15574.0,178,4,645.4,4.302666666666666,129,260,1.2953020134228188,65.0,Thursday,15,1,194,0.020512820512820513,0.0,0.0,0.0,129,2.663666666666667,2.5490415139461793,1,3,3,133,Regular
15576.0,38,1,682.33,16.24595238095238,42,298,0.0,298.0,Wednesday,12,1,0,1.0,0.0,1.0,1.0,42,3.677619047619048,3.1386262409856878,3,1,3,313,At Risk
15577.0,151,3,258.88,6.637948717948718,39,89,4.052631578947368,29.666666666666668,Monday,17,1,154,0.01935483870967742,0.0,0.0,0.0,39,3.0605128205128205,3.059060699246325,1,3,2,132,Regular
15578.0,162,1,127.1,9.776923076923076,13,52,0.0,52.0,Thursday,13,1,0,1.0,0.0,0.0,0.0,13,2.3884615384615384,2.117501854205588,1,1,1,111,Regular
15579.0,69,2,327.6,6.825,45,117,5.212765957446808,58.5,Sunday,12,1,245,0.008130081300813009,0.0,0.0,1.0,45,3.862083333333333,2.8813368338940535,2,2,2,222,At Risk
15581.0,121,13,3675.77,25.176506849315068,134,283,1.6482758620689655,21.76923076923077,Wednesday,14,1,245,0.052845528455284556,0.0,0.0,0.0,134,22.986301369863014,208.12036466003462,2,4,4,244,Regular
15582.0,25,3,682.9100000000001,15.52068181818182,39,453,4.534883720930233,151.0,Tuesday,13,1,195,0.015306122448979591,1.0,1.0,1.0,39,2.3970454545454545,1.7867881793558615,3,3,3,333,Loyal
15584.0,24,4,675.86,5.5856198347107435,89,277,1.1416666666666666,69.25,Wednesday,10,1,138,0.02877697841726619,1.0,2.0,3.0,89,3.1052892561983474,2.543190605774619,3,3,3,333,Loyal
15585.0,177,1,455.3,14.687096774193549,31,320,0.0,320.0,Thursday,8,1,0,1.0,0.0,0.0,0.0,31,2.2641935483870967,1.8892940025197213,1,1,2,112,Regular
15587.0,50,3,305.28000000000003,61.056000000000004,3,96,75.25,32.0,Thursday,11,1,301,0.009933774834437087,0.0,1.0,1.0,3,3.054,0.46008694830433966,3,3,2,332,Loyal
15589.0,256,3,478.53,16.50103448275862,28,243,1.9285714285714286,81.0,Tuesday,9,1,54,0.05454545454545454,0.0,0.0,0.0,28,3.6893103448275864,4.261039386141168,1,3,2,132,Regular
15592.0,47,1,314.65999999999997,14.302727272727271,22,258,0.0,258.0,Monday,8,1,0,1.0,0.0,1.0,1.0,22,1.6368181818181817,1.3261774152791685,3,1,2,312,At Risk
15593.0,71,1,199.8,39.96,5,60,0.0,60.0,Friday,11,1,0,1.0,0.0,0.0,1.0,5,3.3299999999999996,2.8839209420509433,2,1,1,211,At Risk
15594.0,16,5,1765.9,17.312745098039215,84,955,2.1584158415841586,191.0,Monday,10,1,218,0.0228310502283105,2.0,2.0,3.0,84,3.187843137254902,2.332347488440268,4,4,4,444,Champions
15596.0,101,5,1406.59,18.267402597402597,51,561,3.4473684210526314,112.2,Thursday,16,1,264,0.018867924528301886,0.0,0.0,0.0,51,4.183246753246753,3.0283752120821807,2,4,4,244,Regular
15597.0,35,1,324.57,14.753181818181817,22,279,0.0,279.0,Friday,13,1,0,1.0,0.0,1.0,1.0,22,1.6090909090909091,1.260917689587001,3,1,2,312,At Risk
15598.0,53,1,240.68,17.19142857142857,14,160,0.0,160.0,Monday,16,1,0,1.0,0.0,1.0,1.0,14,2.5564285714285715,2.219128751916485,2,1,1,211,At Risk
15599.0,27,2,730.54,14.324313725490196,49,670,3.54,335.0,Thursday,13,1,177,0.011235955056179775,1.0,1.0,1.0,49,1.9133333333333333,2.492239688847497,3,2,3,323,At Risk
15601.0,11,14,6308.12,16.174666666666667,214,3859,0.910025706940874,275.64285714285717,Friday,14,1,361,0.03867403314917127,1.0,2.0,3.0,214,2.8007948717948716,2.831362754538623,4,4,4,444,Champions
15602.0,8,7,691.75,22.31451612903226,24,405,11.866666666666667,57.857142857142854,Friday,14,1,359,0.019444444444444445,3.0,3.0,4.0,24,3.1822580645161294,3.3339233241307147,4,4,3,443,Champions
15604.0,52,1,216.39000000000001,12.728823529411766,17,159,0.0,159.0,Tuesday,14,1,0,1.0,0.0,1.0,1.0,17,1.543529411764706,1.0200302763672666,2,1,1,211,At Risk
15605.0,36,5,1198.23,17.88402985074627,61,441,5.075757575757576,88.2,Friday,13,1,337,0.014792899408284023,0.0,1.0,2.0,61,4.588358208955224,3.325597051437543,3,4,3,343,Loyal
15606.0,61,9,2757.92,36.77226666666667,47,796,3.5135135135135136,88.44444444444444,Sunday,15,1,263,0.03409090909090909,0.0,0.0,1.0,47,3.772,1.8139243704249697,2,4,4,244,Regular
15607.0,337,1,104.76,8.05846153846154,13,202,0.0,202.0,Friday,12,1,0,1.0,0.0,0.0,0.0,13,1.1753846153846153,2.2486166687714744,1,1,1,111,Regular
15608.0,60,3,932.76,16.65642857142857,56,534,1.0909090909090908,178.0,Monday,13,1,60,0.04918032786885246,0.0,2.0,2.0,56,3.4349999999999996,3.212075511395878,2,3,3,233,Regular
15609.0,184,1,298.48,18.655,16,148,0.0,148.0,Wednesday,13,1,0,1.0,0.0,0.0,0.0,16,4.44625,4.469357709261291,1,1,2,112,Regular
15610.0,52,1,112.46000000000001,18.743333333333336,6,66,0.0,66.0,Wednesday,10,1,0,1.0,0.0,1.0,1.0,6,1.8733333333333333,0.6212460596789864,2,1,1,211,At Risk
15611.0,10,13,1204.81,29.38560975609756,23,288,8.0,22.153846153846153,Wednesday,10,1,325,0.03987730061349693,2.0,3.0,5.0,23,5.97219512195122,3.8349201505345074,4,4,3,443,Champions
15612.0,36,2,195.15,32.525,4,52,5.0,26.0,Sunday,12,1,25,0.07692307692307693,0.0,1.0,2.0,4,6.141666666666667,4.641380900838313,3,2,1,321,At Risk
15615.0,10,22,9022.08,22.276740740740742,180,4726,0.844059405940594,214.8181818181818,Tuesday,10,1,348,0.06303724928366762,1.0,3.0,4.0,180,2.5941234567901232,2.3690180600576056,4,4,4,444,Champions
15618.0,33,4,776.851,17.263355555555556,39,454,2.340909090909091,113.5,Monday,8,1,103,0.038461538461538464,0.0,1.0,1.0,39,2.550911111111111,2.140390064516939,3,3,3,333,Loyal
15619.0,11,1,191.39999999999998,95.69999999999999,2,36,0.0,36.0,Tuesday,8,1,0,1.0,1.0,1.0,1.0,2,5.9,2.4748737341529163,4,1,1,411,At Risk
15620.0,57,3,1547.3,15.629292929292928,91,887,3.0714285714285716,295.6666666666667,Friday,12,1,301,0.009933774834437087,0.0,1.0,1.0,91,3.7652525252525253,4.186969910020494,2,3,4,234,Regular
15621.0,4,3,202.01000000000002,22.445555555555558,9,119,0.75,39.666666666666664,Monday,13,1,6,0.42857142857142855,3.0,3.0,3.0,9,1.4433333333333334,0.9396275858019495,4,3,1,431,Regular
15622.0,43,9,3695.64,20.085,168,1626,1.2950819672131149,180.66666666666666,Thursday,13,1,239,0.0375,0.0,1.0,4.0,168,4.104347826086957,5.088891105840158,3,4,4,344,Loyal
15623.0,141,1,301.03000000000003,15.843684210526318,19,125,0.0,125.0,Thursday,17,1,0,1.0,0.0,0.0,0.0,19,4.2905263157894735,3.0457410586737717,2,1,2,212,At Risk
15624.0,117,4,566.85,17.7140625,24,245,4.451612903225806,61.25,Monday,15,1,139,0.02857142857142857,0.0,0.0,0.0,24,3.8728125,2.9819297003623717,2,3,2,232,Regular
15625.0,104,4,1161.42,20.739642857142858,41,816,2.3454545454545452,204.0,Monday,14,1,131,0.030303030303030304,0.0,0.0,0.0,41,1.7139285714285715,1.0620609100345313,2,3,3,233,Regular
15626.0,75,2,602.36,13.69,44,538,5.906976744186046,269.0,Monday,10,1,254,0.00784313725490196,0.0,0.0,1.0,44,1.7934090909090907,1.9138162814087463,2,2,3,223,At Risk
15628.0,5,9,2797.04,18.52344370860927,82,1714,2.3866666666666667,190.44444444444446,Wednesday,12,1,362,0.024793388429752067,2.0,3.0,4.0,82,2.354900662251656,1.8729324129288696,4,4,4,444,Champions
15630.0,45,2,1162.95,19.711016949152544,56,764,2.7413793103448274,382.0,Tuesday,15,1,159,0.0125,0.0,1.0,1.0,56,2.8640677966101693,3.2597678776277963,3,2,3,323,At Risk
15632.0,16,8,3082.15,19.263437500000002,102,1713,1.610062893081761,214.125,Thursday,11,1,259,0.03076923076923077,1.0,1.0,2.0,102,2.7885,2.2681941394175342,4,4,4,444,Champions
15634.0,17,1,243.55,16.236666666666668,15,99,0.0,99.0,Tuesday,16,1,0,1.0,1.0,1.0,1.0,15,3.7266666666666666,2.330915413880706,4,1,1,411,At Risk
15636.0,90,2,724.76,28.9904,20,284,8.0,142.0,Sunday,11,1,192,0.010362694300518135,0.0,0.0,1.0,20,3.1712000000000002,2.3912049263917137,2,2,3,223,At Risk
15637.0,53,1,223.36,14.890666666666668,15,128,0.0,128.0,Tuesday,8,1,0,1.0,0.0,1.0,1.0,15,3.026666666666667,2.028467636513078,2,1,1,211,At Risk
15639.0,134,1,425.32,17.0128,25,323,0.0,323.0,Thursday,14,1,0,1.0,0.0,0.0,0.0,25,4.3084,5.192333836211483,2,1,2,212,At Risk
15640.0,4,14,10109.33,22.820158013544017,232,4824,0.8167420814479638,344.57142857142856,Sunday,14,1,367,0.03804347826086957,2.0,3.0,4.0,232,2.8007449209932282,2.955954590886804,4,4,4,444,Champions
15641.0,105,4,1812.92,15.90280701754386,98,1286,2.230088495575221,321.5,Wednesday,14,1,253,0.015748031496062992,0.0,0.0,0.0,98,1.981140350877193,1.5924405262630164,2,3,4,234,Regular
15643.0,192,3,664.0,20.12121212121212,31,246,2.8125,82.0,Wednesday,14,1,90,0.03296703296703297,0.0,0.0,0.0,31,5.933030303030303,5.621394113589886,1,3,3,133,Regular
15644.0,166,4,803.54,3.4635344827586207,166,550,0.4025974025974026,137.5,Sunday,14,1,94,0.042105263157894736,0.0,0.0,0.0,166,1.794353448275862,1.3054108225608723,1,3,3,133,Regular
15645.0,19,1,530.41,10.400196078431373,49,224,0.0,224.0,Monday,11,1,0,1.0,1.0,1.0,1.0,49,2.960588235294118,2.4040344521364125,3,1,2,312,At Risk
15646.0,158,3,419.92,12.724848484848485,33,310,6.6875,103.33333333333333,Thursday,9,1,214,0.013953488372093023,0.0,0.0,0.0,33,3.071818181818182,3.430245485516903,1,3,2,132,Regular
15648.0,204,2,581.5,25.282608695652176,22,178,2.8181818181818183,89.0,Thursday,15,1,62,0.031746031746031744,0.0,0.0,0.0,22,4.656521739130435,3.1021365199072544,1,2,3,123,Regular
15651.0,37,3,491.66,16.953793103448277,25,343,7.964285714285714,114.33333333333333,Thursday,8,1,223,0.013392857142857142,0.0,2.0,2.0,25,2.263448275862069,1.6974945315755994,3,3,2,332,Loyal
15652.0,91,1,337.74,16.082857142857144,21,208,0.0,208.0,Friday,14,1,0,1.0,0.0,0.0,0.0,21,3.8533333333333335,3.111246266905488,2,1,2,212,At Risk
15653.0,116,1,48.0,12.0,4,48,0.0,48.0,Tuesday,9,1,0,1.0,0.0,0.0,0.0,4,1.0,0.29999999999999993,2,1,1,211,At Risk
15654.0,9,2,395.91,28.279285714285717,14,170,1.2307692307692308,85.0,Wednesday,13,1,16,0.11764705882352941,2.0,2.0,2.0,14,3.662857142857143,3.5135461564360577,4,2,2,422,At Risk
15655.0,243,1,560.6700000000001,16.49029411764706,34,324,0.0,324.0,Sunday,15,1,0,1.0,0.0,0.0,0.0,34,3.0920588235294115,3.1426371664688406,1,1,2,112,Regular
15656.0,45,4,748.5,15.925531914893616,46,343,5.173913043478261,85.75,Tuesday,13,1,238,0.016736401673640166,0.0,1.0,1.0,46,4.41127659574468,3.6206290691831784,3,3,3,333,Loyal
15657.0,23,1,30.0,30.0,1,24,0.0,24.0,Thursday,12,1,0,1.0,1.0,1.0,1.0,1,1.25,0.0,3,1,1,311,At Risk
15658.0,190,5,1024.1000000000001,21.33541666666667,40,242,3.851063829787234,48.4,Thursday,10,1,182,0.0273224043715847,0.0,0.0,0.0,40,6.244791666666667,3.853200377240083,1,4,3,143,Regular
15659.0,44,1,275.85,27.585,10,75,0.0,75.0,Thursday,9,1,0,1.0,0.0,1.0,1.0,10,5.92,3.299848481370016,3,1,2,312,At Risk
15660.0,25,9,1560.54,17.733409090909092,53,954,3.8850574712643677,106.0,Thursday,13,1,340,0.026392961876832845,2.0,2.0,3.0,53,2.3782954545454547,2.3324222629816975,3,4,4,344,Loyal
15661.0,317,1,19.8,6.6000000000000005,3,36,0.0,36.0,Wednesday,13,1,0,1.0,0.0,0.0,0.0,3,0.55,0.0,1,1,1,111,Regular
15663.0,106,1,124.1,15.5125,8,70,0.0,70.0,Thursday,15,1,0,1.0,0.0,0.0,0.0,8,2.775,2.265108007516261,2,1,1,211,At Risk
15664.0,51,1,386.43,22.731176470588235,17,157,0.0,157.0,Thursday,10,1,0,1.0,0.0,1.0,1.0,17,4.165294117647059,3.6175062502486757,3,1,2,312,At Risk
15665.0,168,2,1974.05,18.449065420560746,84,1222,0.6981132075471698,611.0,Sunday,15,1,74,0.02666666666666667,0.0,0.0,0.0,84,2.3934579439252337,2.8074234823167767,1,2,4,124,Regular
15667.0,40,1,301.32000000000005,23.17846153846154,13,240,0.0,240.0,Monday,10,1,0,1.0,0.0,1.0,1.0,13,1.5553846153846154,1.2263809589235544,3,1,2,312,At Risk
15669.0,40,4,512.5,16.532258064516128,31,246,7.4,61.5,Thursday,17,1,223,0.017857142857142856,0.0,1.0,1.0,31,3.3038709677419353,2.8254730310980434,3,3,2,332,Loyal
15670.0,297,1,173.05,14.420833333333334,12,91,0.0,91.0,Wednesday,10,1,0,1.0,0.0,0.0,0.0,12,3.15,2.5912439974933767,1,1,1,111,Regular
15671.0,19,7,1272.21,19.57246153846154,50,807,3.890625,115.28571428571429,Monday,9,1,252,0.02766798418972332,2.0,2.0,2.0,50,2.5940000000000003,3.100975048271108,3,4,3,343,Loyal
15673.0,88,4,2660.41,19.706740740740738,107,1325,1.7686567164179106,331.25,Monday,16,1,238,0.016736401673640166,0.0,0.0,1.0,107,2.832222222222222,2.810097907325689,2,3,4,234,Regular
15674.0,73,5,2363.92,21.687339449541284,85,999,1.6666666666666667,199.8,Tuesday,15,1,181,0.027472527472527472,0.0,0.0,1.0,85,6.031559633027523,31.869047684592015,2,4,4,244,Regular
15675.0,81,3,258.61,17.240666666666666,14,127,14.142857142857142,42.333333333333336,Thursday,19,1,198,0.01507537688442211,0.0,0.0,1.0,14,3.957333333333333,4.67453812335151,2,3,2,232,Regular
15676.0,19,3,3337.7200000000003,16.94274111675127,186,1928,1.346938775510204,642.6666666666666,Friday,14,1,265,0.011278195488721804,1.0,2.0,2.0,186,3.268274111675127,4.17086078156216,3,3,4,334,Loyal
15677.0,49,1,657.23,19.916060606060608,33,319,0.0,319.0,Friday,15,1,0,1.0,0.0,1.0,1.0,33,3.582121212121212,3.6199687132416605,3,1,3,313,At Risk
15678.0,53,1,290.3,26.39090909090909,11,154,0.0,154.0,Tuesday,9,1,0,1.0,0.0,1.0,1.0,11,2.036363636363636,0.8217332015596391,2,1,2,212,At Risk
15679.0,24,4,690.98,6.774313725490196,90,864,1.5544554455445545,216.0,Wednesday,16,1,158,0.025157232704402517,2.0,2.0,2.0,90,1.1679411764705883,1.1390036798202834,3,3,3,333,Loyal
15680.0,9,3,1212.84,16.38972972972973,60,776,4.863013698630137,258.6666666666667,Wednesday,14,1,356,0.008403361344537815,1.0,2.0,2.0,60,2.5064864864864864,2.1389719925109794,4,3,3,433,Regular
15681.0,25,5,1426.16,26.90867924528302,32,816,4.884615384615385,163.2,Friday,16,1,255,0.01953125,2.0,2.0,2.0,32,1.9690566037735848,1.5710986652547214,3,4,4,344,Loyal
15683.0,117,1,152.95,16.994444444444444,9,83,0.0,83.0,Sunday,12,1,0,1.0,0.0,0.0,0.0,9,2.308888888888889,1.3222938822784862,2,1,1,211,At Risk
15687.0,9,9,2979.18,18.055636363636363,118,1262,1.9329268292682926,140.22222222222223,Wednesday,13,1,321,0.027950310559006212,3.0,3.0,4.0,118,4.272242424242424,3.4361708253333583,4,4,4,444,Champions
15689.0,120,2,254.1,28.233333333333334,8,84,30.125,42.0,Monday,9,1,241,0.008264462809917356,0.0,0.0,0.0,8,3.5,2.4494897427831783,2,2,2,222,At Risk
15690.0,4,2,201.48,12.5925,16,276,6.4,138.0,Monday,15,1,96,0.020618556701030927,1.0,1.0,1.0,16,0.756875,0.44182528598229115,4,2,1,421,At Risk
15692.0,28,1,191.04,15.92,12,138,0.0,138.0,Friday,14,1,0,1.0,1.0,1.0,1.0,12,1.9041666666666668,1.1660536268139905,3,1,1,311,At Risk
15694.0,8,13,3622.06,56.5946875,41,771,5.714285714285714,59.30769230769231,Thursday,9,1,364,0.03561643835616438,3.0,3.0,4.0,41,4.8584375,2.9413997417005717,4,4,4,444,Champions
15695.0,267,2,396.06,18.86,21,164,0.0,82.0,Friday,8,1,0,2.0,0.0,0.0,0.0,21,3.0109523809523813,2.3959568125529827,1,2,2,122,Regular
15696.0,33,8,2711.11,16.137559523809525,140,1015,1.7305389221556886,126.875,Sunday,14,1,293,0.027210884353741496,0.0,1.0,2.0,140,4.277857142857143,5.209669285405935,3,4,4,344,Loyal
15699.0,18,1,309.65,17.202777777777776,18,113,0.0,113.0,Tuesday,8,1,0,1.0,1.0,1.0,1.0,18,6.181111111111111,6.820460471680166,4,1,2,412,At Risk
15700.0,172,2,655.88,7.716235294117647,84,309,0.011904761904761904,154.5,Sunday,15,1,1,1.0,0.0,0.0,0.0,84,2.958,2.5532532002842774,1,2,3,123,Regular
15701.0,2,4,1498.76,6.573508771929824,191,840,0.4713656387665198,210.0,Sunday,12,1,108,0.03669724770642202,1.0,1.0,3.0,191,2.99859649122807,3.2994208214728005,4,3,4,434,Regular
15703.0,265,1,211.5,42.3,5,66,0.0,66.0,Sunday,10,1,0,1.0,0.0,0.0,0.0,5,2.93,1.8061007723823166,1,1,1,111,Regular
15704.0,140,4,2224.42,19.342782608695654,78,960,0.6491228070175439,240.0,Sunday,12,1,75,0.05263157894736842,0.0,0.0,0.0,78,3.264782608695652,2.806179380489487,2,3,4,234,Regular
15705.0,201,1,83.1,16.619999999999997,5,14,0.0,14.0,Sunday,15,1,0,1.0,0.0,0.0,0.0,5,7.01,2.101903898849802,1,1,1,111,Regular
15706.0,64,4,1060.56,19.28290909090909,50,321,0.9259259259259259,80.25,Monday,14,1,52,0.07547169811320754,0.0,0.0,3.0,50,5.126181818181818,3.4135511491424064,2,3,3,233,Regular
15707.0,35,4,901.86,4.4208823529411765,126,558,0.2413793103448276,139.5,Thursday,14,1,51,0.07692307692307693,0.0,2.0,4.0,126,2.273627450980392,2.0216599477328927,3,3,3,333,Loyal
15708.0,41,7,3208.37,11.8390036900369,123,1153,1.2074074074074075,164.71428571428572,Sunday,11,1,328,0.02127659574468085,0.0,1.0,1.0,123,4.024059040590406,2.6496488481916844,3,4,4,344,Loyal
15709.0,284,1,69.65,17.4125,4,37,0.0,37.0,Tuesday,10,1,0,1.0,0.0,0.0,0.0,4,3.225,2.312826553519885,1,1,1,111,Regular
15712.0,9,5,970.6,18.665384615384617,41,390,5.431372549019608,78.0,Friday,11,1,278,0.017921146953405017,1.0,1.0,2.0,41,3.7169230769230768,2.8672064278403764,4,4,3,443,Champions
15713.0,143,2,356.7,18.773684210526316,18,150,12.333333333333334,75.0,Tuesday,13,1,222,0.008968609865470852,0.0,0.0,0.0,18,5.338421052631579,4.505044411123916,2,2,2,222,At Risk
15714.0,12,2,330.03000000000003,9.706764705882353,34,186,2.0,93.0,Monday,11,1,66,0.029850746268656716,1.0,1.0,2.0,34,3.126470588235294,3.053647478565782,4,2,2,422,At Risk
15716.0,146,4,849.59,7.518495575221239,97,450,1.9821428571428572,112.5,Sunday,12,1,223,0.017857142857142856,0.0,0.0,0.0,97,2.3314159292035397,1.6367639388530373,1,3,3,133,Regular
15717.0,234,1,150.3,21.47142857142857,7,70,0.0,70.0,Tuesday,13,1,0,1.0,0.0,0.0,0.0,7,2.4714285714285715,1.3957844696493387,1,1,1,111,Regular
15719.0,33,13,5030.07,5.402867883995703,299,2718,0.3225806451612903,209.07692307692307,Thursday,12,1,304,0.04262295081967213,0.0,1.0,2.0,299,2.198958109559613,1.6991341531163207,3,4,4,344,Loyal
15720.0,24,1,587.03,4.622283464566929,127,251,0.0,251.0,Tuesday,14,1,0,1.0,1.0,1.0,1.0,127,2.4824409448818896,2.443377741601057,3,1,3,313,At Risk
15721.0,12,1,467.40000000000003,5.63132530120482,79,288,0.0,288.0,Monday,12,1,0,1.0,1.0,1.0,1.0,79,2.1003614457831326,1.5133386171649628,4,1,2,412,At Risk
15722.0,36,4,1093.17,19.875818181818182,37,419,4.685185185185185,104.75,Tuesday,12,1,254,0.01568627450980392,0.0,1.0,1.0,37,3.3009090909090912,2.632344591260431,3,3,3,333,Loyal
15723.0,365,1,190.70000000000002,5.018421052631579,37,73,0.0,73.0,Friday,11,1,0,1.0,0.0,0.0,0.0,37,2.651315789473684,2.1250909946210843,1,1,1,111,Regular
15724.0,201,2,218.25,19.84090909090909,11,73,8.3,36.5,Sunday,14,1,83,0.023809523809523808,0.0,0.0,0.0,11,3.4136363636363636,1.7691934474628415,1,2,1,121,Regular
15725.0,15,1,415.25,12.9765625,32,221,0.0,221.0,Thursday,14,1,0,1.0,1.0,1.0,1.0,32,2.65125,1.812080874788483,4,1,2,412,At Risk
15727.0,17,7,4712.51,16.477307692307694,204,2410,1.1894736842105262,344.2857142857143,Wednesday,15,1,342,0.02040816326530612,1.0,1.0,1.0,204,3.3586013986013983,10.446072146994224,4,4,4,444,Champions
15729.0,213,1,85.0,17.0,5,28,0.0,28.0,Wednesday,12,1,0,1.0,0.0,0.0,0.0,5,3.75,1.620185174601965,1,1,1,111,Regular
15730.0,66,3,1106.96,16.042898550724637,67,641,2.0588235294117645,213.66666666666666,Tuesday,12,1,140,0.02127659574468085,0.0,0.0,1.0,67,3.006376811594203,2.6263959711173492,2,3,3,233,Regular
15732.0,212,2,280.2,21.553846153846152,12,167,13.25,83.5,Wednesday,14,1,159,0.0125,0.0,0.0,0.0,12,2.0138461538461536,0.981992349440144,1,2,2,122,Regular
15733.0,283,1,162.3,16.23,10,62,0.0,62.0,Wednesday,9,1,0,1.0,0.0,0.0,0.0,10,4.35,3.048405776430982,1,1,1,111,Regular
15734.0,115,2,716.95,31.171739130434784,23,196,3.8636363636363638,98.0,Wednesday,10,1,85,0.023255813953488372,0.0,0.0,0.0,23,4.934347826086956,3.594982394807008,2,2,3,223,At Risk
15737.0,15,8,1148.8,16.64927536231884,58,529,3.323529411764706,66.125,Monday,10,1,228,0.034934497816593885,2.0,2.0,3.0,58,3.940144927536232,3.494628438026509,4,4,3,443,Champions
15738.0,19,16,3838.84,25.93810810810811,46,1968,2.3469387755102042,123.0,Thursday,12,1,353,0.04519774011299435,1.0,2.0,3.0,46,2.304797297297297,1.945501516089949,3,4,4,344,Loyal
15739.0,66,1,77.6,25.866666666666664,3,16,0.0,16.0,Tuesday,13,1,0,1.0,0.0,0.0,1.0,3,5.216666666666667,1.2701705922171767,2,1,1,211,At Risk
15740.0,49,1,126.80000000000001,15.850000000000001,8,80,0.0,80.0,Friday,14,1,0,1.0,0.0,1.0,1.0,8,2.7325,1.5846563394899587,3,1,1,311,At Risk
15743.0,16,4,775.96,9.022790697674418,59,214,1.9764705882352942,53.5,Wednesday,13,1,168,0.023668639053254437,1.0,2.0,2.0,59,4.6939534883720935,2.88310750613446,4,3,3,433,Regular
15744.0,78,1,6.959999999999999,6.959999999999999,1,24,0.0,24.0,Friday,9,1,0,1.0,0.0,0.0,1.0,1,0.29,0.0,2,1,1,211,At Risk
15745.0,19,4,1094.5900000000001,17.65467741935484,57,421,3.540983606557377,105.25,Sunday,10,1,217,0.01834862385321101,1.0,2.0,3.0,57,4.3022580645161295,2.9433283375802213,3,3,3,333,Loyal
15746.0,134,1,182.96,6.776296296296296,27,130,0.0,130.0,Thursday,15,1,0,1.0,0.0,0.0,0.0,27,1.5277777777777777,0.9331061994688384,2,1,1,211,At Risk
15747.0,13,3,737.84,8.480919540229886,51,322,1.8488372093023255,107.33333333333333,Sunday,12,1,160,0.018633540372670808,1.0,1.0,1.0,51,2.51735632183908,1.9635962852782156,4,3,3,433,Regular
15748.0,40,1,144.36,7.218000000000001,19,50,0.0,50.0,Sunday,12,1,0,1.0,0.0,1.0,1.0,19,3.6755000000000004,2.5141713608222784,3,1,1,311,At Risk
15750.0,3,8,2360.45,8.253321678321678,209,1567,1.2666666666666666,195.875,Wednesday,12,1,364,0.021917808219178082,2.0,3.0,4.0,209,2.4785664335664337,1.998124657823599,4,4,4,444,Champions
15752.0,40,7,2614.42,6.487394540942928,236,1902,0.818407960199005,271.7142857142857,Monday,11,1,333,0.020958083832335328,0.0,1.0,1.0,236,1.770694789081886,1.4211865316904568,3,4,4,344,Loyal
15754.0,51,3,458.57,16.3775,24,199,7.185185185185185,66.33333333333333,Tuesday,10,1,195,0.015306122448979591,0.0,1.0,2.0,24,2.7239285714285715,1.1569735080859451,3,3,2,332,Loyal
15755.0,10,6,2308.09,16.847372262773725,123,1283,2.073529411764706,213.83333333333334,Monday,15,1,284,0.021052631578947368,1.0,1.0,3.0,123,3.2599270072992703,2.927989547240656,4,4,4,444,Champions
15756.0,61,4,528.01,2.764450261780105,160,241,0.9842105263157894,60.25,Sunday,14,1,187,0.02127659574468085,0.0,0.0,1.0,160,2.4642931937172774,2.0417181613599644,2,3,2,232,Regular
15757.0,66,2,685.38,15.939069767441861,41,407,3.619047619047619,203.5,Wednesday,12,1,152,0.013071895424836602,0.0,0.0,1.0,41,2.8400000000000003,2.4396808924822233,2,2,3,223,At Risk
15758.0,25,1,205.25,22.805555555555557,9,47,0.0,47.0,Tuesday,10,1,0,1.0,1.0,1.0,1.0,9,4.427777777777778,0.9497075573272252,3,1,1,311,At Risk
15759.0,218,3,253.04000000000002,36.14857142857143,5,60,23.166666666666668,20.0,Thursday,15,1,139,0.02142857142857143,0.0,0.0,0.0,5,5.174285714285714,3.7805152080232713,1,3,2,132,Regular
15762.0,65,2,583.75,15.777027027027026,37,251,0.3333333333333333,125.5,Friday,15,1,12,0.15384615384615385,0.0,0.0,2.0,37,4.0018918918918915,3.8620689891400017,2,2,3,223,At Risk
15763.0,32,2,1086.92,17.818360655737706,58,271,0.75,135.5,Friday,12,1,45,0.043478260869565216,0.0,1.0,2.0,58,6.6593442622950825,5.781825221863323,3,2,3,323,At Risk
15764.0,88,6,3097.57,17.599829545454547,147,1810,1.0742857142857143,301.6666666666667,Wednesday,15,1,188,0.031746031746031744,0.0,0.0,1.0,147,2.8811931818181815,3.428919071187485,2,4,4,244,Regular
15766.0,64,1,315.06,28.64181818181818,11,170,0.0,170.0,Thursday,17,1,0,1.0,0.0,0.0,1.0,11,3.208181818181818,3.769065714953291,2,1,2,212,At Risk
15768.0,116,3,621.83,23.030740740740743,23,244,4.230769230769231,81.33333333333333,Thursday,10,1,110,0.02702702702702703,0.0,0.0,0.0,23,7.899259259259259,23.629582652964405,2,3,3,233,Regular
15769.0,235,1,122.03999999999999,61.019999999999996,2,36,0.0,36.0,Monday,14,1,0,1.0,0.0,0.0,0.0,2,3.39,0.0,1,1,1,111,Regular
15773.0,6,1,128.8,16.1,8,119,0.0,119.0,Sunday,12,1,0,1.0,1.0,1.0,1.0,8,1.195,0.7999999999999999,4,1,1,411,At Risk
15774.0,69,1,270.8,10.832,25,87,0.0,87.0,Sunday,12,1,0,1.0,0.0,0.0,1.0,25,4.802,3.315226236623981,2,1,2,212,At Risk
15775.0,245,1,104.9,14.985714285714286,7,68,0.0,68.0,Friday,12,1,0,1.0,0.0,0.0,0.0,7,2.4714285714285715,2.7437591522789107,1,1,1,111,Regular
15776.0,133,1,234.78,13.810588235294118,17,102,0.0,102.0,Friday,13,1,0,1.0,0.0,0.0,0.0,17,4.418823529411765,3.814681969628892,2,1,1,211,At Risk
15777.0,241,3,475.91,27.994705882352942,15,154,7.4375,51.333333333333336,Tuesday,16,1,120,0.024793388429752067,0.0,0.0,0.0,15,4.122941176470588,3.57890654513687,1,3,2,132,Regular
15780.0,184,3,475.28000000000003,16.38896551724138,26,220,6.178571428571429,73.33333333333333,Monday,9,1,174,0.017142857142857144,0.0,0.0,0.0,26,4.157586206896552,3.3290567681427783,1,3,2,132,Regular
15781.0,25,3,345.46000000000004,17.273000000000003,20,180,14.736842105263158,60.0,Monday,14,1,280,0.010676156583629894,1.0,1.0,1.0,20,3.9675,4.080696373750054,3,3,2,332,Loyal
15782.0,10,3,1899.78,52.77166666666667,30,386,2.257142857142857,128.66666666666666,Sunday,14,1,79,0.0375,1.0,2.0,3.0,30,6.942222222222222,4.774849652748157,4,3,4,434,Regular
15783.0,11,1,197.82,16.485,12,68,0.0,68.0,Tuesday,9,1,0,1.0,1.0,1.0,1.0,12,3.9408333333333334,2.3216195692323116,4,1,1,411,At Risk
15785.0,33,5,1719.57,23.23743243243243,52,956,3.589041095890411,191.2,Thursday,14,1,262,0.019011406844106463,0.0,1.0,1.0,52,3.5145945945945942,6.784951557794221,3,4,4,344,Loyal
15786.0,46,3,4878.2,18.40830188679245,256,3292,0.25757575757575757,1097.3333333333333,Wednesday,13,1,68,0.043478260869565216,0.0,2.0,2.0,256,2.7476603773584904,3.080994126651653,3,3,4,334,Loyal
15787.0,26,3,933.26,4.6663,156,534,0.17587939698492464,178.0,Sunday,14,1,35,0.08333333333333333,2.0,2.0,3.0,156,2.1557,2.3068834095650854,3,3,3,333,Loyal
15789.0,358,1,297.65999999999997,13.53,22,330,0.0,330.0,Thursday,14,1,0,1.0,0.0,0.0,0.0,22,1.0668181818181817,0.5640025866509104,1,1,2,112,Regular
15790.0,10,1,203.63,6.170606060606061,33,77,0.0,77.0,Tuesday,14,1,0,1.0,1.0,1.0,1.0,33,3.555454545454545,2.7115344951119136,4,1,1,411,At Risk
15791.0,44,2,1527.3700000000001,21.213472222222222,64,599,2.2535211267605635,299.5,Thursday,15,1,160,0.012422360248447204,0.0,1.0,1.0,64,3.364305555555555,2.666205208752688,3,2,4,324,At Risk
15793.0,15,2,150.57,37.6425,4,73,8.0,36.5,Monday,11,1,24,0.08,1.0,2.0,2.0,4,5.557499999999999,7.397059663587056,4,2,1,421,At Risk
15795.0,150,1,603.17,14.711463414634146,41,545,0.0,545.0,Wednesday,10,1,0,1.0,0.0,0.0,0.0,41,3.1280487804878048,4.622092718408078,1,1,3,113,Regular
15796.0,1,8,2708.61,20.519772727272727,70,860,2.2748091603053435,107.5,Sunday,11,1,301,0.026490066225165563,2.0,2.0,3.0,70,3.9094696969696967,3.0383631879138697,4,4,4,444,Champions
15797.0,319,1,15.0,15.0,1,1,0.0,1.0,Monday,15,1,0,1.0,0.0,0.0,0.0,1,15.0,0.0,1,1,1,111,Regular
15799.0,76,3,852.29,9.066914893617021,91,752,2.774193548387097,250.66666666666666,Sunday,12,1,258,0.011583011583011582,0.0,0.0,1.0,91,2.355,2.7526510193645324,2,3,3,233,Regular
15800.0,107,2,696.89,5.956324786324786,116,332,1.1982758620689655,166.0,Wednesday,14,1,139,0.014285714285714285,0.0,0.0,0.0,116,2.7484615384615383,2.494652423922093,2,2,3,223,At Risk
15801.0,46,3,1063.95,16.62421875,61,570,0.9841269841269841,190.0,Monday,15,1,63,0.046875,0.0,2.0,2.0,61,2.96421875,2.400992390518012,3,3,3,333,Loyal
15802.0,143,1,451.42,451.42,1,1,0.0,1.0,Wednesday,11,1,0,1.0,0.0,0.0,0.0,1,451.42,0.0,2,1,2,212,At Risk
15803.0,51,1,154.86,30.972,5,90,0.0,90.0,Wednesday,14,1,0,1.0,0.0,1.0,1.0,5,1.998,1.601099622134738,3,1,1,311,At Risk
15804.0,1,13,4136.43,16.095058365758756,166,2361,0.75390625,181.6153846153846,Wednesday,10,1,198,0.06532663316582915,3.0,4.0,8.0,166,3.775875486381323,8.246547674447514,4,4,4,444,Champions
15805.0,23,16,5003.5,17.313148788927336,212,2951,1.1701388888888888,184.4375,Thursday,12,1,341,0.04678362573099415,1.0,5.0,6.0,212,2.8002076124567474,2.5841395163730487,3,4,4,344,Loyal
15806.0,46,3,671.22,24.86,22,418,8.846153846153847,139.33333333333334,Tuesday,9,1,230,0.012987012987012988,0.0,1.0,1.0,22,2.2025925925925924,1.9197127040515378,3,3,3,333,Loyal
15807.0,50,3,903.9,18.83125,48,430,0.5531914893617021,143.33333333333334,Friday,14,1,26,0.1111111111111111,0.0,2.0,3.0,48,2.5812500000000003,2.0920290720489216,3,3,3,333,Loyal
15808.0,306,4,3464.9700000000003,18.04671875,140,1203,0.32460732984293195,300.75,Sunday,14,1,63,0.0625,0.0,0.0,0.0,140,3.684635416666667,2.4676002867732842,1,3,4,134,Regular
15809.0,36,5,497.05,14.619117647058824,30,253,8.030303030303031,50.6,Thursday,11,1,266,0.018726591760299626,0.0,1.0,1.0,30,4.232941176470588,3.412714665830464,3,4,2,342,Loyal
15810.0,79,4,1391.98,15.640224719101123,66,861,2.4545454545454546,215.25,Wednesday,19,1,218,0.0182648401826484,0.0,0.0,1.0,66,2.6612359550561795,3.6636162029242234,2,3,4,234,Regular
15811.0,22,6,2181.18,16.650229007633587,115,975,2.6153846153846154,162.5,Thursday,15,1,343,0.01744186046511628,1.0,1.0,1.0,115,3.5349618320610685,2.748810756573664,3,4,4,344,Loyal
15812.0,107,4,632.1800000000001,19.1569696969697,31,242,6.53125,60.5,Friday,15,1,210,0.018957345971563982,0.0,0.0,0.0,31,5.617575757575757,7.243266282513293,2,3,3,233,Regular
15813.0,208,2,1095.11,29.597567567567566,37,459,0.8611111111111112,229.5,Thursday,9,1,31,0.0625,0.0,0.0,0.0,37,3.9635135135135138,3.683250539202368,1,2,3,123,Regular
15814.0,17,4,1324.69,20.69828125,56,763,0.5079365079365079,190.75,Thursday,9,1,33,0.11764705882352941,1.0,4.0,4.0,56,3.5031250000000003,5.127309042360625,4,3,3,433,Regular
15815.0,64,3,602.58,25.1075,18,324,8.521739130434783,108.0,Friday,12,1,196,0.015228426395939087,0.0,0.0,1.0,18,3.2237500000000003,2.8312646006917888,2,3,3,233,Regular
15819.0,49,4,1805.3700000000001,15.171176470588236,92,1173,1.9152542372881356,293.25,Tuesday,14,1,227,0.017543859649122806,0.0,1.0,1.0,92,2.05109243697479,1.778877855162176,3,3,4,334,Loyal
15820.0,320,1,116.98,7.31125,16,56,0.0,56.0,Monday,12,1,0,1.0,0.0,0.0,0.0,16,2.311875,1.2266171298874533,1,1,1,111,Regular
15821.0,44,2,570.96,9.209032258064516,57,202,0.2786885245901639,101.0,Sunday,13,1,17,0.1111111111111111,0.0,1.0,2.0,57,3.696451612903226,3.287597207575717,3,2,2,322,At Risk
15822.0,3,2,885.47,26.832424242424242,28,375,11.125,187.5,Tuesday,14,1,356,0.0056022408963585435,1.0,1.0,1.0,28,3.369393939393939,2.8326709341559817,4,2,3,423,At Risk
15823.0,372,1,15.0,15.0,1,1,0.0,1.0,Thursday,15,1,0,1.0,0.0,0.0,0.0,1,15.0,0.0,1,1,1,111,Regular
15825.0,172,1,474.94,24.99684210526316,19,180,0.0,180.0,Monday,13,1,0,1.0,0.0,0.0,0.0,19,9.22842105263158,28.210562888385127,1,1,2,112,Regular
15826.0,56,3,1488.67,22.902615384615387,61,847,2.40625,282.3333333333333,Friday,16,1,154,0.01935483870967742,0.0,2.0,2.0,61,3.29,3.2572294592183706,2,3,4,234,Regular
15827.0,73,14,1836.09,15.966,72,882,2.587719298245614,63.0,Thursday,13,1,299,0.04666666666666667,0.0,0.0,1.0,72,4.353130434782609,3.8350954070378935,2,4,4,244,Regular
15829.0,99,2,543.32,12.936190476190477,37,642,1.0,321.0,Friday,10,1,41,0.047619047619047616,0.0,0.0,0.0,37,1.2211904761904762,1.9409391772189006,2,2,2,222,At Risk
15830.0,38,1,576.0,14.76923076923077,39,415,0.0,415.0,Wednesday,10,1,0,1.0,0.0,1.0,1.0,39,2.913846153846154,2.7735552098388614,3,1,2,312,At Risk
15831.0,58,3,466.97,8.490363636363638,52,371,4.888888888888889,123.66666666666667,Wednesday,13,1,265,0.011278195488721804,0.0,1.0,1.0,52,3.088181818181818,6.743268822372012,2,3,2,232,Regular
15832.0,254,1,836.79,15.49611111111111,54,465,0.0,465.0,Wednesday,15,1,0,1.0,0.0,0.0,0.0,54,2.310185185185185,1.4426358092973248,1,1,3,113,Regular
15834.0,70,4,2160.23,8.090749063670412,241,853,0.7744360902255639,213.25,Monday,17,1,206,0.01932367149758454,0.0,0.0,1.0,241,4.124456928838951,10.925368491618446,2,3,4,234,Regular
15835.0,44,4,954.09,19.0818,47,439,5.816326530612245,109.75,Thursday,10,1,286,0.013937282229965157,0.0,1.0,1.0,47,3.073,3.183130438382176,3,3,3,333,Loyal
15836.0,50,1,137.37,13.737,10,26,0.0,26.0,Thursday,17,1,0,1.0,0.0,1.0,1.0,10,9.244,6.8437176381781795,3,1,1,311,At Risk
15837.0,65,1,391.98,16.3325,24,189,0.0,189.0,Thursday,9,1,0,1.0,0.0,0.0,1.0,24,4.09125,3.5040688305975407,2,1,2,212,At Risk
15838.0,25,5,717.84,71.784,7,224,27.555555555555557,44.8,Wednesday,10,1,249,0.02,1.0,1.0,2.0,7,3.2410000000000005,1.190410293414278,3,4,3,343,Loyal
15839.0,33,3,1022.21,17.036833333333334,54,591,1.9322033898305084,197.0,Tuesday,12,1,114,0.02608695652173913,0.0,1.0,2.0,54,2.1875,1.314429211689383,3,3,3,333,Loyal
15840.0,59,2,334.8,13.392000000000001,24,312,4.708333333333333,156.0,Monday,11,1,113,0.017543859649122806,0.0,1.0,1.0,24,2.0987999999999998,2.1813151995986275,2,2,2,222,At Risk
15841.0,73,4,735.0,19.864864864864863,26,512,7.333333333333333,128.0,Wednesday,14,1,266,0.0149812734082397,0.0,0.0,2.0,26,1.4956756756756757,1.0456697495984213,2,3,3,233,Regular
15843.0,304,1,118.95,14.86875,8,27,0.0,27.0,Wednesday,10,1,0,1.0,0.0,0.0,0.0,8,7.14375,4.7979487804685865,1,1,1,111,Regular
15844.0,46,1,130.73999999999998,11.885454545454543,11,134,0.0,134.0,Monday,15,1,0,1.0,0.0,1.0,1.0,11,1.7936363636363637,3.053428475426508,3,1,1,311,At Risk
15845.0,18,8,3339.57,25.689,96,1618,2.441860465116279,202.25,Friday,10,1,319,0.025,1.0,2.0,3.0,96,2.822923076923077,2.2897975423025168,4,4,4,444,Champions
15847.0,38,2,328.79,15.656666666666668,21,161,12.45,80.5,Tuesday,14,1,249,0.008,0.0,1.0,1.0,21,3.4995238095238093,3.5273651302218147,3,2,2,322,At Risk
15850.0,19,2,212.92,2.3397802197802196,85,226,1.6444444444444444,113.0,Sunday,14,1,148,0.013422818791946308,1.0,1.0,1.0,85,1.6165934065934067,1.542533428256703,3,2,1,321,At Risk
15852.0,187,2,160.71,7.305000000000001,22,48,0.47619047619047616,24.0,Thursday,13,1,10,0.18181818181818182,0.0,0.0,0.0,22,3.355,4.01973790901134,1,2,1,121,Regular
15853.0,52,1,110.8,3.6933333333333334,29,135,0.0,135.0,Wednesday,10,1,0,1.0,0.0,1.0,1.0,29,1.4693333333333334,1.1165739882624741,2,1,1,211,At Risk
15854.0,4,11,2035.5300000000002,15.538396946564887,102,585,2.707692307692308,53.18181818181818,Monday,13,1,357,0.030726256983240222,2.0,2.0,3.0,102,2.9413740458015267,2.2370037527422117,4,4,4,444,Champions
15855.0,137,5,712.24,8.903,59,470,1.5949367088607596,94.0,Tuesday,10,1,126,0.03937007874015748,0.0,0.0,0.0,59,1.886,1.0012645169541328,2,4,3,243,Regular
15856.0,4,25,9689.68,17.6176,275,6158,0.6375227686703097,246.32,Friday,17,1,361,0.06906077348066299,5.0,7.0,8.0,275,1.7961090909090909,1.7048095863709865,4,4,4,444,Champions
15857.0,19,1,174.6,14.549999999999999,12,228,0.0,228.0,Monday,12,1,0,1.0,1.0,1.0,1.0,12,0.8166666666666668,0.24618298195866545,3,1,1,311,At Risk
15858.0,16,5,1386.95,7.456720430107527,144,1097,1.8864864864864865,219.4,Tuesday,13,1,351,0.014204545454545454,1.0,2.0,3.0,144,2.3219892473118278,2.800755075774807,4,4,4,444,Champions
15860.0,41,8,947.16,6.913576642335766,104,365,2.375,45.625,Friday,11,1,327,0.024390243902439025,0.0,1.0,2.0,104,3.4734306569343065,3.1638415401394653,3,4,3,343,Loyal
15861.0,12,8,2981.82,5.626075471698114,331,2150,0.4782608695652174,268.75,Sunday,15,1,254,0.03137254901960784,4.0,5.0,5.0,331,1.8996037735849056,7.2034155174340695,4,4,4,444,Champions
15862.0,8,4,771.44,5.357222222222223,139,393,2.5454545454545454,98.25,Thursday,11,1,365,0.01092896174863388,1.0,1.0,1.0,139,2.7874999999999996,2.7331649985119646,4,3,3,433,Regular
15863.0,26,2,68.84,3.8244444444444445,18,19,9.823529411764707,9.5,Monday,12,1,167,0.011904761904761904,1.0,1.0,1.0,18,3.708888888888889,2.9880898657422663,3,2,1,321,At Risk
15864.0,67,3,442.20000000000005,44.220000000000006,9,100,27.666666666666668,33.333333333333336,Thursday,16,1,249,0.012,0.0,0.0,1.0,9,3.8299999999999996,2.2344773189470706,2,3,2,232,Regular
15865.0,41,3,871.73,22.35205128205128,36,332,4.526315789473684,110.66666666666667,Tuesday,11,1,173,0.017241379310344827,0.0,1.0,2.0,36,5.738205128205128,5.210715109926383,3,3,3,333,Loyal
15866.0,101,1,211.89,4.927674418604651,43,124,0.0,124.0,Tuesday,14,1,0,1.0,0.0,0.0,0.0,43,3.6188372093023258,3.4976891754566064,2,1,1,211,At Risk
15867.0,5,15,3704.3,8.159251101321587,299,1788,0.7902869757174393,119.2,Monday,15,1,363,0.04120879120879121,2.0,2.0,3.0,299,3.457444933920705,3.114620948992256,4,4,4,444,Champions
15869.0,277,2,119.4,8.528571428571428,12,91,0.0,45.5,Monday,17,1,0,2.0,0.0,0.0,0.0,12,2.269285714285714,1.4313439853492955,1,2,1,121,Regular
15870.0,33,1,351.44,4.749189189189189,68,333,0.0,333.0,Monday,10,1,0,1.0,0.0,1.0,1.0,68,1.8147297297297296,1.6579722083803365,3,1,2,312,At Risk
15872.0,15,2,316.25,2.928240740740741,101,187,0.0,93.5,Friday,11,1,0,2.0,2.0,2.0,2.0,101,2.0899074074074075,1.9018276971054262,4,2,2,422,At Risk
15874.0,64,7,2202.4,23.93913043478261,82,754,2.3956043956043955,107.71428571428571,Friday,12,1,220,0.03167420814479638,0.0,0.0,1.0,82,7.205217391304347,22.04470221065863,2,4,4,244,Regular
15877.0,2,2,448.33,3.58664,121,268,0.12903225806451613,134.0,Tuesday,11,1,16,0.11764705882352941,2.0,2.0,2.0,121,1.90472,1.9108921983064318,4,2,2,422,At Risk
15880.0,369,1,329.03,3.427395833333333,95,202,0.0,202.0,Sunday,13,1,0,1.0,0.0,0.0,0.0,95,2.2252083333333332,2.127280437883898,1,1,2,112,Regular
15881.0,312,4,234.09,9.3636,23,71,2.1666666666666665,17.75,Monday,16,1,52,0.07547169811320754,0.0,0.0,0.0,23,3.6195999999999997,2.414250194159669,1,3,1,131,Regular
15882.0,199,4,425.76000000000005,20.274285714285718,21,192,8.45,48.0,Monday,13,1,169,0.023529411764705882,0.0,0.0,0.0,21,1.9895238095238095,1.354379844026321,1,3,2,132,Regular
15883.0,2,2,396.48,8.091428571428573,42,223,0.6458333333333334,111.5,Wednesday,17,1,31,0.0625,1.0,2.0,2.0,42,2.9546938775510205,2.786311855931314,4,2,2,422,At Risk
15885.0,93,3,379.35,21.075000000000003,18,111,12.647058823529411,37.0,Wednesday,14,1,216,0.013824884792626729,0.0,0.0,0.0,18,5.686111111111111,4.691005334227582,2,3,2,232,Regular
15886.0,60,1,114.45,11.445,10,35,0.0,35.0,Monday,14,1,0,1.0,0.0,1.0,1.0,10,3.44,2.813242494584022,2,1,1,211,At Risk
15888.0,81,1,168.31,14.025833333333333,11,76,0.0,76.0,Tuesday,12,1,0,1.0,0.0,0.0,1.0,11,2.464166666666667,3.455337000623642,2,1,1,211,At Risk
15889.0,157,2,420.07,4.942,79,206,2.5238095238095237,103.0,Sunday,15,1,212,0.009389671361502348,0.0,0.0,0.0,79,2.8614117647058825,3.094410149555076,1,2,2,122,Regular
15891.0,227,1,468.12,8.071034482758622,58,334,0.0,334.0,Wednesday,12,1,0,1.0,0.0,0.0,0.0,58,2.797758620689655,2.906462275388709,1,1,2,112,Regular
15894.0,253,2,258.25,6.97972972972973,35,164,3.1944444444444446,82.0,Sunday,14,1,115,0.017241379310344827,0.0,0.0,0.0,35,2.0862162162162163,1.799313682971852,1,2,2,122,Regular
15895.0,150,1,21.85,2.427777777777778,9,10,0.0,10.0,Wednesday,10,1,0,1.0,0.0,0.0,0.0,9,1.9555555555555557,1.3345327938187872,1,1,1,111,Regular
15897.0,194,2,90.53,4.5265,16,57,0.0,28.5,Sunday,13,1,0,2.0,0.0,0.0,0.0,16,2.2995,1.4599800827769067,1,2,1,121,Regular
15898.0,1,5,936.58,11.42170731707317,70,414,4.506172839506172,82.8,Monday,11,1,367,0.01358695652173913,1.0,1.0,1.0,70,3.3756097560975613,2.904855491427497,4,4,3,443,Champions
15899.0,369,1,56.25,14.0625,4,39,0.0,39.0,Monday,10,1,0,1.0,0.0,0.0,0.0,4,4.125,5.7592678932887535,1,1,1,111,Regular
15900.0,24,1,337.28000000000003,7.176170212765958,44,216,0.0,216.0,Wednesday,12,1,0,1.0,1.0,1.0,1.0,44,1.963191489361702,1.3505137611503368,3,1,2,312,At Risk
15901.0,17,3,334.61,3.069816513761468,100,289,1.2777777777777777,96.33333333333333,Friday,12,1,138,0.02158273381294964,1.0,1.0,2.0,100,2.1186238532110093,2.4477164217444813,4,3,2,432,Regular
15903.0,10,7,2366.64,42.26142857142857,35,1278,5.127272727272727,182.57142857142858,Friday,14,1,285,0.024475524475524476,3.0,3.0,5.0,35,2.121785714285714,2.622447924532176,4,4,4,444,Champions
15904.0,8,1,164.68,5.489333333333334,30,84,0.0,84.0,Thursday,14,1,0,1.0,1.0,1.0,1.0,30,2.953333333333333,3.78544156157402,4,1,1,411,At Risk
15906.0,20,7,1567.69,10.451266666666667,113,544,1.563758389261745,77.71428571428571,Sunday,13,1,235,0.029661016949152543,2.0,2.0,3.0,113,3.3830666666666667,2.811109539161239,3,4,4,344,Loyal
15907.0,4,3,882.72,3.905840707964602,175,478,0.9111111111111111,159.33333333333334,Tuesday,12,1,206,0.014492753623188406,1.0,1.0,1.0,175,2.5504867256637165,2.2578775150916273,4,3,3,433,Regular
15909.0,174,1,191.94,27.419999999999998,7,98,0.0,98.0,Sunday,10,1,0,1.0,0.0,0.0,0.0,7,1.8599999999999999,0.7782673062643707,1,1,1,111,Regular
15910.0,1,8,1228.88,4.6198496240601505,215,1013,1.181132075471698,126.625,Thursday,11,1,315,0.02531645569620253,2.0,2.0,3.0,215,1.8133458646616543,1.7442417633409748,4,4,3,443,Champions
15912.0,178,2,264.62,13.927368421052632,19,185,3.0,92.5,Wednesday,17,1,54,0.03636363636363636,0.0,0.0,0.0,19,2.0957894736842104,2.14539381463708,1,2,2,122,Regular
15916.0,16,8,1498.54,9.990266666666667,123,716,2.3288590604026846,89.5,Wednesday,13,1,350,0.022792022792022793,2.0,2.0,3.0,123,3.6826,3.4863186926679037,4,4,4,444,Champions
15917.0,248,1,123.1,10.258333333333333,12,42,0.0,42.0,Wednesday,10,1,0,1.0,0.0,0.0,0.0,12,5.1499999999999995,4.842238400499579,1,1,1,111,Regular
15918.0,191,2,334.23,8.35575,33,153,2.051282051282051,76.5,Sunday,15,1,80,0.024691358024691357,0.0,0.0,0.0,33,2.5142499999999997,1.3494365158303707,1,2,2,122,Regular
15919.0,20,2,525.69,4.308934426229508,103,385,2.884297520661157,192.5,Sunday,11,1,349,0.005714285714285714,1.0,1.0,1.0,103,2.5459016393442626,2.087139983939571,3,2,2,322,At Risk
15920.0,154,4,167.5,2.7916666666666665,53,99,0.0,24.75,Friday,15,1,0,4.0,0.0,0.0,0.0,53,2.1593333333333335,1.7286762513324765,1,3,1,131,Regular
15921.0,173,1,241.91,10.517826086956521,23,114,0.0,114.0,Monday,11,1,0,1.0,0.0,0.0,0.0,23,3.9017391304347826,3.813397020760448,1,1,1,111,Regular
15922.0,373,1,248.9,27.655555555555555,9,66,0.0,66.0,Wednesday,13,1,0,1.0,0.0,0.0,0.0,9,5.016666666666667,3.483891502328969,1,1,1,111,Regular
15923.0,373,1,96.2,5.063157894736842,19,42,0.0,42.0,Thursday,12,1,0,1.0,0.0,0.0,0.0,19,3.0657894736842106,2.6509983775288926,1,1,1,111,Regular
15925.0,194,1,207.15,17.2625,12,93,0.0,93.0,Sunday,15,1,0,1.0,0.0,0.0,0.0,12,2.8958333333333335,3.2438373973746066,1,1,1,111,Regular
15930.0,67,1,426.63,20.315714285714286,21,139,0.0,139.0,Monday,14,1,0,1.0,0.0,0.0,1.0,21,4.022857142857143,2.1234739057900915,2,1,2,212,At Risk
15932.0,4,8,1703.1100000000001,17.92747368421053,84,1397,3.0,174.625,Monday,14,1,285,0.027972027972027972,1.0,1.0,2.0,84,1.5996842105263158,1.7194831315373982,4,4,4,444,Champions
15933.0,21,3,1060.9,14.734722222222224,61,741,0.9014084507042254,247.0,Friday,13,1,65,0.045454545454545456,1.0,1.0,3.0,61,2.1855555555555557,1.915430219675876,3,3,3,333,Loyal
15935.0,239,2,416.86,34.73833333333334,12,115,0.18181818181818182,57.5,Thursday,13,1,2,0.6666666666666666,0.0,0.0,0.0,12,27.295,88.68903104258568,1,2,2,122,Regular
15937.0,64,1,145.35000000000002,20.764285714285716,7,73,0.0,73.0,Thursday,15,1,0,1.0,0.0,0.0,1.0,7,2.3714285714285714,1.234185677162997,2,1,1,211,At Risk
15938.0,112,5,314.58000000000004,19.661250000000003,13,168,13.933333333333334,33.6,Thursday,10,1,211,0.02358490566037736,0.0,0.0,0.0,13,2.454375,1.893571471232778,2,4,2,242,Regular
15939.0,90,12,888.91,26.144411764705882,17,618,7.212121212121212,51.5,Thursday,12,1,241,0.049586776859504134,0.0,0.0,1.0,17,2.0158823529411767,2.8667520610752413,2,4,3,243,Regular
15940.0,311,1,35.8,35.8,1,4,0.0,4.0,Tuesday,16,1,0,1.0,0.0,0.0,0.0,1,8.95,0.0,1,1,1,111,Regular
15942.0,134,1,292.44,22.495384615384616,13,196,0.0,196.0,Friday,9,1,0,1.0,0.0,0.0,0.0,13,2.766153846153846,3.0107904235198726,2,1,2,212,At Risk
15944.0,277,1,325.1,54.18333333333334,6,50,0.0,50.0,Tuesday,10,1,0,1.0,0.0,0.0,0.0,6,5.083333333333333,3.2290349435499555,1,1,2,112,Regular
15945.0,365,1,13.6,13.6,1,16,0.0,16.0,Thursday,13,1,0,1.0,0.0,0.0,0.0,1,0.85,0.0,1,1,1,111,Regular
15947.0,83,1,572.04,30.10736842105263,19,182,0.0,182.0,Sunday,10,1,0,1.0,0.0,0.0,1.0,19,5.4126315789473685,3.4535743836483115,2,1,2,212,At Risk
15948.0,8,2,931.84,15.793898305084745,50,531,0.603448275862069,265.5,Thursday,8,1,35,0.05555555555555555,1.0,2.0,2.0,50,2.553220338983051,1.5295902546647584,4,2,3,423,At Risk
15949.0,17,2,349.6,19.422222222222224,12,248,3.176470588235294,124.0,Thursday,17,1,54,0.03636363636363636,1.0,1.0,2.0,12,1.9027777777777777,1.3725879616324417,4,2,2,422,At Risk
15950.0,32,4,1744.71,17.986701030927836,86,719,3.3958333333333335,179.75,Thursday,11,1,327,0.012195121951219513,0.0,1.0,2.0,86,3.347938144329897,2.4222445419763092,3,3,4,334,Loyal
15951.0,9,2,708.22,17.273658536585366,36,313,6.9,156.5,Sunday,11,1,276,0.007220216606498195,1.0,1.0,1.0,36,3.700731707317073,3.578491574842606,4,2,3,423,At Risk
15952.0,34,4,763.19,9.195060240963857,64,343,2.317073170731707,85.75,Sunday,12,1,191,0.020833333333333332,0.0,1.0,2.0,64,3.314578313253012,2.671742968689814,3,3,3,333,Loyal
15953.0,15,8,1055.48,11.859325842696629,61,631,3.977272727272727,78.875,Wednesday,14,1,354,0.022535211267605635,2.0,3.0,4.0,61,2.761123595505618,2.592896519252275,4,4,3,443,Champions
15955.0,24,14,4033.6600000000003,22.53441340782123,134,1859,1.9325842696629214,132.78571428571428,Thursday,14,1,348,0.04011461318051576,1.0,3.0,6.0,134,2.8645251396648046,2.376351223706081,3,4,4,344,Loyal
15957.0,32,1,428.89,10.211666666666666,40,211,0.0,211.0,Tuesday,12,1,0,1.0,0.0,1.0,1.0,40,2.787857142857143,2.098941121792751,3,1,2,312,At Risk
15958.0,74,1,104.35,14.907142857142857,7,33,0.0,33.0,Monday,13,1,0,1.0,0.0,0.0,1.0,7,3.9842857142857144,3.1362762269016695,2,1,1,211,At Risk
15963.0,20,2,470.76,16.812857142857144,26,298,0.9259259259259259,149.0,Tuesday,13,1,25,0.07692307692307693,1.0,2.0,2.0,26,2.41,2.2835790622033065,3,2,2,322,At Risk
15965.0,17,4,793.75,7.215909090909091,87,398,3.2018348623853212,99.5,Friday,10,1,350,0.011396011396011397,3.0,3.0,3.0,87,2.325818181818182,1.7522763081822592,4,3,3,433,Regular
15967.0,23,2,397.68,4.971,73,205,3.7341772151898733,102.5,Wednesday,15,1,295,0.006756756756756757,1.0,1.0,1.0,73,2.799125,2.371675257804283,3,2,2,322,At Risk
15969.0,3,3,666.1,33.305,20,124,9.578947368421053,41.333333333333336,Tuesday,12,1,182,0.01639344262295082,1.0,2.0,2.0,20,7.0825000000000005,5.157704380214535,4,3,3,433,Regular
15970.0,304,1,314.09999999999997,28.55454545454545,11,116,0.0,116.0,Wednesday,12,1,0,1.0,0.0,0.0,0.0,11,2.6,1.2359207094308275,1,1,2,112,Regular
15971.0,53,7,273.05,22.754166666666666,7,127,19.545454545454547,18.142857142857142,Monday,12,1,217,0.03211009174311927,0.0,1.0,3.0,7,2.4,0.8402921569852413,2,4,2,242,Regular
15973.0,367,1,231.5,77.16666666666667,3,34,0.0,34.0,Wednesday,11,1,0,1.0,0.0,0.0,0.0,3,5.55,4.88159809898357,1,1,1,111,Regular
15974.0,39,7,3271.71,19.24535294117647,137,1862,1.455621301775148,266.0,Thursday,10,1,249,0.028,0.0,1.0,1.0,137,2.9024117647058825,2.7791952255348886,3,4,4,344,Loyal
15975.0,84,1,371.01,15.45875,24,243,0.0,243.0,Friday,13,1,0,1.0,0.0,0.0,1.0,24,2.1433333333333335,1.4058841150420387,2,1,2,212,At Risk
15976.0,165,2,420.08,4.421894736842105,82,239,0.574468085106383,119.5,Tuesday,17,1,54,0.03636363636363636,0.0,0.0,0.0,82,2.4467368421052633,1.9281804023622249,1,2,2,122,Regular
15977.0,17,2,768.17,13.476666666666667,43,440,0.375,220.0,Tuesday,13,1,21,0.09090909090909091,1.0,2.0,2.0,43,3.3354385964912283,3.166732244407383,4,2,3,423,At Risk
15978.0,77,1,1014.1800000000001,22.047391304347826,46,756,0.0,756.0,Friday,15,1,0,1.0,0.0,0.0,1.0,46,2.04804347826087,2.1070280487140254,2,1,3,213,At Risk
15980.0,89,3,1250.0,43.10344827586207,29,530,5.892857142857143,176.66666666666666,Monday,9,1,165,0.018072289156626505,0.0,0.0,2.0,29,2.377586206896552,1.3927046019793232,2,3,3,233,Regular
15981.0,25,8,2328.48,27.72,47,1306,3.4216867469879517,163.25,Friday,10,1,286,0.027874564459930314,1.0,1.0,2.0,47,2.246547619047619,1.7673603583478164,3,4,4,344,Loyal
15983.0,22,4,1201.76,11.337358490566038,81,670,3.3333333333333335,167.5,Thursday,12,1,351,0.011363636363636364,1.0,1.0,1.0,81,2.156320754716981,1.7631083619949643,3,3,3,333,Loyal
15984.0,3,9,2022.21,8.08884,211,1079,1.4538152610441768,119.88888888888889,Sunday,14,1,365,0.02459016393442623,2.0,2.0,2.0,211,2.78628,3.2152102371503344,4,4,4,444,Champions
15985.0,123,2,620.1800000000001,22.149285714285718,23,488,4.185185185185185,244.0,Sunday,11,1,113,0.017543859649122806,0.0,0.0,0.0,23,2.0532142857142857,2.167921095959647,2,2,3,223,At Risk
15986.0,30,1,126.11999999999999,11.465454545454545,11,148,0.0,148.0,Wednesday,15,1,0,1.0,1.0,1.0,1.0,11,1.0445454545454547,0.5778644068700484,3,1,1,311,At Risk
15987.0,12,6,937.59,7.561209677419355,109,459,2.8780487804878048,76.5,Thursday,12,1,356,0.01680672268907563,1.0,1.0,1.0,109,2.2968548387096774,2.25198606724144,4,4,3,443,Champions
15988.0,19,1,152.78,6.1112,25,80,0.0,80.0,Sunday,13,1,0,1.0,1.0,1.0,1.0,25,3.6763999999999997,4.258908193422347,3,1,1,311,At Risk
15990.0,44,2,709.91,14.1982,50,335,4.959183673469388,167.5,Wednesday,15,1,243,0.00819672131147541,0.0,1.0,1.0,50,3.147,2.95706435368538,3,2,3,323,At Risk
15992.0,4,1,41.989999999999995,13.996666666666664,3,17,0.0,17.0,Tuesday,11,1,0,1.0,1.0,1.0,1.0,3,6.109999999999999,7.655664569454438,4,1,1,411,At Risk
15993.0,9,7,2748.63,5.080646950092421,333,1953,0.05925925925925926,279.0,Wednesday,16,1,35,0.19444444444444445,4.0,7.0,7.0,333,2.248743068391867,2.6171252058553027,4,4,4,444,Champions
15994.0,55,1,369.27,11.911935483870968,30,137,0.0,137.0,Sunday,12,1,0,1.0,0.0,1.0,1.0,30,3.5058064516129033,3.169702167074533,2,1,2,212,At Risk
15996.0,88,6,1032.58,8.130551181102362,103,380,2.1984126984126986,63.333333333333336,Monday,15,1,277,0.02158273381294964,0.0,0.0,1.0,103,3.919763779527559,4.16400075945111,2,4,3,243,Regular
15998.0,37,5,3072.66,6.108667992047714,369,1996,0.6434262948207171,399.2,Tuesday,12,1,325,0.015337423312883436,0.0,1.0,2.0,369,2.5601988071570574,2.557880402136121,3,4,4,344,Loyal
16003.0,30,5,2588.37,25.627425742574257,81,1109,3.28,221.8,Thursday,9,1,329,0.015151515151515152,2.0,2.0,2.0,81,5.080198019801981,17.32732079579517,3,4,4,344,Loyal
16005.0,12,4,578.71,2.8791542288557217,173,280,1.29,70.0,Sunday,13,1,258,0.015444015444015444,2.0,2.0,2.0,173,2.396169154228856,2.0973818801648356,4,3,3,433,Regular
16006.0,211,1,101.4,12.675,8,84,0.0,84.0,Thursday,13,1,0,1.0,0.0,0.0,0.0,8,1.5775000000000001,1.2768683789423472,1,1,1,111,Regular
16007.0,48,4,1665.97,4.395699208443272,220,1292,0.43915343915343913,323.0,Sunday,13,1,167,0.023809523809523808,0.0,1.0,2.0,220,1.7990501319261214,1.679655622652351,3,3,4,334,Loyal
16008.0,24,3,460.06,14.376875,29,275,5.806451612903226,91.66666666666667,Wednesday,10,1,180,0.016574585635359115,1.0,1.0,2.0,29,2.1653125,1.5996430738479372,3,3,2,332,Loyal
16009.0,22,4,972.11,11.855,68,366,1.691358024691358,91.5,Sunday,11,1,137,0.028985507246376812,1.0,3.0,3.0,68,3.4603658536585367,2.8738778572814674,3,3,3,333,Loyal
16010.0,246,3,392.4,4.9670886075949365,62,202,1.4743589743589745,67.33333333333333,Sunday,11,1,116,0.02564102564102564,0.0,0.0,0.0,62,2.2455696202531645,1.4639030607840573,1,3,2,132,Regular
16011.0,8,16,3288.58,15.810480769230768,98,1933,1.6956521739130435,120.8125,Thursday,16,1,357,0.0446927374301676,2.0,3.0,4.0,98,2.131778846153846,1.741843159807099,4,4,4,444,Champions
16012.0,35,3,1276.37,14.026043956043955,84,651,1.3222222222222222,217.0,Friday,13,1,119,0.025,0.0,1.0,1.0,84,2.6421978021978023,2.820819345981196,3,3,3,333,Loyal
16013.0,8,8,1045.1,24.883333333333333,12,702,4.2439024390243905,87.75,Friday,12,1,176,0.04519774011299435,3.0,4.0,5.0,12,1.4976190476190476,1.5080334626613519,4,4,3,443,Champions
16014.0,38,3,646.83,4.687173913043479,123,258,1.8394160583941606,86.0,Sunday,16,1,253,0.011811023622047244,0.0,1.0,1.0,123,2.8318840579710147,2.210075980701552,3,3,3,333,Loyal
16015.0,4,3,583.35,3.295762711864407,143,679,0.25,226.33333333333334,Friday,12,1,45,0.06521739130434782,2.0,3.0,3.0,143,1.26954802259887,1.2797570877501074,4,3,3,433,Regular
16016.0,3,8,1465.51,6.542455357142857,156,602,1.6143497757847534,75.25,Wednesday,12,1,363,0.02197802197802198,2.0,3.0,4.0,156,3.0029464285714282,2.331963755455578,4,4,4,444,Champions
16017.0,47,1,211.88,6.62125,26,102,0.0,102.0,Sunday,12,1,0,1.0,0.0,1.0,1.0,26,2.675625,3.5008901517812165,3,1,1,311,At Risk
16018.0,39,2,394.86,14.624444444444444,25,154,5.423076923076923,77.0,Sunday,13,1,141,0.014084507042253521,0.0,1.0,1.0,25,3.411851851851852,2.5624147821282786,3,2,2,322,At Risk
16019.0,47,9,3515.28,22.533846153846156,130,1593,2.0258064516129033,177.0,Tuesday,10,1,317,0.02830188679245283,0.0,2.0,2.0,130,3.3658333333333337,2.9559935742069343,3,4,4,344,Loyal
16020.0,17,3,749.01,16.644666666666666,41,447,1.0909090909090908,149.0,Wednesday,13,1,48,0.061224489795918366,2.0,2.0,3.0,41,2.4422222222222225,2.178121468447784,4,3,3,433,Regular
16022.0,260,1,602.63,8.48774647887324,68,255,0.0,255.0,Thursday,13,1,0,1.0,0.0,0.0,0.0,68,3.2222535211267607,2.659047196262547,1,1,3,113,Regular
16023.0,46,3,719.81,7.126831683168317,90,358,2.2,119.33333333333333,Tuesday,14,1,220,0.013574660633484163,0.0,1.0,1.0,90,3.1293069306930694,2.9438757641672795,3,3,3,333,Loyal
16024.0,12,1,224.39,3.739833333333333,58,277,0.0,277.0,Sunday,13,1,0,1.0,1.0,1.0,1.0,58,1.174,1.106632087132479,4,1,1,411,At Risk
16025.0,30,1,439.65999999999997,15.702142857142857,28,338,0.0,338.0,Thursday,11,1,0,1.0,1.0,1.0,1.0,28,1.9764285714285712,1.6280122264663153,3,1,2,312,At Risk
16026.0,43,1,236.09,7.3778125,30,243,0.0,243.0,Thursday,13,1,0,1.0,0.0,1.0,1.0,30,1.285625,0.7317056410615476,3,1,1,311,At Risk
16027.0,137,4,280.5,35.0625,8,31,23.285714285714285,7.75,Thursday,13,1,165,0.024096385542168676,0.0,0.0,0.0,8,26.39375,56.179021488070994,2,3,2,232,Regular
16029.0,66,22,10326.9,368.8178571428571,9,474,11.0,21.545454545454547,Tuesday,10,1,306,0.07166123778501629,0.0,0.0,3.0,9,295.6671428571429,1537.8851296380703,2,4,4,244,Regular
16030.0,310,1,320.8,11.457142857142857,27,247,0.0,247.0,Thursday,11,1,0,1.0,0.0,0.0,0.0,27,2.386071428571429,1.946490363564571,1,1,2,112,Regular
16031.0,92,2,547.9,5.590816326530612,91,421,1.5876288659793814,210.5,Thursday,13,1,154,0.012903225806451613,0.0,0.0,0.0,91,2.8360204081632654,4.514702611433261,2,2,2,222,At Risk
16033.0,6,20,8778.82,7.782641843971631,538,3529,0.3149955634427684,176.45,Sunday,12,1,364,0.0547945205479452,1.0,2.0,4.0,538,3.340168439716312,2.789917814030983,4,4,4,444,Champions
16034.0,196,3,407.1,19.385714285714286,17,206,6.8,68.66666666666667,Sunday,15,1,136,0.021897810218978103,0.0,0.0,0.0,17,2.6357142857142857,1.971873655761371,1,3,2,132,Regular
16036.0,87,2,615.64,11.839230769230769,52,500,3.450980392156863,250.0,Tuesday,14,1,176,0.011299435028248588,0.0,0.0,1.0,52,2.1923076923076925,2.0679824546839956,2,2,3,223,At Risk
16037.0,270,3,855.02,21.923589743589744,37,428,2.3157894736842106,142.66666666666666,Tuesday,10,1,88,0.033707865168539325,0.0,0.0,0.0,37,3.1225641025641027,5.608316999613266,1,3,3,133,Regular
16038.0,8,3,471.78,18.145384615384614,24,244,7.72,81.33333333333333,Sunday,11,1,194,0.015384615384615385,1.0,1.0,1.0,24,3.19,2.615614650517159,4,3,2,432,Regular
16040.0,65,3,1258.1100000000001,20.624754098360658,54,516,3.3666666666666667,172.0,Wednesday,16,1,203,0.014705882352941176,0.0,0.0,1.0,54,4.1472131147540985,3.3069825778936006,2,3,3,233,Regular
16042.0,22,5,1154.07,16.725652173913044,67,707,4.544117647058823,141.4,Thursday,13,1,310,0.01607717041800643,1.0,3.0,3.0,67,3.0256521739130435,3.3477479165152157,3,4,3,343,Loyal
16043.0,38,4,695.99,18.81054054054054,30,383,7.75,95.75,Wednesday,11,1,280,0.014234875444839857,0.0,1.0,1.0,30,4.715405405405406,5.46390712595676,3,3,3,333,Loyal
16045.0,120,4,1340.7,16.15301204819277,71,897,2.0609756097560976,224.25,Tuesday,14,1,170,0.023391812865497075,0.0,0.0,0.0,71,2.8589156626506025,2.9710719146578666,2,3,3,233,Regular
16048.0,373,2,256.44,32.055,8,144,0.0,72.0,Wednesday,15,1,0,2.0,0.0,0.0,0.0,8,1.62125,0.6043044998768656,1,2,2,122,Regular
16049.0,40,3,1059.69,3.5560067114093963,247,727,0.11447811447811448,242.33333333333334,Friday,16,1,34,0.08571428571428572,0.0,2.0,3.0,247,2.057785234899329,2.0585957901252305,3,3,3,333,Loyal
16050.0,174,1,93.38,15.563333333333333,6,50,0.0,50.0,Sunday,11,1,0,1.0,0.0,0.0,0.0,6,4.1450000000000005,2.9332831435100157,1,1,1,111,Regular
16052.0,54,1,343.34,10.404242424242424,33,234,0.0,234.0,Sunday,15,1,0,1.0,0.0,1.0,1.0,33,2.5521212121212122,2.570168717195135,2,1,2,212,At Risk
16053.0,33,2,1252.75,15.85759493670886,76,737,1.141025641025641,368.5,Tuesday,14,1,89,0.022222222222222223,0.0,1.0,1.0,76,3.0437974683544304,3.614724624684597,3,2,3,323,At Risk
16054.0,145,1,770.46,11.16608695652174,69,348,0.0,348.0,Sunday,13,1,0,1.0,0.0,0.0,0.0,69,4.05,3.002374060639347,1,1,3,113,Regular
16055.0,221,1,134.8,16.85,8,22,0.0,22.0,Tuesday,9,1,0,1.0,0.0,0.0,0.0,8,8.9875,7.60712776658463,1,1,1,111,Regular
16056.0,45,1,609.95,9.383846153846154,65,297,0.0,297.0,Tuesday,15,1,0,1.0,0.0,1.0,1.0,65,3.7096923076923076,3.068803700767801,3,1,3,313,At Risk
16057.0,16,7,2263.12,18.703471074380165,109,863,2.2333333333333334,123.28571428571429,Monday,15,1,268,0.026022304832713755,1.0,1.0,1.0,109,4.028181818181818,2.9989898299260704,4,4,4,444,Champions
16059.0,66,6,1453.16,8.163820224719101,126,641,1.689265536723164,106.83333333333333,Wednesday,10,1,301,0.019867549668874173,0.0,0.0,2.0,126,3.106629213483146,2.415060534886102,2,4,4,244,Regular
16062.0,10,4,949.62,15.316451612903226,49,720,5.786885245901639,180.0,Friday,12,1,355,0.011235955056179775,1.0,1.0,1.0,49,2.7280645161290322,4.240158069551868,4,3,3,433,Regular
16063.0,260,1,335.32,14.57913043478261,23,262,0.0,262.0,Thursday,14,1,0,1.0,0.0,0.0,0.0,23,2.242608695652174,1.6388305625195734,1,1,2,112,Regular
16065.0,365,1,326.34,4.5325,70,180,0.0,180.0,Thursday,13,1,0,1.0,0.0,0.0,0.0,70,1.8905555555555555,1.4453381970709704,1,1,2,112,Regular
16066.0,17,5,1316.44,13.712916666666667,76,635,1.1157894736842104,127.0,Sunday,11,1,107,0.046296296296296294,1.0,3.0,4.0,76,3.2538541666666667,3.0461773697508905,4,4,3,443,Champions
16070.0,22,2,852.15,25.82272727272727,32,457,0.28125,228.5,Monday,16,1,9,0.2,1.0,2.0,2.0,32,2.1045454545454545,1.647075231488173,3,2,3,323,At Risk
16071.0,45,1,326.24,15.535238095238096,21,180,0.0,180.0,Wednesday,11,1,0,1.0,0.0,1.0,1.0,21,2.737142857142857,2.441907334149154,3,1,2,312,At Risk
16072.0,288,1,577.6,26.254545454545454,22,92,0.0,92.0,Thursday,14,1,0,1.0,0.0,0.0,0.0,22,8.774999999999999,4.843693740072657,1,1,3,113,Regular
16076.0,3,9,2107.4100000000003,16.99524193548387,68,1135,1.6341463414634145,126.11111111111111,Thursday,12,1,205,0.043689320388349516,2.0,4.0,5.0,68,2.6251612903225805,1.9013933632316622,4,4,4,444,Champions
16078.0,284,1,79.2,79.2,1,16,0.0,16.0,Tuesday,9,1,0,1.0,0.0,0.0,0.0,1,4.95,0.0,1,1,1,111,Regular
16079.0,17,3,159.14,15.913999999999998,10,102,2.5555555555555554,34.0,Sunday,13,1,23,0.125,2.0,3.0,3.0,10,4.346,4.537461845569613,4,3,1,431,Regular
16080.0,82,2,217.16,21.716,10,128,21.333333333333332,64.0,Thursday,14,1,192,0.010362694300518135,0.0,0.0,1.0,10,1.7919999999999998,1.2054210882509069,2,2,1,221,At Risk
16081.0,56,5,2619.62,11.907363636363636,175,1365,1.4063926940639269,273.0,Tuesday,13,1,310,0.01607717041800643,0.0,1.0,2.0,175,2.8295,2.47384680481606,2,4,4,244,Regular
16083.0,101,2,606.14,27.55181818181818,22,410,12.333333333333334,205.0,Tuesday,11,1,259,0.007692307692307693,0.0,0.0,0.0,22,1.595909090909091,1.039270160993987,2,2,3,223,At Risk
16084.0,299,1,436.18,11.47842105263158,38,216,0.0,216.0,Sunday,16,1,0,1.0,0.0,0.0,0.0,38,2.6457894736842107,2.6721280431156584,1,1,2,112,Regular
16085.0,23,5,939.75,5.7301829268292686,122,492,1.8159509202453987,98.4,Wednesday,12,1,297,0.016778523489932886,1.0,2.0,3.0,122,2.4254878048780486,2.295095946743478,3,4,3,343,Loyal
16086.0,59,5,942.51,26.180833333333332,24,419,8.714285714285714,83.8,Tuesday,13,1,307,0.016233766233766232,0.0,1.0,1.0,24,3.326111111111111,2.6753213721802553,2,4,3,243,Regular
16091.0,155,2,315.06,17.503333333333334,16,154,2.5294117647058822,77.0,Wednesday,9,1,43,0.045454545454545456,0.0,0.0,0.0,16,2.841666666666667,1.719665665180299,1,2,2,122,Regular
16092.0,115,3,817.86,16.036470588235293,37,628,2.76,209.33333333333334,Wednesday,15,1,139,0.02142857142857143,0.0,0.0,0.0,37,2.176862745098039,2.5051854144522543,2,3,3,233,Regular
16093.0,107,1,17.0,17.0,1,20,0.0,20.0,Thursday,11,1,0,1.0,0.0,0.0,0.0,1,0.85,0.0,2,1,1,211,At Risk
16094.0,12,4,1078.23,17.114761904761906,48,647,3.338709677419355,161.75,Thursday,16,1,207,0.019230769230769232,3.0,3.0,3.0,48,3.607936507936508,3.6921364384018505,4,3,3,433,Regular
16096.0,264,1,320.62,26.718333333333334,12,155,0.0,155.0,Sunday,13,1,0,1.0,0.0,0.0,0.0,12,13.269166666666669,35.351499507435925,1,1,2,112,Regular
16097.0,240,1,185.04999999999998,18.505,10,87,0.0,87.0,Wednesday,13,1,0,1.0,0.0,0.0,0.0,10,5.359999999999999,5.244351458686023,1,1,1,111,Regular
16098.0,88,7,1721.01,26.89078125,33,479,4.476190476190476,68.42857142857143,Tuesday,9,1,286,0.024390243902439025,0.0,0.0,1.0,33,4.52125,4.162323259987735,2,4,4,244,Regular
16099.0,50,3,731.9,18.766666666666666,29,434,4.605263157894737,144.66666666666666,Thursday,8,1,175,0.017045454545454544,0.0,1.0,1.0,29,1.8684615384615386,0.7646827290539263,3,3,3,333,Loyal
16101.0,71,1,1290.7,16.982894736842105,76,757,0.0,757.0,Friday,10,1,0,1.0,0.0,0.0,1.0,76,2.4839473684210525,1.9583102096432479,2,1,3,213,At Risk
16102.0,42,3,1712.54,31.137090909090908,40,798,1.5740740740740742,266.0,Wednesday,12,1,86,0.034482758620689655,0.0,1.0,1.0,40,2.660545454545455,2.23257401534792,3,3,4,334,Loyal
16103.0,7,6,1352.6,30.74090909090909,27,390,5.209302325581396,65.0,Wednesday,11,1,226,0.02643171806167401,1.0,1.0,2.0,27,4.985227272727273,3.3091588818437554,4,4,4,444,Champions
16104.0,62,1,298.21,10.650357142857143,28,122,0.0,122.0,Sunday,10,1,0,1.0,0.0,0.0,1.0,28,3.3332142857142855,3.28362272111203,2,1,2,212,At Risk
16105.0,249,1,165.6,15.054545454545455,11,186,0.0,186.0,Tuesday,10,1,0,1.0,0.0,0.0,0.0,11,1.1663636363636363,0.7023997825636442,1,1,1,111,Regular
16106.0,66,1,108.38,18.063333333333333,6,74,0.0,74.0,Wednesday,10,1,0,1.0,0.0,0.0,1.0,6,1.5133333333333334,0.433666538560063,2,1,1,211,At Risk
16107.0,29,6,892.9000000000001,52.52352941176471,11,174,9.5,29.0,Thursday,18,1,154,0.03870967741935484,1.0,2.0,3.0,11,5.826470588235294,7.827238450737648,3,4,3,343,Loyal
16108.0,85,1,828.58,17.62936170212766,47,567,0.0,567.0,Friday,11,1,0,1.0,0.0,0.0,1.0,47,1.996595744680851,1.4924218377257248,2,1,3,213,At Risk
16109.0,219,2,339.71999999999997,28.31,12,204,8.090909090909092,102.0,Thursday,9,1,89,0.022222222222222223,0.0,0.0,0.0,12,1.9833333333333332,2.9232028926359437,1,2,2,122,Regular
16110.0,45,3,1320.95,3.8624269005847953,283,720,0.7771260997067448,240.0,Tuesday,14,1,266,0.011235955056179775,0.0,1.0,1.0,283,2.2987719298245612,1.8591715149563266,3,3,3,333,Loyal
16112.0,143,2,100.7,8.391666666666667,12,190,17.181818181818183,95.0,Monday,16,1,189,0.010526315789473684,0.0,0.0,0.0,12,0.6583333333333333,0.3646625671477508,2,2,1,221,At Risk
16113.0,183,1,126.10000000000001,4.503571428571429,28,56,0.0,56.0,Thursday,16,1,0,1.0,0.0,0.0,0.0,28,2.817857142857143,3.1441955423391854,1,1,1,111,Regular
16114.0,171,1,135.75000000000003,16.968750000000004,8,43,0.0,43.0,Wednesday,10,1,0,1.0,0.0,0.0,0.0,8,3.34375,1.0338684290428006,1,1,1,111,Regular
16115.0,10,8,1660.8799999999999,5.952974910394265,169,994,1.0035971223021583,124.25,Sunday,12,1,282,0.028268551236749116,1.0,2.0,3.0,169,2.3796774193548385,2.0297225516248796,4,4,4,444,Champions
16116.0,212,1,612.78,18.02294117647059,34,248,0.0,248.0,Thursday,12,1,0,1.0,0.0,0.0,0.0,34,4.36735294117647,3.856478460212373,1,1,3,113,Regular
16117.0,190,1,232.21,7.740333333333334,30,130,0.0,130.0,Friday,11,1,0,1.0,0.0,0.0,0.0,30,2.449,2.2475463249416285,1,1,1,111,Regular
16119.0,8,2,363.96000000000004,24.264000000000003,13,204,4.571428571428571,102.0,Wednesday,10,1,64,0.03076923076923077,1.0,1.0,2.0,13,2.164,1.219530354568629,4,2,2,422,At Risk
16120.0,59,3,588.1,29.405,18,322,0.0,107.33333333333333,Tuesday,14,1,0,3.0,0.0,3.0,3.0,18,2.0309999999999997,1.2413655469089802,2,3,3,233,Regular
16121.0,57,2,854.66,4.189509803921569,170,576,0.7783251231527094,288.0,Thursday,12,1,158,0.012578616352201259,0.0,1.0,1.0,170,1.9905392156862745,1.6310062787166622,2,2,3,223,At Risk
16122.0,73,4,342.18,14.877391304347826,16,224,13.227272727272727,56.0,Friday,10,1,293,0.013605442176870748,0.0,0.0,1.0,16,2.4008695652173913,1.549941092849773,2,3,2,232,Regular
16123.0,52,1,307.78000000000003,19.236250000000002,16,170,0.0,170.0,Wednesday,9,1,0,1.0,0.0,1.0,1.0,16,3.1075,2.905357120906138,2,1,2,212,At Risk
16124.0,317,1,249.0,22.636363636363637,11,48,0.0,48.0,Wednesday,14,1,0,1.0,0.0,0.0,0.0,11,8.549999999999999,6.808964679009578,1,1,1,111,Regular
16125.0,367,1,289.35,22.25769230769231,13,124,0.0,124.0,Tuesday,15,1,0,1.0,0.0,0.0,0.0,13,3.209230769230769,2.020670109717985,1,1,2,112,Regular
16126.0,29,4,5077.93,52.34979381443299,46,1345,2.7708333333333335,336.25,Wednesday,16,1,267,0.014925373134328358,1.0,1.0,1.0,46,4.081030927835052,1.7011206383195872,3,3,4,334,Loyal
16127.0,39,1,656.25,16.40625,40,323,0.0,323.0,Monday,13,1,0,1.0,0.0,1.0,1.0,40,3.10625,2.0309612319394543,3,1,3,313,At Risk
16128.0,18,5,1880.22,21.126067415730336,76,988,2.9886363636363638,197.6,Friday,12,1,264,0.018867924528301886,1.0,2.0,3.0,76,2.425056179775281,1.80469345394642,4,4,4,444,Champions
16131.0,52,6,2390.94,38.56354838709677,46,1046,3.0491803278688523,174.33333333333334,Thursday,8,1,188,0.031746031746031744,0.0,2.0,2.0,46,3.684516129032258,3.5743167075631526,2,4,4,244,Regular
16133.0,4,31,7441.28,28.29384030418251,171,3055,1.1450381679389312,98.54838709677419,Friday,12,1,314,0.09841269841269841,5.0,8.0,10.0,171,3.7100760456273765,7.783642468056382,4,4,4,444,Champions
16134.0,22,2,618.09,17.659714285714287,34,371,9.911764705882353,185.5,Friday,10,1,337,0.005917159763313609,1.0,1.0,1.0,34,2.047428571428571,1.3374764271856574,3,2,3,323,At Risk
16135.0,263,1,517.55,24.645238095238092,21,209,0.0,209.0,Tuesday,12,1,0,1.0,0.0,0.0,0.0,21,3.4428571428571426,3.362710428890871,1,1,2,112,Regular
16136.0,60,3,679.14,18.865,34,392,6.2,130.66666666666666,Tuesday,9,1,217,0.013761467889908258,0.0,1.0,2.0,34,2.7119444444444443,2.6214813908436736,2,3,3,233,Regular
16139.0,19,3,635.4100000000001,20.49709677419355,25,330,6.233333333333333,110.0,Monday,8,1,187,0.015957446808510637,1.0,1.0,1.0,25,2.7732258064516127,1.7253606137013295,3,3,3,333,Loyal
16140.0,66,2,518.9,16.215625,29,406,9.838709677419354,203.0,Wednesday,12,1,305,0.006535947712418301,0.0,0.0,1.0,29,1.8996875,1.7171910378533517,2,2,2,222,At Risk
16141.0,88,1,620.4,20.68,30,238,0.0,238.0,Monday,13,1,0,1.0,0.0,0.0,1.0,30,4.6883333333333335,3.6618386971135366,2,1,3,213,At Risk
16142.0,250,1,494.54,13.737222222222222,36,374,0.0,374.0,Monday,10,1,0,1.0,0.0,0.0,0.0,36,2.9330555555555557,3.2557937978269216,1,1,2,112,Regular
16143.0,3,6,2322.94,20.025344827586206,75,879,3.1565217391304348,146.5,Wednesday,13,1,365,0.01639344262295082,1.0,1.0,1.0,75,4.151810344827586,11.496212956723044,4,4,4,444,Champions
16144.0,247,1,175.2,175.2,1,16,0.0,16.0,Thursday,10,1,0,1.0,0.0,0.0,0.0,1,10.95,0.0,1,1,1,111,Regular
16145.0,9,11,3480.65,17.06200980392157,124,2209,1.7142857142857142,200.8181818181818,Wednesday,10,1,351,0.03125,1.0,2.0,3.0,124,2.4276470588235295,2.0215095449530134,4,4,4,444,Champions
16146.0,204,2,557.13,20.634444444444444,25,327,1.0769230769230769,163.5,Thursday,15,1,28,0.06896551724137931,0.0,0.0,0.0,25,2.1088888888888886,1.3033339891138753,1,2,2,122,Regular
16147.0,134,1,361.08,17.194285714285712,21,198,0.0,198.0,Friday,9,1,0,1.0,0.0,0.0,0.0,21,4.082857142857143,4.014936042899243,2,1,2,212,At Risk
16149.0,5,2,251.24,15.7025,16,212,9.133333333333333,106.0,Wednesday,14,1,137,0.014492753623188406,1.0,1.0,1.0,16,1.3725,0.6731963557041388,4,2,1,421,At Risk
16150.0,43,5,2053.02,17.547179487179488,91,1047,2.8275862068965516,209.4,Monday,9,1,329,0.015151515151515152,0.0,1.0,2.0,91,3.028974358974359,2.390919742453542,3,4,4,344,Loyal
16152.0,269,1,1206.36,54.83454545454545,22,278,0.0,278.0,Wednesday,9,1,0,1.0,0.0,0.0,0.0,22,7.254090909090909,4.878020343083091,1,1,3,113,Regular
16153.0,50,5,1548.23,18.653373493975902,73,785,3.707317073170732,157.0,Friday,10,1,305,0.016339869281045753,0.0,1.0,1.0,73,3.1348192771084338,2.422035206208131,3,4,4,344,Loyal
16156.0,9,9,2990.04,23.543622047244096,108,1233,2.357142857142857,137.0,Thursday,12,1,302,0.0297029702970297,2.0,3.0,4.0,108,3.110944881889764,2.382945833657205,4,4,4,444,Champions
16157.0,16,3,417.05,27.803333333333335,12,143,4.0,47.666666666666664,Wednesday,11,1,56,0.05263157894736842,2.0,2.0,3.0,12,3.872,2.0805637972159645,4,3,2,432,Regular
16159.0,282,1,348.2,24.87142857142857,14,236,0.0,236.0,Thursday,12,1,0,1.0,0.0,0.0,0.0,14,1.8714285714285714,1.1891681458569598,1,1,2,112,Regular
16160.0,65,1,173.09999999999997,57.69999999999999,3,30,0.0,30.0,Wednesday,14,1,0,1.0,0.0,0.0,1.0,3,6.05,1.2124355652982142,2,1,1,211,At Risk
16161.0,2,19,5489.92,11.68068085106383,285,2548,0.7611940298507462,134.10526315789474,Tuesday,15,1,367,0.051630434782608696,4.0,5.0,7.0,285,3.187085106382979,3.22791756809714,4,4,4,444,Champions
16162.0,252,1,37.4,18.7,2,4,0.0,4.0,Friday,15,1,0,1.0,0.0,0.0,0.0,2,9.35,4.808326112068523,1,1,1,111,Regular
16163.0,365,1,254.1,63.525,4,42,0.0,42.0,Thursday,16,1,0,1.0,0.0,0.0,0.0,4,5.2125,2.8911863193736465,1,1,2,112,Regular
16164.0,17,3,718.44,21.770909090909093,27,397,0.78125,132.33333333333334,Tuesday,9,1,25,0.11538461538461539,2.0,3.0,3.0,27,2.4196969696969695,3.2518672374964863,4,3,3,433,Regular
16168.0,11,23,1889.22,23.914177215189873,52,682,4.461538461538462,29.652173913043477,Tuesday,10,1,359,0.06388888888888888,4.0,6.0,7.0,52,3.7232911392405064,2.324057416607798,4,4,4,444,Champions
16169.0,8,4,1730.5700000000002,21.632125000000002,66,1061,0.8481012658227848,265.25,Thursday,15,1,67,0.058823529411764705,2.0,3.0,4.0,66,2.177,1.790822878533352,4,3,4,434,Regular
16170.0,51,6,1673.37,14.80858407079646,96,1202,1.7321428571428572,200.33333333333334,Thursday,10,1,197,0.030303030303030304,0.0,1.0,1.0,96,2.262920353982301,3.916172439252007,3,4,4,344,Loyal
16171.0,59,1,73.19999999999999,24.399999999999995,3,24,0.0,24.0,Tuesday,14,1,0,1.0,0.0,1.0,1.0,3,3.4166666666666665,1.270170592217177,2,1,1,211,At Risk
16172.0,95,5,1116.81,16.423676470588234,51,751,2.1492537313432836,150.2,Monday,11,1,146,0.034013605442176874,0.0,0.0,0.0,51,1.9519117647058821,1.9356191938860605,2,4,3,243,Regular
16173.0,16,6,1418.32,16.884761904761906,70,575,0.963855421686747,95.83333333333333,Friday,10,1,82,0.07228915662650602,1.0,3.0,4.0,70,4.0340476190476195,3.012882828366237,4,4,4,444,Champions
16174.0,126,3,551.95,26.283333333333335,19,211,1.2,70.33333333333333,Monday,9,1,25,0.11538461538461539,0.0,0.0,0.0,19,3.9809523809523806,3.6878678186208145,2,3,2,232,Regular
16175.0,94,4,1037.5900000000001,17.88948275862069,45,533,2.526315789473684,133.25,Thursday,14,1,145,0.0273972602739726,0.0,0.0,0.0,45,3.5925862068965517,3.644440399536166,2,3,3,233,Regular
16177.0,50,1,331.95,22.13,15,95,0.0,95.0,Thursday,12,1,0,1.0,0.0,1.0,1.0,15,5.41,3.5725241176832623,3,1,2,312,At Risk
16178.0,138,1,197.9,24.7375,8,94,0.0,94.0,Sunday,16,1,0,1.0,0.0,0.0,0.0,8,3.19375,3.604901177563679,2,1,1,211,At Risk
16179.0,61,1,215.83,19.62090909090909,11,99,0.0,99.0,Monday,9,1,0,1.0,0.0,0.0,1.0,11,3.732727272727273,3.628038287860509,2,1,1,211,At Risk
16180.0,100,8,2082.88,20.02769230769231,76,1187,1.4563106796116505,148.375,Friday,11,1,152,0.05228758169934641,0.0,0.0,0.0,76,2.836153846153846,2.8385396586233034,2,4,4,244,Regular
16181.0,73,1,163.94,16.394,10,104,0.0,104.0,Tuesday,13,1,0,1.0,0.0,0.0,1.0,10,2.3579999999999997,1.9098446708218622,2,1,1,211,At Risk
16182.0,72,1,102.65,20.53,5,43,0.0,43.0,Wednesday,13,1,0,1.0,0.0,0.0,1.0,5,3.9699999999999998,3.8544779153602624,2,1,1,211,At Risk
16183.0,67,1,338.71000000000004,22.58066666666667,15,113,0.0,113.0,Monday,14,1,0,1.0,0.0,0.0,1.0,15,3.5153333333333334,1.8613853008163674,2,1,2,212,At Risk
16184.0,64,6,960.63,23.43,26,425,3.625,70.83333333333333,Friday,13,1,147,0.04054054054054054,0.0,0.0,1.0,26,4.25560975609756,2.884486998393725,2,4,3,243,Regular
16185.0,17,2,529.41,17.07774193548387,31,260,7.166666666666667,130.0,Thursday,11,1,215,0.009259259259259259,1.0,1.0,1.0,31,3.302258064516129,2.811677683848108,4,2,2,422,At Risk
16186.0,23,12,3701.58,17.71090909090909,86,2644,1.6586538461538463,220.33333333333334,Tuesday,11,1,349,0.03428571428571429,1.0,2.0,3.0,86,1.883732057416268,1.6704131930615012,3,4,4,344,Loyal
16187.0,32,15,5722.96,21.67787878787879,154,3710,0.9315589353612167,247.33333333333334,Thursday,9,1,252,0.05928853754940711,0.0,2.0,3.0,154,2.310909090909091,3.2657011089732295,3,4,4,344,Loyal
16188.0,45,4,967.82,14.663939393939394,64,746,3.0307692307692307,186.5,Wednesday,10,1,198,0.020100502512562814,0.0,1.0,1.0,64,2.2495454545454545,2.5635590835448236,3,3,3,333,Loyal
16189.0,16,2,155.48,15.547999999999998,8,86,7.666666666666667,43.0,Thursday,15,1,69,0.02857142857142857,1.0,1.0,2.0,8,4.212999999999999,5.663089164836529,4,2,1,421,At Risk
16190.0,40,1,184.84,36.968,5,40,0.0,40.0,Sunday,15,1,0,1.0,0.0,1.0,1.0,5,8.498000000000001,12.048714454247804,3,1,1,311,At Risk
16191.0,3,11,2863.52,25.340884955752212,57,1471,3.1517857142857144,133.72727272727272,Tuesday,12,1,357,0.030726256983240222,2.0,4.0,4.0,57,2.410796460176991,1.9827358180738734,4,4,4,444,Champions
16193.0,237,1,300.53,16.696111111111108,18,171,0.0,171.0,Sunday,11,1,0,1.0,0.0,0.0,0.0,18,2.461666666666667,2.1712973893368854,1,1,2,112,Regular
16198.0,75,1,400.68100000000004,26.71206666666667,15,129,0.0,129.0,Sunday,14,1,0,1.0,0.0,0.0,1.0,15,4.1794,3.326466761337879,2,1,2,212,At Risk
16200.0,4,2,1068.8700000000001,6.21436046511628,149,516,0.9298245614035088,258.0,Monday,14,1,159,0.0125,1.0,1.0,1.0,149,2.6325581395348836,2.5575221863049653,4,2,3,423,At Risk
16201.0,3,4,1790.67,16.42816513761468,73,1206,0.9722222222222222,301.5,Tuesday,17,1,106,0.037383177570093455,2.0,3.0,3.0,73,2.0405504587155963,2.12651507421327,4,3,4,434,Regular
16202.0,361,1,365.27,20.292777777777776,18,191,0.0,191.0,Tuesday,10,1,0,1.0,0.0,0.0,0.0,18,3.4850000000000003,3.4426943108047015,1,1,2,112,Regular
16203.0,59,4,592.9,16.939999999999998,27,262,9.147058823529411,65.5,Thursday,15,1,313,0.012738853503184714,0.0,1.0,1.0,27,2.875714285714286,1.2804739143684853,2,3,3,233,Regular
16204.0,23,1,384.18,7.6836,45,218,0.0,218.0,Wednesday,13,1,0,1.0,1.0,1.0,1.0,45,2.0682,1.3351078684541422,3,1,2,312,At Risk
16205.0,31,4,629.8299999999999,6.772365591397849,69,336,1.608695652173913,84.0,Monday,12,1,148,0.026845637583892617,0.0,2.0,3.0,69,2.270322580645161,1.713816267619865,3,3,3,333,Loyal
16206.0,55,4,537.0600000000001,8.524761904761906,52,272,4.354838709677419,68.0,Sunday,11,1,272,0.014652014652014652,0.0,1.0,1.0,52,2.346031746031746,1.9383111535582183,2,3,2,232,Regular
16207.0,25,1,394.38,20.756842105263157,19,140,0.0,140.0,Monday,13,1,0,1.0,1.0,1.0,1.0,19,4.256842105263158,5.410095555360242,3,1,2,312,At Risk
16208.0,45,2,664.26,10.064545454545454,61,333,3.753846153846154,166.5,Wednesday,13,1,244,0.00816326530612245,0.0,1.0,1.0,61,3.159242424242424,3.5772410127643424,3,2,3,323,At Risk
16209.0,89,5,779.1800000000001,19.004390243902442,32,483,3.9,96.6,Monday,11,1,157,0.03164556962025317,0.0,0.0,1.0,32,2.623170731707317,2.75492780216142,2,4,3,243,Regular
16210.0,2,15,2407.3,29.357317073170734,62,835,4.518518518518518,55.666666666666664,Wednesday,12,1,372,0.040214477211796246,3.0,4.0,6.0,62,4.52719512195122,4.144621168228052,4,4,4,444,Champions
16211.0,89,1,547.02,23.783478260869565,23,154,0.0,154.0,Monday,12,1,0,1.0,0.0,0.0,1.0,23,3.8082608695652174,3.247104517417875,2,1,2,212,At Risk
16212.0,19,2,690.34,16.837560975609758,40,244,6.6,122.0,Tuesday,12,1,264,0.007547169811320755,1.0,1.0,1.0,40,4.468048780487805,3.1771262325505694,3,2,3,323,At Risk
16213.0,79,1,159.0,26.5,6,48,0.0,48.0,Thursday,10,1,0,1.0,0.0,0.0,1.0,6,3.8166666666666664,4.402575004093248,2,1,1,211,At Risk
16214.0,171,3,1021.95,23.766279069767442,35,372,2.3333333333333335,124.0,Tuesday,13,1,98,0.030303030303030304,0.0,0.0,0.0,35,4.61093023255814,4.689939492935657,1,3,3,133,Regular
16215.0,81,1,242.35,17.310714285714287,14,104,0.0,104.0,Tuesday,10,1,0,1.0,0.0,0.0,1.0,14,4.285714285714286,3.7612103499675866,2,1,1,211,At Risk
16216.0,267,1,914.9300000000001,24.72783783783784,37,254,0.0,254.0,Thursday,15,1,0,1.0,0.0,0.0,0.0,37,8.991621621621622,26.664164623611878,1,1,3,113,Regular
16217.0,235,2,304.25,20.283333333333335,13,91,3.2857142857142856,45.5,Wednesday,15,1,46,0.0425531914893617,0.0,0.0,0.0,13,4.21,2.0122127124138744,1,2,2,122,Regular
16218.0,30,5,1381.98,23.827241379310344,51,842,6.0,168.4,Wednesday,11,1,343,0.014534883720930232,1.0,1.0,1.0,51,1.778448275862069,1.4504310329995713,3,4,4,344,Loyal
16221.0,37,3,787.18,8.746444444444444,85,438,3.707865168539326,146.0,Thursday,11,1,330,0.00906344410876133,0.0,1.0,1.0,85,2.3764444444444446,2.2193714623492244,3,3,3,333,Loyal
16222.0,318,1,773.55,6.340573770491803,120,325,0.0,325.0,Tuesday,13,1,0,1.0,0.0,0.0,0.0,120,3.277868852459016,2.8365376489477176,1,1,3,113,Regular
16224.0,57,4,1241.7,13.209574468085107,88,988,2.053763440860215,247.0,Thursday,17,1,192,0.02072538860103627,0.0,1.0,1.0,88,2.49468085106383,2.9310234192420754,2,3,3,233,Regular
16225.0,45,5,1096.32,8.181492537313432,109,493,1.7293233082706767,98.6,Monday,12,1,232,0.02145922746781116,0.0,1.0,1.0,109,2.393358208955224,1.6262438589481876,3,4,3,343,Loyal
16226.0,203,3,181.20000000000002,30.200000000000003,5,96,6.2,32.0,Monday,12,1,32,0.09090909090909091,0.0,0.0,0.0,5,2.1,0.9311283477587825,1,3,1,131,Regular
16227.0,225,1,314.22,52.370000000000005,6,90,0.0,90.0,Thursday,13,1,0,1.0,0.0,0.0,0.0,6,3.313333333333334,2.918641236374671,1,1,2,112,Regular
16229.0,87,2,1010.6,21.50212765957447,46,318,2.717391304347826,159.0,Tuesday,17,1,125,0.015873015873015872,0.0,0.0,1.0,46,3.3648936170212767,2.350330108489319,2,2,3,223,At Risk
16230.0,190,2,542.03,15.486571428571429,32,365,0.8823529411764706,182.5,Tuesday,15,1,30,0.06451612903225806,0.0,0.0,0.0,32,1.9505714285714284,2.134492559695385,1,2,2,122,Regular
16232.0,44,4,795.88,23.408235294117645,23,394,5.151515151515151,98.5,Sunday,14,1,171,0.023255813953488372,0.0,1.0,1.0,23,2.551470588235294,1.5978434943517055,3,3,3,333,Loyal
16233.0,71,3,536.6800000000001,24.394545454545458,22,174,14.0,58.0,Thursday,17,1,295,0.010135135135135136,0.0,0.0,1.0,22,3.6286363636363634,3.3810371689264724,2,3,2,232,Regular
16235.0,41,5,867.3100000000001,18.854565217391304,42,330,6.444444444444445,66.0,Monday,10,1,291,0.017123287671232876,0.0,1.0,2.0,42,4.824565217391305,4.162155267818579,3,4,3,343,Loyal
16236.0,78,1,432.2,21.61,20,184,0.0,184.0,Thursday,14,1,0,1.0,0.0,0.0,1.0,20,2.8775000000000004,1.9218518344774165,2,1,2,212,At Risk
16239.0,57,2,414.2,21.8,18,228,7.333333333333333,114.0,Friday,9,1,132,0.015037593984962405,0.0,1.0,1.0,18,2.331578947368421,2.6852069300726042,2,2,2,222,At Risk
16240.0,24,2,3115.42,23.96476923076923,121,1411,0.4108527131782946,705.5,Friday,13,1,53,0.037037037037037035,1.0,1.0,2.0,121,4.143692307692307,12.768620155670122,3,2,4,324,At Risk
16241.0,10,13,2570.15,3.9298929663608564,346,1395,0.5451761102603369,107.3076923076923,Wednesday,11,1,360,0.036011080332409975,1.0,3.0,3.0,346,2.227996941896025,1.9665606032925824,4,4,4,444,Champions
16242.0,8,7,3557.18,12.223986254295532,183,1915,0.9172413793103448,273.57142857142856,Monday,14,1,268,0.026022304832713755,2.0,3.0,4.0,183,2.4294845360824744,2.1063808008544695,4,4,4,444,Champions
16243.0,34,2,409.1,8.02156862745098,49,110,0.42,55.0,Sunday,12,1,21,0.09090909090909091,0.0,2.0,2.0,49,5.841372549019608,11.77573828167183,3,2,2,322,At Risk
16244.0,212,2,1522.75,16.733516483516482,88,855,1.7777777777777777,427.5,Thursday,11,1,160,0.012422360248447204,0.0,0.0,0.0,88,2.567252747252747,1.7236531398515615,1,2,4,124,Regular
16245.0,24,3,1348.26,15.497241379310344,77,834,2.7093023255813953,278.0,Wednesday,9,1,233,0.01282051282051282,1.0,1.0,1.0,77,3.009540229885057,4.378415585798975,3,3,3,333,Loyal
16247.0,170,1,84.68,6.5138461538461545,13,50,0.0,50.0,Wednesday,14,1,0,1.0,0.0,0.0,0.0,13,3.2853846153846153,3.2377554349286877,1,1,1,111,Regular
16248.0,62,1,152.94,21.84857142857143,7,78,0.0,78.0,Sunday,11,1,0,1.0,0.0,0.0,1.0,7,2.0314285714285716,0.6196350692525553,2,1,1,211,At Risk
16249.0,53,5,1425.99,22.634761904761906,61,694,2.967741935483871,138.8,Tuesday,10,1,186,0.026737967914438502,0.0,1.0,1.0,61,3.6666666666666665,3.1970056554986446,2,4,4,244,Regular
16250.0,261,2,389.44,16.226666666666667,22,208,4.869565217391305,104.0,Wednesday,9,1,112,0.017699115044247787,0.0,0.0,0.0,22,3.0883333333333334,2.300606095314255,1,2,2,122,Regular
16253.0,67,2,2207.68,27.255308641975308,78,1407,2.35,703.5,Tuesday,9,1,188,0.010582010582010581,0.0,0.0,1.0,78,2.167037037037037,1.7258160710548245,2,2,4,224,At Risk
16255.0,17,8,2444.91,9.226075471698113,146,1379,1.303030303030303,172.375,Sunday,12,1,348,0.022922636103151862,1.0,1.0,1.0,146,2.895245283018868,2.8860230113746668,4,4,4,444,Champions
16256.0,267,1,169.95000000000002,28.325000000000003,6,77,0.0,77.0,Friday,12,1,0,1.0,0.0,0.0,0.0,6,3.316666666666667,2.354286870087557,1,1,1,111,Regular
16257.0,177,1,46.95,23.475,2,2,0.0,2.0,Thursday,10,1,0,1.0,0.0,0.0,0.0,2,23.475,2.1566756826189692,1,1,1,111,Regular
16258.0,45,5,3588.01,29.409918032786887,101,1480,1.421487603305785,296.0,Tuesday,13,1,173,0.028735632183908046,0.0,1.0,1.0,101,3.14172131147541,2.4573074334558287,3,4,4,344,Loyal
16260.0,51,1,652.45,40.778125,16,131,0.0,131.0,Thursday,9,1,0,1.0,0.0,1.0,1.0,16,5.76625,3.906392837388478,3,1,3,313,At Risk
16261.0,17,4,728.54,6.122184873949579,98,301,1.923728813559322,75.25,Thursday,19,1,228,0.017467248908296942,1.0,1.0,2.0,98,3.3365546218487396,2.9076181168641444,4,3,3,433,Regular
16265.0,9,9,5224.96,20.490039215686274,163,2510,1.3937007874015748,278.8888888888889,Friday,12,1,355,0.025280898876404494,1.0,2.0,2.0,163,3.770078431372549,5.345239179268602,4,4,4,444,Champions
16266.0,74,7,861.89,14.129344262295081,44,398,2.1666666666666665,56.857142857142854,Tuesday,12,1,132,0.05263157894736842,0.0,0.0,1.0,44,3.9349180327868853,3.489577635832556,2,4,3,243,Regular
16268.0,71,2,667.65,14.836666666666666,45,533,0.0,266.5,Thursday,18,1,0,2.0,0.0,0.0,2.0,45,4.259111111111111,9.314046533504268,2,2,3,223,At Risk
16270.0,353,1,953.74,18.70078431372549,51,538,0.0,538.0,Tuesday,14,1,0,1.0,0.0,0.0,0.0,51,3.3388235294117647,3.8750208500387835,1,1,3,113,Regular
16271.0,3,5,1261.6000000000001,10.012698412698414,89,868,2.832,173.6,Thursday,12,1,355,0.014044943820224719,2.0,2.0,2.0,89,1.6815079365079366,1.7216541197164161,4,4,3,443,Champions
16272.0,117,1,411.7,16.468,25,224,0.0,224.0,Monday,10,1,0,1.0,0.0,0.0,0.0,25,1.7372,0.6435029137463172,2,1,2,212,At Risk
16274.0,373,1,351.75,5.411538461538462,64,153,0.0,153.0,Wednesday,15,1,0,1.0,0.0,0.0,0.0,64,4.313846153846153,5.248442236841473,1,1,2,112,Regular
16275.0,197,1,519.07,16.2209375,32,288,0.0,288.0,Friday,12,1,0,1.0,0.0,0.0,0.0,32,4.4975,4.093993239510941,1,1,2,112,Regular
16276.0,177,1,177.0,44.25,4,84,0.0,84.0,Thursday,9,1,0,1.0,0.0,0.0,0.0,4,2.0,1.5,1,1,1,111,Regular
16278.0,100,1,566.38,24.625217391304346,23,114,0.0,114.0,Wednesday,17,1,0,1.0,0.0,0.0,0.0,23,9.835217391304349,22.111767510775632,2,1,2,212,At Risk
16279.0,21,3,1443.5,14.014563106796116,99,914,1.5098039215686274,304.6666666666667,Tuesday,16,1,155,0.019230769230769232,1.0,1.0,2.0,99,2.2523300970873787,1.7540911304402647,3,3,4,334,Loyal
16281.0,72,1,121.5,30.375,4,62,0.0,62.0,Wednesday,14,1,0,1.0,0.0,0.0,1.0,4,2.05,0.8000000000000003,2,1,1,211,At Risk
16282.0,340,1,137.7,13.77,10,78,0.0,78.0,Tuesday,11,1,0,1.0,0.0,0.0,0.0,10,2.92,2.3381141498604765,1,1,1,111,Regular
16283.0,6,5,1546.21,9.485950920245399,114,1080,1.2345679012345678,216.0,Sunday,13,1,202,0.024630541871921183,1.0,1.0,2.0,114,2.4582208588957055,2.6329089954042724,4,4,4,444,Champions
16284.0,31,2,784.84,7.770693069306931,86,439,0.19,219.5,Tuesday,16,1,19,0.1,0.0,2.0,2.0,86,2.201881188118812,1.774668821426289,3,2,3,323,At Risk
16287.0,170,1,125.22000000000001,17.88857142857143,7,82,0.0,82.0,Thursday,9,1,0,1.0,0.0,0.0,0.0,7,2.545714285714286,2.0889300063497993,1,1,1,111,Regular
16292.0,122,1,302.25,17.779411764705884,17,191,0.0,191.0,Wednesday,12,1,0,1.0,0.0,0.0,0.0,17,2.360588235294118,2.3271991496975373,2,1,2,212,At Risk
16293.0,22,10,2248.9900000000002,19.059237288135595,102,982,2.9316239316239314,98.2,Friday,10,1,345,0.028901734104046242,1.0,4.0,4.0,102,4.160847457627119,3.95366595571154,3,4,4,344,Loyal
16295.0,10,4,1267.71,16.9028,66,685,0.7297297297297297,171.25,Wednesday,13,1,54,0.07272727272727272,2.0,3.0,4.0,66,3.946933333333333,3.5674027092676397,4,3,3,433,Regular
16297.0,269,1,294.34,15.491578947368419,19,170,0.0,170.0,Wednesday,8,1,0,1.0,0.0,0.0,0.0,19,2.927368421052632,2.3122399964470794,1,1,2,112,Regular
16298.0,23,3,598.2,22.15555555555556,22,198,6.269230769230769,66.0,Wednesday,9,1,164,0.01818181818181818,1.0,2.0,2.0,22,4.071111111111112,4.7058526026586,3,3,3,333,Loyal
16302.0,127,1,233.22,21.201818181818183,11,158,0.0,158.0,Friday,9,1,0,1.0,0.0,0.0,0.0,11,1.7618181818181817,1.1695026137791928,2,1,1,211,At Risk
16303.0,26,3,4073.9300000000003,29.308848920863312,106,1707,2.217391304347826,569.0,Tuesday,11,1,307,0.00974025974025974,1.0,1.0,1.0,106,3.0980575539568345,2.97032372160953,3,3,4,334,Loyal
16305.0,139,1,361.22,16.41909090909091,22,256,0.0,256.0,Sunday,12,1,0,1.0,0.0,0.0,0.0,22,1.6831818181818183,0.8957433006202506,2,1,2,212,At Risk
16306.0,214,6,585.17,15.004358974358974,34,409,4.0,68.16666666666667,Friday,10,1,153,0.03896103896103896,0.0,0.0,0.0,34,1.6833333333333336,1.2177531798429204,1,4,3,143,Regular
16309.0,106,2,706.57,16.823095238095238,39,467,3.268292682926829,233.5,Wednesday,11,1,134,0.014814814814814815,0.0,0.0,0.0,39,2.4180952380952383,2.4131987051853976,2,2,3,223,At Risk
16311.0,18,2,597.54,16.598333333333333,34,346,0.8857142857142857,173.0,Friday,13,1,31,0.0625,1.0,2.0,2.0,34,2.531388888888889,2.419800644418907,4,2,3,423,At Risk
16313.0,3,2,237.07000000000002,16.93357142857143,14,93,3.5384615384615383,46.5,Friday,9,1,46,0.0425531914893617,1.0,2.0,2.0,14,3.467142857142857,2.390501809474091,4,2,1,421,At Risk
16315.0,331,1,226.37,16.169285714285714,14,75,0.0,75.0,Thursday,11,1,0,1.0,0.0,0.0,0.0,14,5.351428571428571,4.456851004815045,1,1,1,111,Regular
16316.0,64,8,2917.67,19.713986486486487,118,1376,1.9795918367346939,172.0,Thursday,10,1,293,0.027210884353741496,0.0,0.0,1.0,118,5.10804054054054,14.602055239685786,2,4,4,244,Regular
16317.0,120,3,1251.53,18.679552238805968,63,744,2.6818181818181817,248.0,Friday,14,1,177,0.016853932584269662,0.0,0.0,0.0,63,3.0513432835820895,2.934851653636981,2,3,3,233,Regular
16318.0,35,1,304.75,16.930555555555557,18,163,0.0,163.0,Friday,13,1,0,1.0,0.0,1.0,1.0,18,2.575,1.5714596062634403,3,1,2,312,At Risk
16319.0,218,1,404.40000000000003,134.8,3,72,0.0,72.0,Friday,11,1,0,1.0,0.0,0.0,0.0,3,5.616666666666667,0.5773502691896258,1,1,2,112,Regular
16320.0,172,2,1016.14,18.475272727272728,55,696,0.7407407407407407,348.0,Tuesday,15,1,40,0.04878048780487805,0.0,0.0,0.0,55,2.5143636363636364,2.5119320906988767,1,2,3,123,Regular
16321.0,72,5,373.65000000000003,31.137500000000003,7,135,22.727272727272727,27.0,Thursday,12,1,251,0.01984126984126984,0.0,0.0,2.0,7,3.6750000000000003,1.971674415313035,2,4,2,242,Regular
16322.0,1,2,326.75,8.83108108108108,28,231,0.9722222222222222,115.5,Thursday,14,1,35,0.05555555555555555,1.0,2.0,2.0,28,2.437837837837838,2.2171467338991437,4,2,2,422,At Risk
16324.0,128,3,408.59000000000003,3.6809909909909915,100,270,0.43636363636363634,90.0,Wednesday,12,1,48,0.061224489795918366,0.0,0.0,0.0,100,2.122252252252252,1.9545683944333105,2,3,2,232,Regular
16325.0,47,3,594.24,33.013333333333335,14,194,11.647058823529411,64.66666666666667,Thursday,13,1,198,0.01507537688442211,0.0,1.0,1.0,14,3.690555555555556,2.179801588980121,3,3,3,333,Loyal
16326.0,6,14,3039.2200000000003,10.130733333333334,158,682,1.0836120401337792,48.714285714285715,Sunday,10,1,328,0.0425531914893617,2.0,4.0,6.0,158,5.088733333333334,3.565908027758192,4,4,4,444,Champions
16327.0,14,6,3445.11,11.22185667752443,141,2100,1.1503267973856208,350.0,Tuesday,14,1,355,0.016853932584269662,1.0,1.0,2.0,141,2.1282410423452767,1.7733930866415175,4,4,4,444,Champions
16330.0,18,3,139.41,3.6686842105263158,38,57,2.5405405405405403,19.0,Tuesday,12,1,94,0.031578947368421054,1.0,1.0,1.0,38,2.7107894736842106,2.040299900556417,4,3,1,431,Regular
16332.0,28,7,1532.8,10.218666666666666,125,757,1.832214765100671,108.14285714285714,Wednesday,14,1,277,0.025179856115107913,1.0,2.0,4.0,125,2.799533333333333,2.4609984160050593,3,4,4,344,Loyal
16337.0,37,1,151.05,15.105,10,87,0.0,87.0,Thursday,10,1,0,1.0,0.0,1.0,1.0,10,3.04,2.676004484301175,3,1,1,311,At Risk
16338.0,157,1,214.8,19.527272727272727,11,94,0.0,94.0,Tuesday,13,1,0,1.0,0.0,0.0,0.0,11,3.7345454545454544,4.075245670229866,1,1,1,111,Regular
16339.0,284,1,94.05,5.225,17,21,0.0,21.0,Monday,13,1,0,1.0,0.0,0.0,0.0,17,4.958333333333333,2.88322990860638,1,1,1,111,Regular
16340.0,107,1,520.39,3.7170714285714284,123,438,0.0,438.0,Wednesday,14,1,0,1.0,0.0,0.0,0.0,123,1.5642142857142858,2.18041183749525,2,1,2,212,At Risk
16341.0,25,4,1073.8700000000001,17.04555555555556,51,818,2.8225806451612905,204.5,Thursday,12,1,176,0.022598870056497175,2.0,2.0,3.0,51,1.873015873015873,1.6418200315116804,3,3,3,333,Loyal
16342.0,75,4,281.61,20.115000000000002,10,109,7.923076923076923,27.25,Monday,10,1,104,0.0380952380952381,0.0,0.0,1.0,10,5.942857142857143,9.098061017915537,2,3,2,232,Regular
16343.0,16,2,328.58,7.641395348837209,29,175,0.0,87.5,Wednesday,17,1,0,2.0,2.0,2.0,2.0,29,2.6313953488372093,2.297722041081795,4,2,2,422,At Risk
16344.0,158,1,101.10000000000001,50.550000000000004,1,18,0.0,18.0,Monday,15,1,0,1.0,0.0,0.0,0.0,1,5.7,0.3535533905932738,1,1,1,111,Regular
16345.0,44,1,565.46,15.282702702702704,35,288,0.0,288.0,Wednesday,16,1,0,1.0,0.0,1.0,1.0,35,4.142702702702703,8.107016730602588,3,1,2,312,At Risk
16347.0,11,2,800.73,9.64734939759036,60,261,0.3048780487804878,130.5,Thursday,13,1,25,0.07692307692307693,1.0,2.0,2.0,60,3.746144578313253,4.089361221310047,4,2,3,423,At Risk
16348.0,32,7,1365.65,6.179411764705883,156,765,0.9318181818181818,109.28571428571429,Wednesday,15,1,207,0.03365384615384615,0.0,2.0,3.0,156,2.80710407239819,3.487670586643453,3,4,4,344,Loyal
16349.0,291,1,53.5,5.944444444444445,9,9,0.0,9.0,Tuesday,12,1,0,1.0,0.0,0.0,0.0,9,5.944444444444445,6.061353213415118,1,1,1,111,Regular
16350.0,21,4,1102.55,19.688392857142855,39,497,5.654545454545454,124.25,Thursday,9,1,312,0.012779552715654952,1.0,1.0,3.0,39,3.495,2.826925088244373,3,3,3,333,Loyal
16351.0,333,1,153.9,19.2375,8,90,0.0,90.0,Tuesday,10,1,0,1.0,0.0,0.0,0.0,8,1.9875,0.9826167687790159,1,1,1,111,Regular
16352.0,18,2,494.44,17.658571428571427,28,300,0.7407407407407407,150.0,Wednesday,8,1,20,0.09523809523809523,1.0,2.0,2.0,28,1.9617857142857142,1.2790449375924804,4,2,2,422,At Risk
16353.0,18,16,2761.55,35.404487179487184,50,1100,4.35064935064935,68.75,Wednesday,12,1,341,0.04678362573099415,1.0,3.0,4.0,50,2.7946153846153843,1.882962360948103,4,4,4,444,Champions
16354.0,63,2,395.8,10.148717948717948,38,150,0.23684210526315788,75.0,Tuesday,16,1,9,0.2,0.0,0.0,2.0,38,3.1382051282051284,2.0776325998532585,2,2,2,222,At Risk
16356.0,198,3,211.77,6.831290322580646,20,93,2.6,31.0,Monday,12,1,79,0.0375,0.0,0.0,0.0,20,2.201290322580645,0.9260840204340133,1,3,1,131,Regular
16357.0,33,3,658.88,19.378823529411765,31,246,5.424242424242424,82.0,Sunday,16,1,180,0.016574585635359115,0.0,1.0,1.0,31,4.5797058823529415,3.691641242372908,3,3,3,333,Loyal
16358.0,1,4,2027.5,18.60091743119266,82,1302,1.6759259259259258,325.5,Wednesday,15,1,183,0.021739130434782608,1.0,1.0,3.0,82,1.8883486238532112,1.1763750927393584,4,3,4,434,Regular
16359.0,7,8,960.96,16.858947368421052,37,485,5.75,60.625,Thursday,10,1,324,0.024615384615384615,1.0,1.0,1.0,37,9.249473684210527,23.040179998448412,4,4,3,443,Champions
16360.0,5,6,3350.54,5.309889064976228,362,1903,0.12857142857142856,317.1666666666667,Tuesday,12,1,83,0.07142857142857142,2.0,3.0,6.0,362,2.3105229793977813,2.179215574400385,4,4,4,444,Champions
16361.0,10,4,891.21,8.569326923076924,87,418,0.5922330097087378,104.5,Thursday,13,1,61,0.06451612903225806,2.0,3.0,4.0,87,3.114903846153846,2.7525723168695704,4,3,3,433,Regular
16362.0,32,5,695.95,9.157236842105263,58,304,0.76,60.8,Friday,14,1,58,0.0847457627118644,0.0,2.0,2.0,58,2.9172368421052632,1.9779757994368623,3,4,3,343,Loyal
16363.0,53,1,109.36000000000001,21.872000000000003,5,52,0.0,52.0,Monday,14,1,0,1.0,0.0,1.0,1.0,5,2.9560000000000004,3.2045561315102598,2,1,1,211,At Risk
16364.0,12,2,705.79,13.572884615384615,48,279,2.450980392156863,139.5,Monday,14,1,125,0.015873015873015872,1.0,1.0,1.0,48,3.4959615384615383,3.1707228467718087,4,2,3,423,At Risk
16365.0,18,8,710.36,15.11404255319149,44,210,7.521739130434782,26.25,Tuesday,17,1,349,0.022857142857142857,1.0,2.0,2.0,44,5.265531914893617,4.140713973569754,4,4,3,443,Champions
16366.0,19,1,327.3,18.183333333333334,18,256,0.0,256.0,Monday,8,1,0,1.0,1.0,1.0,1.0,18,2.828888888888889,3.3605092206721032,3,1,2,312,At Risk
16367.0,37,2,775.11,6.250887096774194,120,479,2.6422764227642275,239.5,Wednesday,13,1,325,0.006134969325153374,0.0,1.0,1.0,120,2.4179032258064517,2.226138248796273,3,2,3,323,At Risk
16368.0,2,2,465.87,6.851029411764706,57,215,0.373134328358209,107.5,Wednesday,13,1,25,0.07692307692307693,2.0,2.0,2.0,57,2.453235294117647,2.70551037543225,4,2,2,422,At Risk
16369.0,18,3,1429.79,12.542017543859648,89,916,1.575221238938053,305.3333333333333,Monday,16,1,178,0.01675977653631285,1.0,1.0,2.0,89,2.3644736842105263,2.362057035161185,4,3,4,434,Regular
16370.0,82,4,1301.91,5.890995475113122,143,640,0.6454545454545455,160.0,Sunday,12,1,142,0.027972027972027972,0.0,0.0,1.0,143,2.8917194570135747,3.255559263926536,2,3,3,233,Regular
16372.0,33,2,355.73,3.866630434782609,86,158,0.0,79.0,Sunday,12,1,0,2.0,0.0,2.0,2.0,86,2.705978260869565,2.4690973835861776,3,2,2,322,At Risk
16374.0,66,2,466.73,4.281926605504587,101,237,1.8148148148148149,118.5,Tuesday,15,1,196,0.01015228426395939,0.0,0.0,1.0,101,2.5720183486238533,2.388140365863702,2,2,2,222,At Risk
16376.0,9,2,838.94,7.109661016949153,100,517,0.06837606837606838,258.5,Tuesday,16,1,8,0.2222222222222222,2.0,2.0,2.0,100,2.5723728813559323,2.6775140523994936,4,2,3,423,At Risk
16378.0,247,3,362.95,15.780434782608696,22,267,2.8181818181818183,89.0,Wednesday,12,1,63,0.046875,0.0,0.0,0.0,22,1.8021739130434784,1.497837703678628,1,3,2,132,Regular
16379.0,4,4,2057.68,19.59695238095238,85,1296,0.7115384615384616,324.0,Wednesday,14,1,74,0.05333333333333334,2.0,3.0,4.0,85,2.0112380952380953,1.8045064823071837,4,3,4,434,Regular
16380.0,61,1,142.79,9.519333333333332,15,116,0.0,116.0,Sunday,15,1,0,1.0,0.0,0.0,1.0,15,2.805333333333333,2.3475210836316758,2,1,1,211,At Risk
16383.0,75,2,565.64,5.954105263157895,77,335,2.0531914893617023,167.5,Wednesday,13,1,193,0.010309278350515464,0.0,0.0,1.0,77,2.284421052631579,1.7970843500665736,2,2,2,222,At Risk
16384.0,90,2,584.5,17.71212121212121,33,260,5.4375,130.0,Monday,10,1,174,0.011428571428571429,0.0,0.0,1.0,33,3.503030303030303,2.9327871607573277,2,2,3,223,At Risk
16385.0,60,3,554.86,9.734385964912281,52,258,5.446428571428571,86.0,Monday,13,1,306,0.009771986970684038,0.0,1.0,1.0,52,2.620350877192983,2.26676213771371,2,3,2,232,Regular
16386.0,29,2,302.57,3.735432098765432,76,205,2.8125,102.5,Friday,12,1,225,0.008849557522123894,1.0,1.0,1.0,76,1.7476543209876543,2.070900330535573,3,2,2,322,At Risk
16387.0,323,1,94.36,23.59,4,44,0.0,44.0,Friday,11,1,0,1.0,0.0,0.0,0.0,4,3.16,2.155705607606629,1,1,1,111,Regular
16389.0,53,4,1095.51,36.517,30,450,7.862068965517241,112.5,Wednesday,15,1,229,0.017391304347826087,0.0,1.0,2.0,30,3.0396666666666667,3.166476866665291,2,3,3,233,Regular
16392.0,270,1,217.89000000000001,5.0672093023255815,41,201,0.0,201.0,Tuesday,12,1,0,1.0,0.0,0.0,0.0,41,2.007674418604651,1.7580912772356039,1,1,1,111,Regular
16393.0,2,13,3025.84,9.281717791411044,119,1537,1.1076923076923078,118.23076923076923,Wednesday,12,1,366,0.035422343324250684,3.0,4.0,4.0,119,1.983834355828221,0.9243877092935459,4,4,4,444,Champions
16394.0,57,5,786.44,12.684516129032259,59,846,3.7868852459016393,169.2,Wednesday,10,1,232,0.02145922746781116,0.0,1.0,2.0,59,1.4985483870967742,1.5452304690687213,2,4,3,243,Regular
16395.0,61,5,1315.74,6.545970149253732,147,1184,1.34,236.8,Thursday,12,1,270,0.01845018450184502,0.0,1.0,2.0,147,2.0323880597014923,1.8081101373137418,2,4,3,243,Regular
16398.0,154,2,1552.2,19.648101265822785,73,562,1.2692307692307692,281.0,Thursday,9,1,99,0.02,0.0,0.0,0.0,73,5.724556962025317,5.999294787075106,1,2,4,124,Regular
16399.0,19,2,394.1,5.550704225352113,67,215,3.085714285714286,107.5,Sunday,16,1,216,0.009216589861751152,1.0,1.0,1.0,67,2.8322535211267605,3.4360646913846487,3,2,2,322,At Risk
16400.0,95,1,303.93,10.480344827586206,28,172,0.0,172.0,Tuesday,12,1,0,1.0,0.0,0.0,0.0,28,3.0141379310344827,3.198896592399791,2,1,2,212,At Risk
16401.0,1,12,2683.04,16.16289156626506,64,2026,1.9515151515151514,168.83333333333334,Sunday,12,1,326,0.03669724770642202,3.0,4.0,5.0,64,1.52,0.7923979716370719,4,4,4,444,Champions
16402.0,265,2,241.25,4.308035714285714,55,110,1.8909090909090909,55.0,Sunday,13,1,104,0.01904761904761905,0.0,0.0,0.0,55,2.7232142857142856,2.3449358255555794,1,2,1,121,Regular
16403.0,312,1,177.5,17.75,10,114,0.0,114.0,Monday,13,1,0,1.0,0.0,0.0,0.0,10,1.6099999999999999,0.4141926551202417,1,1,1,111,Regular
16404.0,70,1,443.05,19.26304347826087,23,157,0.0,157.0,Friday,14,1,0,1.0,0.0,0.0,1.0,23,5.165217391304347,3.7423690474025304,2,1,2,212,At Risk
16405.0,302,2,74.85,18.7125,3,19,2.3333333333333335,9.5,Wednesday,17,1,7,0.25,0.0,0.0,0.0,3,2.7750000000000004,2.1406774628607645,1,2,1,121,Regular
16406.0,19,1,154.35,2.661206896551724,54,116,0.0,116.0,Monday,11,1,0,1.0,1.0,1.0,1.0,54,1.7863793103448276,1.6106822116522084,3,1,1,311,At Risk
16407.0,13,10,1914.68,11.604121212121212,99,961,1.8048780487804879,96.1,Sunday,14,1,299,0.03333333333333333,1.0,1.0,2.0,99,3.0084848484848483,2.6002142515055264,4,4,4,444,Champions
16409.0,36,5,1942.3400000000001,8.519035087719299,142,1112,1.2290748898678414,222.4,Monday,14,1,281,0.01773049645390071,0.0,1.0,2.0,142,2.7368859649122808,2.339062737324794,3,4,4,344,Loyal
16411.0,19,2,211.7,4.8113636363636365,41,131,8.116279069767442,65.5,Sunday,13,1,349,0.005714285714285714,1.0,1.0,1.0,41,2.0145454545454546,1.5448360408906419,3,2,1,321,At Risk
16412.0,54,1,135.99,4.533,25,63,0.0,63.0,Monday,12,1,0,1.0,0.0,1.0,1.0,25,2.098666666666667,1.0521660198530143,2,1,1,211,At Risk
16413.0,57,1,262.2,8.458064516129031,30,148,0.0,148.0,Friday,12,1,0,1.0,0.0,1.0,1.0,30,2.5261290322580647,2.7499402144038876,2,1,2,212,At Risk
16414.0,22,2,126.25,18.035714285714285,5,27,43.0,13.5,Friday,9,1,258,0.007722007722007722,1.0,1.0,1.0,5,7.064285714285714,3.212698020578431,3,2,1,321,At Risk
16415.0,44,1,191.57,4.164565217391305,44,148,0.0,148.0,Wednesday,13,1,0,1.0,0.0,1.0,1.0,44,1.945217391304348,1.6966957942888548,3,1,1,311,At Risk
16416.0,27,3,952.4,14.005882352941176,56,528,0.43283582089552236,176.0,Friday,13,1,29,0.1,1.0,3.0,3.0,56,3.1482352941176472,3.446017793102282,3,3,3,333,Loyal
16418.0,45,3,631.12,6.643368421052632,76,280,1.925531914893617,93.33333333333333,Wednesday,12,1,181,0.016483516483516484,0.0,1.0,1.0,76,3.601578947368421,4.393082404453396,3,3,3,333,Loyal
16419.0,113,6,822.39,17.133125,36,308,4.191489361702128,51.333333333333336,Tuesday,12,1,199,0.03,0.0,0.0,0.0,36,4.502291666666666,3.9950870038635853,2,4,3,243,Regular
16422.0,17,37,3487.44,34.190588235294115,30,1568,3.297029702970297,42.37837837837838,Monday,11,1,351,0.10511363636363637,2.0,6.0,8.0,30,2.4898039215686274,1.5330310236875277,4,4,4,444,Champions
16423.0,25,1,285.28,16.781176470588235,17,194,0.0,194.0,Tuesday,9,1,0,1.0,1.0,1.0,1.0,17,1.9288235294117646,1.778721037546856,3,1,2,312,At Risk
16424.0,191,1,102.96000000000001,25.740000000000002,4,52,0.0,52.0,Wednesday,13,1,0,1.0,0.0,0.0,0.0,4,4.785,3.8340013910621717,1,1,1,111,Regular
16425.0,302,1,302.7,14.414285714285715,21,199,0.0,199.0,Thursday,14,1,0,1.0,0.0,0.0,0.0,21,4.171904761904762,3.4608967321311668,1,1,2,112,Regular
16426.0,2,10,1822.0,5.1908831908831905,209,1131,0.7714285714285715,113.1,Friday,12,1,273,0.0364963503649635,4.0,6.0,6.0,209,2.1162393162393163,1.5673546739626842,4,4,4,444,Champions
16427.0,263,2,166.06,23.722857142857144,6,96,3.5,48.0,Monday,17,1,21,0.09090909090909091,0.0,0.0,0.0,6,1.5571428571428572,0.7600156639989795,1,2,1,121,Regular
16429.0,106,1,284.55,142.275,2,9,0.0,9.0,Thursday,13,1,0,1.0,0.0,0.0,0.0,2,19.950000000000003,21.213203435596427,2,1,2,212,At Risk
16430.0,57,1,200.05,40.010000000000005,5,55,0.0,55.0,Thursday,14,1,0,1.0,0.0,1.0,1.0,5,4.8100000000000005,2.0598543637840026,2,1,1,211,At Risk
16431.0,213,3,547.68,7.40108108108108,50,370,1.1506849315068493,123.33333333333333,Tuesday,14,1,84,0.03529411764705882,0.0,0.0,0.0,50,1.8216216216216217,1.1417158764507915,1,3,2,132,Regular
16432.0,64,1,143.4,20.485714285714288,7,76,0.0,76.0,Thursday,13,1,0,1.0,0.0,0.0,1.0,7,3.5171428571428573,3.180485886808881,2,1,1,211,At Risk
16433.0,28,1,184.26,10.838823529411764,17,106,0.0,106.0,Friday,14,1,0,1.0,1.0,1.0,1.0,17,1.906470588235294,1.7872218006464342,3,1,1,311,At Risk
16434.0,29,7,1466.8,13.837735849056603,88,724,2.533333333333333,103.42857142857143,Sunday,12,1,270,0.025830258302583026,1.0,3.0,3.0,88,3.298396226415094,3.154932385296893,3,4,4,344,Loyal
16438.0,6,5,798.35,6.04810606060606,74,463,0.5648854961832062,92.6,Sunday,19,1,76,0.06493506493506493,2.0,4.0,5.0,74,2.194015151515152,1.7745361117718679,4,4,3,443,Champions
16440.0,8,5,3556.67,12.793776978417267,182,1818,0.740072202166065,363.6,Friday,12,1,206,0.024154589371980676,2.0,3.0,4.0,182,2.244928057553957,1.4914371095843466,4,4,4,444,Champions
16441.0,67,2,381.2,15.883333333333333,22,173,9.73913043478261,86.5,Monday,17,1,224,0.008888888888888889,0.0,0.0,1.0,22,3.2916666666666665,2.6705180521139837,2,2,2,222,At Risk
16442.0,2,3,588.3,3.481065088757396,160,379,2.130952380952381,126.33333333333333,Tuesday,11,1,359,0.008333333333333333,1.0,1.0,1.0,160,2.255680473372781,2.1858039639280515,4,3,3,433,Regular
16444.0,46,4,603.67,7.3618292682926825,68,347,2.6666666666666665,86.75,Sunday,12,1,218,0.0182648401826484,0.0,1.0,1.0,68,2.4128048780487803,2.777019574029649,3,3,3,333,Loyal
16445.0,34,1,230.51,3.658888888888889,62,111,0.0,111.0,Sunday,12,1,0,1.0,0.0,1.0,1.0,62,2.6320634920634918,2.24020819793547,3,1,1,311,At Risk
16446.0,206,1,2.9,1.45,2,2,0.0,2.0,Wednesday,9,1,0,1.0,0.0,0.0,0.0,2,1.45,0.28284271247461895,1,1,1,111,Regular
16447.0,136,1,162.31,5.235806451612904,31,77,0.0,77.0,Wednesday,12,1,0,1.0,0.0,0.0,0.0,31,3.2680645161290323,2.672657128969644,2,1,1,211,At Risk
16448.0,198,1,182.99,9.631052631578948,19,76,0.0,76.0,Wednesday,16,1,0,1.0,0.0,0.0,0.0,19,2.917894736842105,2.717234253483511,1,1,1,111,Regular
16449.0,198,2,707.69,17.69225,40,367,2.1025641025641026,183.5,Friday,12,1,82,0.024096385542168676,0.0,0.0,0.0,40,3.2979999999999996,2.8958796546747196,1,2,3,123,Regular
16450.0,150,1,311.92,28.35636363636364,11,200,0.0,200.0,Wednesday,11,1,0,1.0,0.0,0.0,0.0,11,1.4845454545454544,0.6026668007508567,1,1,2,112,Regular
16451.0,88,1,266.97,19.069285714285716,14,120,0.0,120.0,Tuesday,9,1,0,1.0,0.0,0.0,1.0,14,2.6149999999999998,1.6022328170400204,2,1,2,212,At Risk
16454.0,45,2,6.9,3.45,2,3,19.0,1.5,Thursday,16,1,19,0.1,0.0,1.0,2.0,2,1.975,1.3788582233137678,3,2,1,321,At Risk
16455.0,64,7,1841.18,18.59777777777778,69,988,3.122448979591837,141.14285714285714,Friday,12,1,307,0.022727272727272728,0.0,0.0,1.0,69,2.1015151515151516,1.0528962617624757,2,4,4,244,Regular
16456.0,99,5,1448.88,14.488800000000001,79,805,2.7474747474747474,161.0,Sunday,11,1,273,0.01824817518248175,0.0,0.0,0.0,79,2.1529,1.6254872121206234,2,4,4,244,Regular
16457.0,218,1,161.56,20.195,8,68,0.0,68.0,Thursday,13,1,0,1.0,0.0,0.0,0.0,8,2.9225,1.6664397464569274,1,1,1,111,Regular
16458.0,3,18,3469.3,17.260199004975124,52,2122,1.745,117.88888888888889,Monday,12,1,357,0.05027932960893855,3.0,5.0,7.0,52,1.7700497512437812,0.81434605513408,4,4,4,444,Champions
16460.0,28,3,803.55,6.181153846153846,126,748,0.4108527131782946,249.33333333333334,Wednesday,12,1,53,0.05555555555555555,1.0,1.0,3.0,126,1.7118461538461538,1.7196645538296915,3,3,3,333,Loyal
16461.0,178,1,142.92,4.46625,31,48,0.0,48.0,Wednesday,12,1,0,1.0,0.0,0.0,0.0,31,3.935625,3.803003004842188,1,1,1,111,Regular
16462.0,74,3,136.0,45.333333333333336,1,16,104.5,5.333333333333333,Tuesday,8,1,210,0.014218009478672985,0.0,0.0,1.0,1,8.5,0.0,2,3,1,231,Regular
16463.0,21,4,1312.48,17.269473684210528,69,875,2.4133333333333336,218.75,Monday,14,1,182,0.02185792349726776,1.0,3.0,3.0,69,2.115657894736842,1.6054244178420574,3,3,3,333,Loyal
16464.0,20,3,1240.7,5.489823008849558,150,700,0.5377777777777778,233.33333333333334,Wednesday,13,1,122,0.024390243902439025,1.0,1.0,2.0,150,2.562345132743363,3.013347829669885,3,3,3,333,Loyal
16466.0,34,7,1479.6200000000001,10.27513888888889,102,672,1.7902097902097902,96.0,Sunday,11,1,258,0.02702702702702703,0.0,2.0,2.0,102,2.9124305555555554,2.5226790195550413,3,4,4,344,Loyal
16468.0,74,1,12.5,12.5,1,1,0.0,1.0,Monday,14,1,0,1.0,0.0,0.0,1.0,1,12.5,0.0,2,1,1,211,At Risk
16469.0,24,4,625.42,3.6574269005847952,148,260,1.3058823529411765,65.0,Thursday,13,1,222,0.017937219730941704,1.0,1.0,2.0,148,2.9528654970760235,2.4473210995199395,3,3,3,333,Loyal
16470.0,52,4,715.45,4.416358024691358,118,438,1.9006211180124224,109.5,Wednesday,11,1,307,0.012987012987012988,0.0,1.0,1.0,118,1.9576543209876542,1.8001844430035894,2,3,3,233,Regular
16471.0,275,1,223.95000000000002,17.22692307692308,13,141,0.0,141.0,Thursday,9,1,0,1.0,0.0,0.0,0.0,13,2.2961538461538464,1.5892164655448844,1,1,1,111,Regular
16473.0,165,3,316.11,17.561666666666667,18,196,10.058823529411764,65.33333333333333,Friday,10,1,171,0.01744186046511628,0.0,0.0,0.0,18,2.6505555555555556,2.5958053770565224,1,3,2,132,Regular
16474.0,7,7,1810.65,5.372848664688427,237,909,0.4017857142857143,129.85714285714286,Tuesday,14,1,137,0.050724637681159424,2.0,3.0,6.0,237,2.2656379821958454,1.9019048157247174,4,4,4,444,Champions
16475.0,88,4,502.70000000000005,18.61851851851852,23,255,7.076923076923077,63.75,Friday,9,1,185,0.021505376344086023,0.0,0.0,1.0,23,5.275925925925925,16.001871106760575,2,3,2,232,Regular
16477.0,64,7,2466.62,17.129305555555554,109,1319,2.132867132867133,188.42857142857142,Monday,9,1,307,0.022727272727272728,0.0,0.0,1.0,109,2.3534027777777777,1.3978150598454326,2,4,4,244,Regular
16478.0,25,3,300.76,20.050666666666665,13,152,2.7857142857142856,50.666666666666664,Wednesday,12,1,40,0.07317073170731707,1.0,1.0,3.0,13,3.279333333333333,2.640818235392385,3,3,2,332,Loyal
16479.0,10,2,300.83,8.595142857142857,35,102,0.0,51.0,Tuesday,13,1,0,2.0,2.0,2.0,2.0,35,3.177142857142857,2.510941435150629,4,2,2,422,At Risk
16480.0,76,1,613.77,12.034705882352942,49,335,0.0,335.0,Sunday,11,1,0,1.0,0.0,0.0,1.0,49,3.4080392156862747,3.538427910588453,2,1,3,213,At Risk
16482.0,16,1,167.34,11.156,15,202,0.0,202.0,Thursday,12,1,0,1.0,1.0,1.0,1.0,15,1.56,1.6080556138215052,4,1,1,411,At Risk
16483.0,192,1,139.35,7.334210526315789,19,44,0.0,44.0,Tuesday,13,1,0,1.0,0.0,0.0,0.0,19,4.410526315789474,4.713178302122926,1,1,1,111,Regular
16484.0,174,2,404.3,16.172,25,200,0.7083333333333334,100.0,Thursday,10,1,17,0.1111111111111111,0.0,0.0,0.0,25,3.2872000000000003,3.416408347958422,1,2,2,122,Regular
16485.0,77,1,363.65,8.658333333333333,41,235,0.0,235.0,Friday,15,1,0,1.0,0.0,0.0,1.0,41,3.0811904761904763,3.2362596615507004,2,1,2,212,At Risk
16488.0,33,3,402.0,16.75,23,304,4.956521739130435,101.33333333333333,Thursday,11,1,115,0.02586206896551724,0.0,1.0,1.0,23,5.289166666666667,10.912490616228514,3,3,2,332,Loyal
16491.0,47,1,681.54,18.419999999999998,37,410,0.0,410.0,Monday,10,1,0,1.0,0.0,1.0,1.0,37,2.6475675675675676,2.370118850050217,3,1,3,313,At Risk
16493.0,80,4,1017.5500000000001,23.126136363636366,35,660,5.767441860465116,165.0,Sunday,15,1,250,0.01593625498007968,0.0,0.0,1.0,35,2.119090909090909,2.2876349299961936,2,3,3,233,Regular
16494.0,297,1,723.9300000000001,15.40276595744681,44,543,0.0,543.0,Wednesday,12,1,0,1.0,0.0,0.0,0.0,44,1.5448936170212766,0.8980047262885831,1,1,3,113,Regular
16495.0,3,3,607.46,6.982298850574713,77,280,3.1627906976744184,93.33333333333333,Tuesday,13,1,272,0.01098901098901099,1.0,1.0,1.0,77,3.162758620689655,3.3955725926206037,4,3,3,433,Regular
16496.0,9,3,1548.28,16.82913043478261,90,979,3.3736263736263736,326.3333333333333,Thursday,10,1,308,0.009708737864077669,1.0,1.0,1.0,90,2.9244565217391307,2.8953336326307393,4,3,4,434,Regular
16497.0,50,6,2965.69,21.80654411764706,128,1396,2.088888888888889,232.66666666666666,Friday,13,1,283,0.02112676056338028,0.0,1.0,1.0,128,3.6586029411764707,3.5563541824185765,3,4,4,344,Loyal
16498.0,161,2,100.97,6.731333333333334,15,45,0.0,22.5,Thursday,19,1,0,2.0,0.0,0.0,0.0,15,2.3680000000000003,1.951146915461336,1,2,1,121,Regular
16499.0,360,2,365.45,19.23421052631579,18,127,0.2222222222222222,63.5,Friday,10,1,4,0.4,0.0,0.0,0.0,18,4.302631578947368,3.575707920748411,1,2,2,122,Regular
16500.0,5,6,400.86,36.441818181818185,8,123,32.4,20.5,Thursday,14,1,326,0.01834862385321101,3.0,5.0,5.0,8,17.12,49.05605222599961,4,4,2,442,Champions
16503.0,107,4,1431.93,17.046785714285715,71,569,3.036144578313253,142.25,Thursday,13,1,253,0.015748031496062992,0.0,0.0,0.0,71,4.173571428571428,3.299908959261574,2,3,4,234,Regular
16504.0,25,1,451.84,5.510243902439024,75,474,0.0,474.0,Monday,15,1,0,1.0,1.0,1.0,1.0,75,1.2313414634146342,1.004280667812062,3,1,2,312,At Risk
16506.0,20,2,90.30000000000001,30.100000000000005,3,42,10.0,21.0,Sunday,15,1,20,0.09523809523809523,1.0,2.0,2.0,3,2.183333333333333,0.6806859285554046,3,2,1,321,At Risk
16509.0,297,1,363.70000000000005,27.97692307692308,13,64,0.0,64.0,Wednesday,9,1,0,1.0,0.0,0.0,0.0,13,7.623076923076923,4.175804083477785,1,1,2,112,Regular
16510.0,372,1,248.1,19.084615384615383,13,92,0.0,92.0,Thursday,13,1,0,1.0,0.0,0.0,0.0,13,5.346153846153846,3.954768300127368,1,1,1,111,Regular
16511.0,22,3,871.53,5.516012658227848,134,333,1.5477707006369428,111.0,Friday,10,1,244,0.012244897959183673,1.0,1.0,1.0,134,3.0484177215189874,2.5019392535029654,3,3,3,333,Loyal
16513.0,5,4,874.59,24.988285714285716,33,407,1.0588235294117647,101.75,Sunday,13,1,38,0.10256410256410256,3.0,4.0,4.0,33,2.5905714285714287,1.5734991782220755,4,3,3,433,Regular
16515.0,52,5,1502.04,13.780183486238531,87,664,2.3796296296296298,132.8,Tuesday,11,1,259,0.019230769230769232,0.0,1.0,1.0,87,2.6655963302752292,2.2185353156199867,2,4,4,244,Regular
16516.0,30,1,101.69999999999999,16.95,6,58,0.0,58.0,Wednesday,14,1,0,1.0,1.0,1.0,1.0,6,2.1166666666666667,1.4080719678577038,3,1,1,311,At Risk
16517.0,277,1,162.70000000000002,9.57058823529412,17,96,0.0,96.0,Monday,13,1,0,1.0,0.0,0.0,0.0,17,2.8852941176470592,1.842108566449935,1,1,1,111,Regular
16518.0,61,2,424.32,10.879999999999999,35,279,5.842105263157895,139.5,Sunday,15,1,222,0.008968609865470852,0.0,0.0,1.0,35,2.382820512820513,2.1220632322514366,2,2,2,222,At Risk
16519.0,25,2,215.07999999999998,16.544615384615383,13,54,28.333333333333332,27.0,Monday,15,1,340,0.005865102639296188,1.0,1.0,1.0,13,6.617692307692308,4.978569329044495,3,2,1,321,At Risk
16520.0,186,3,1046.57,6.708782051282051,129,558,1.1483870967741936,186.0,Thursday,13,1,179,0.016666666666666666,0.0,0.0,0.0,129,2.7175641025641024,2.2506063331538226,1,3,3,133,Regular
16523.0,2,21,7215.59,28.978273092369477,142,2897,1.2298387096774193,137.95238095238096,Thursday,13,1,313,0.06687898089171974,3.0,6.0,8.0,142,3.920923694779116,3.5412361653568736,4,4,4,444,Champions
16525.0,2,26,6098.49,53.96893805309735,47,1481,3.142857142857143,56.96153846153846,Wednesday,11,1,364,0.07123287671232877,2.0,3.0,5.0,47,4.8926548672566375,2.897416342222324,4,4,4,444,Champions
16526.0,172,1,290.36,19.357333333333333,15,106,0.0,106.0,Tuesday,12,1,0,1.0,0.0,0.0,0.0,15,5.615333333333334,5.04208129739335,1,1,2,112,Regular
16527.0,81,1,228.06,16.29,14,106,0.0,106.0,Monday,16,1,0,1.0,0.0,0.0,1.0,14,2.922857142857143,1.954711973948822,2,1,1,211,At Risk
16528.0,4,1,230.37,14.398125,16,135,0.0,135.0,Tuesday,12,1,0,1.0,1.0,1.0,1.0,16,3.400625,3.893806139242168,4,1,1,411,At Risk
16529.0,190,1,455.25,15.175,30,198,0.0,198.0,Thursday,17,1,0,1.0,0.0,0.0,0.0,30,3.12,2.313774345984917,1,1,2,112,Regular
16531.0,22,7,1204.8700000000001,16.505068493150688,64,723,4.652777777777778,103.28571428571429,Thursday,14,1,338,0.02064896755162242,1.0,2.0,3.0,64,2.934931506849315,3.3040342021735216,3,4,3,343,Loyal
16533.0,19,3,1003.97,5.803294797687862,109,497,0.27325581395348836,165.66666666666666,Sunday,13,1,48,0.061224489795918366,1.0,2.0,3.0,109,2.626011560693642,2.3285462427267216,3,3,3,333,Loyal
16535.0,5,1,578.63,19.287666666666667,30,320,0.0,320.0,Sunday,15,1,0,1.0,1.0,1.0,1.0,30,3.1113333333333335,3.470495078796975,4,1,3,413,At Risk
16536.0,110,1,548.12,10.15037037037037,49,250,0.0,250.0,Sunday,15,1,0,1.0,0.0,0.0,0.0,49,3.6918518518518515,3.66662925462141,2,1,2,212,At Risk
16539.0,3,4,1388.81,30.862444444444442,36,477,8.386363636363637,119.25,Wednesday,15,1,370,0.01078167115902965,1.0,1.0,1.0,36,3.893333333333333,2.5859322215683562,4,3,4,434,Regular
16542.0,54,1,119.62,23.924,5,46,0.0,46.0,Monday,10,1,0,1.0,0.0,1.0,1.0,5,3.0780000000000003,1.56681843236541,2,2,1,221,At Risk
16545.0,165,1,101.7,50.85,2,30,0.0,30.0,Tuesday,10,1,0,1.0,0.0,0.0,0.0,2,3.175,1.5202795795510773,1,2,1,121,Regular
16546.0,291,2,604.75,28.797619047619047,21,389,4.05,194.5,Tuesday,11,1,81,0.024390243902439025,0.0,0.0,0.0,21,2.0333333333333337,2.088919178267396,1,2,3,123,Regular
16549.0,10,10,3973.7,4.300541125541125,444,2222,0.3477789815817985,222.2,Tuesday,15,1,324,0.03076923076923077,4.0,7.0,8.0,444,2.047478354978355,1.8034327519359439,4,4,4,444,Champions
16550.0,109,5,2253.25,9.085685483870968,160,1240,1.0445344129554657,248.0,Tuesday,13,1,259,0.019230769230769232,0.0,0.0,0.0,160,2.6033870967741937,2.8842809745650113,2,4,4,244,Regular
16551.0,96,3,525.88,21.911666666666665,21,370,10.434782608695652,123.33333333333333,Monday,10,1,240,0.012448132780082987,0.0,0.0,0.0,21,2.36375,2.748232337023358,2,3,2,232,Regular
16552.0,243,2,351.89,23.459333333333333,15,123,9.285714285714286,61.5,Monday,10,1,130,0.015267175572519083,0.0,0.0,0.0,15,4.619333333333333,4.140716754149604,1,2,2,122,Regular
16553.0,205,6,1189.74,39.658,26,404,5.275862068965517,67.33333333333333,Thursday,12,1,154,0.03870967741935484,0.0,0.0,0.0,26,3.5080000000000005,2.9796880188461294,1,4,3,143,Regular
16554.0,42,3,837.1,16.098076923076924,51,402,5.666666666666667,134.0,Friday,14,1,289,0.010344827586206896,0.0,1.0,1.0,51,3.4196153846153843,2.818531784067351,3,3,3,333,Loyal
16555.0,35,2,285.89,16.81705882352941,15,175,4.625,87.5,Monday,12,1,74,0.02666666666666667,0.0,1.0,1.0,15,2.827058823529412,2.128537539914091,3,2,2,322,At Risk
16556.0,67,7,3199.55,15.684068627450982,142,1762,1.4285714285714286,251.71428571428572,Thursday,11,1,293,0.023809523809523808,0.0,0.0,1.0,142,3.9241666666666664,3.804766623043946,2,4,4,244,Regular
16557.0,24,2,236.85,23.685,10,75,12.555555555555555,37.5,Monday,13,1,113,0.017543859649122806,1.0,1.0,1.0,10,7.375,4.72888582132315,3,2,1,321,At Risk
16558.0,1,20,7290.77,16.721949541284406,247,4221,0.8206896551724138,211.05,Friday,13,1,365,0.0546448087431694,2.0,4.0,6.0,247,3.164839449541285,3.179031475715455,4,4,4,444,Champions
16560.0,27,2,841.41,15.02517857142857,52,500,6.0181818181818185,250.0,Sunday,10,1,331,0.006024096385542169,1.0,1.0,1.0,52,3.930535714285714,4.536550319207459,3,2,3,323,At Risk
16561.0,6,2,511.12,16.48774193548387,29,244,1.8,122.0,Tuesday,9,1,54,0.03636363636363636,1.0,2.0,2.0,29,2.8583870967741936,1.883263296823174,4,2,2,422,At Risk
16563.0,54,1,430.3,28.686666666666667,15,158,0.0,158.0,Monday,11,1,0,1.0,0.0,1.0,1.0,15,3.694,3.143200825364397,2,2,2,222,At Risk
16565.0,364,1,35.7,17.85,2,6,0.0,6.0,Friday,15,1,0,1.0,0.0,0.0,0.0,2,5.95,0.0,1,2,1,121,Regular
16566.0,15,5,383.38,27.384285714285713,13,154,21.153846153846153,30.8,Thursday,16,1,277,0.017985611510791366,1.0,2.0,2.0,13,3.176428571428571,3.0221378249456183,4,4,2,442,Champions
16567.0,194,2,593.2,21.185714285714287,28,336,5.2592592592592595,168.0,Friday,9,1,142,0.013986013986013986,0.0,0.0,0.0,28,2.5964285714285715,2.2120012964394338,1,2,3,123,Regular
16569.0,3,1,124.2,24.84,5,93,0.0,93.0,Tuesday,15,1,0,1.0,1.0,1.0,1.0,5,2.592,3.3242247216456353,4,2,1,421,At Risk
16570.0,15,10,2679.56,25.51961904761905,63,1180,2.826923076923077,118.0,Thursday,15,1,296,0.03367003367003367,1.0,4.0,4.0,63,3.589238095238095,2.820740728970541,4,4,4,444,Champions
16571.0,27,3,1282.67,16.65805194805195,67,861,3.3421052631578947,287.0,Thursday,9,1,255,0.01171875,1.0,1.0,1.0,67,2.2485714285714287,2.135898500869139,3,3,3,333,Loyal
16572.0,127,3,1009.6,17.712280701754388,40,532,2.642857142857143,177.33333333333334,Wednesday,12,1,148,0.020134228187919462,0.0,0.0,0.0,40,3.7794736842105263,5.128644843653227,2,3,3,233,Regular
16573.0,85,2,663.61,15.800238095238095,40,360,5.0,180.0,Friday,9,1,205,0.009708737864077669,0.0,0.0,1.0,40,3.7616666666666667,3.2614869545150014,2,2,3,223,At Risk
16574.0,71,1,425.04,15.742222222222223,27,368,0.0,368.0,Thursday,13,1,0,1.0,0.0,0.0,1.0,27,1.458148148148148,1.4002171178813583,2,2,2,222,At Risk
16581.0,183,1,105.84,11.76,9,134,0.0,134.0,Friday,10,1,0,1.0,0.0,0.0,0.0,9,1.1855555555555555,1.0876363260657387,1,2,1,121,Regular
16582.0,113,1,50.099999999999994,12.524999999999999,4,68,0.0,68.0,Thursday,17,1,0,1.0,0.0,0.0,0.0,4,1.06,0.7666811592833099,2,2,1,221,At Risk
16583.0,374,1,233.45,16.675,14,111,0.0,111.0,Wednesday,12,1,0,1.0,0.0,0.0,0.0,14,2.564285714285714,1.1941248117069112,1,2,1,121,Regular
16584.0,80,2,691.88,27.6752,23,300,7.25,150.0,Tuesday,13,1,174,0.011428571428571429,0.0,0.0,1.0,23,2.9016,1.7422439553633127,2,2,3,223,At Risk
16586.0,249,1,463.95,57.99375,8,95,0.0,95.0,Tuesday,9,1,0,1.0,0.0,0.0,0.0,8,4.68125,2.115071342937227,1,2,2,122,Regular
16587.0,232,1,225.15,17.31923076923077,13,71,0.0,71.0,Thursday,15,1,0,1.0,0.0,0.0,0.0,13,6.707692307692308,6.73590646442154,1,2,1,121,Regular
16589.0,71,3,459.24,13.916363636363636,31,368,2.78125,122.66666666666667,Thursday,14,1,90,0.03296703296703297,0.0,0.0,1.0,31,1.8603030303030303,1.4958201864873433,2,3,2,232,Regular
16591.0,69,1,213.5,21.35,10,41,0.0,41.0,Sunday,10,1,0,1.0,0.0,0.0,1.0,10,4.443,1.5686657458560833,2,2,1,221,At Risk
16592.0,4,16,3826.58,18.308995215311004,139,2485,1.3461538461538463,155.3125,Friday,11,1,283,0.056338028169014086,3.0,6.0,6.0,139,2.2292344497607655,2.0180160639083433,4,4,4,444,Champions
16593.0,51,2,260.43,10.016538461538461,23,68,5.56,34.0,Friday,12,1,139,0.014285714285714285,0.0,1.0,1.0,23,4.965,3.8268015365315193,3,2,2,322,At Risk
16594.0,75,1,181.09,3.416792452830189,53,64,0.0,64.0,Sunday,14,1,0,1.0,0.0,0.0,1.0,53,3.0179245283018865,2.9209635913319416,2,2,1,221,At Risk
16595.0,61,1,360.16,4.237176470588236,83,335,0.0,335.0,Sunday,13,1,0,1.0,0.0,0.0,1.0,83,1.7484705882352942,1.7069427598587408,2,2,2,222,At Risk
16596.0,16,2,250.15,20.845833333333335,12,97,31.818181818181817,48.5,Wednesday,16,1,350,0.005698005698005698,1.0,1.0,1.0,12,4.104166666666667,2.645189315559761,4,2,1,421,At Risk
16597.0,4,1,44.24,8.848,5,44,0.0,44.0,Monday,15,1,0,1.0,1.0,1.0,1.0,5,2.0740000000000003,2.5842755271061946,4,2,1,421,At Risk
16598.0,286,1,145.05,14.505,10,73,0.0,73.0,Sunday,11,1,0,1.0,0.0,0.0,0.0,10,2.56,1.5898637258163564,1,2,1,121,Regular
16600.0,4,6,710.8,12.692857142857141,46,857,6.0181818181818185,142.83333333333334,Monday,16,1,334,0.01791044776119403,3.0,3.0,4.0,46,1.54875,1.9808832396410725,4,4,3,443,Champions
16601.0,41,1,228.66,7.884827586206897,28,97,0.0,97.0,Sunday,11,1,0,1.0,0.0,1.0,1.0,28,3.1986206896551725,3.056035859150509,3,2,1,321,At Risk
16602.0,36,1,514.16,18.36285714285714,28,288,0.0,288.0,Thursday,15,1,0,1.0,0.0,1.0,1.0,28,2.5907142857142853,3.126240113727231,3,2,2,322,At Risk
16603.0,75,2,478.47,14.49909090909091,33,380,0.5,190.0,Friday,13,1,16,0.11764705882352941,0.0,0.0,1.0,33,2.2206060606060607,2.4151914253764897,2,2,2,222,At Risk
16607.0,18,13,3100.27,19.498553459119496,130,2095,2.1265822784810124,161.15384615384616,Wednesday,13,1,341,0.038011695906432746,1.0,3.0,4.0,130,4.66874213836478,25.230478874380385,4,4,4,444,Champions
16609.0,15,7,5403.7,19.721532846715327,154,2318,0.8608058608058609,331.14285714285717,Tuesday,13,1,237,0.029411764705882353,1.0,1.0,2.0,154,3.5814598540145988,2.515596344258527,4,4,4,444,Champions
16610.0,219,1,75.66,12.61,6,66,0.0,66.0,Wednesday,13,1,0,1.0,0.0,0.0,0.0,6,1.2966666666666666,0.8238122763510306,1,2,1,121,Regular
16611.0,186,1,129.49,12.949000000000002,9,47,0.0,47.0,Monday,15,1,0,1.0,0.0,0.0,0.0,9,3.7870000000000004,1.8350056009602682,1,2,1,121,Regular
16612.0,33,4,1187.66,17.994848484848486,48,506,4.276923076923077,126.5,Monday,11,1,278,0.014336917562724014,0.0,1.0,1.0,48,3.23469696969697,2.266767416861404,3,3,3,333,Loyal
16613.0,70,1,618.59,20.619666666666667,30,293,0.0,293.0,Friday,15,1,0,1.0,0.0,0.0,1.0,30,2.897,1.7335635015173523,2,2,3,223,At Risk
16614.0,183,1,506.19,19.468846153846155,26,223,0.0,223.0,Friday,11,1,0,1.0,0.0,0.0,0.0,26,4.756538461538462,3.5253447403710094,1,2,2,122,Regular
16616.0,15,2,500.42,15.164242424242424,31,370,4.4375,185.0,Thursday,16,1,142,0.013986013986013986,1.0,1.0,1.0,31,2.83969696969697,6.83955430055958,4,2,2,422,At Risk
16617.0,236,1,91.85,22.9625,4,43,0.0,43.0,Monday,10,1,0,1.0,0.0,0.0,0.0,4,4.575,5.530747387710513,1,2,1,121,Regular
16618.0,31,5,2052.63,23.59344827586207,75,979,3.372093023255814,195.8,Friday,13,1,291,0.017123287671232876,0.0,1.0,1.0,75,3.8477011494252875,4.431305834403885,3,4,4,344,Loyal
16619.0,264,1,226.21,16.157857142857143,14,133,0.0,133.0,Monday,8,1,0,1.0,0.0,0.0,0.0,14,2.6757142857142857,2.038508935795642,1,2,1,121,Regular
16620.0,4,2,178.96,19.884444444444444,9,88,32.125,44.0,Thursday,10,1,257,0.007751937984496124,1.0,1.0,1.0,9,2.9177777777777774,2.3180367651192344,4,2,1,421,At Risk
16621.0,52,4,737.16,26.327142857142857,22,230,8.296296296296296,57.5,Sunday,11,1,226,0.01762114537444934,0.0,1.0,1.0,22,4.717142857142856,4.809755408536602,2,3,3,233,Regular
16623.0,246,1,129.45000000000002,25.890000000000004,5,39,0.0,39.0,Friday,10,1,0,1.0,0.0,0.0,0.0,5,3.1900000000000004,1.3831124321616086,1,2,1,121,Regular
16624.0,81,2,546.59,13.01404761904762,39,218,2.8292682926829267,109.0,Tuesday,12,1,116,0.017094017094017096,0.0,0.0,1.0,39,3.366190476190476,3.1774602163124794,2,2,2,222,At Risk
16625.0,275,1,333.08,14.481739130434782,23,164,0.0,164.0,Thursday,12,1,0,1.0,0.0,0.0,0.0,23,2.737391304347826,2.0417221282564038,1,2,2,122,Regular
16626.0,1,17,3512.74,21.419146341463414,83,1358,1.5828220858895705,79.88235294117646,Friday,12,1,265,0.06390977443609022,4.0,7.0,10.0,83,4.440609756097561,5.372361980130193,4,4,4,444,Champions
16627.0,79,1,304.08,16.004210526315788,19,114,0.0,114.0,Wednesday,14,1,0,1.0,0.0,0.0,1.0,19,5.313684210526316,3.903867328298833,2,2,2,222,At Risk
16628.0,30,5,2188.05,18.701282051282053,79,1205,1.7586206896551724,241.0,Thursday,12,1,205,0.024271844660194174,1.0,1.0,1.0,79,2.440512820512821,2.0205456953906795,3,4,4,344,Loyal
16629.0,74,2,368.75,6.584821428571429,54,269,0.4,134.5,Sunday,16,1,22,0.08695652173913043,0.0,0.0,1.0,54,2.6241071428571425,2.4352888772349814,2,2,2,222,At Risk
16633.0,17,6,2782.3,18.54866666666667,115,1042,1.436241610738255,173.66666666666666,Tuesday,14,1,216,0.027649769585253458,1.0,2.0,3.0,115,4.707533333333333,3.856218013112491,4,4,4,444,Champions
16634.0,223,2,217.9,24.211111111111112,9,82,18.625,41.0,Thursday,17,1,149,0.013333333333333334,0.0,0.0,0.0,9,4.5055555555555555,4.019051850595831,1,2,1,121,Regular
16637.0,32,4,1066.51,16.66421875,62,675,3.0476190476190474,168.75,Monday,11,1,193,0.020618556701030927,0.0,1.0,2.0,62,2.9840625000000003,6.177102551564097,3,3,3,333,Loyal
16638.0,23,10,1518.6000000000001,18.296385542168675,82,847,4.158536585365853,84.7,Tuesday,9,1,346,0.02881844380403458,1.0,1.0,1.0,82,4.251807228915663,7.108345858245428,3,4,4,344,Loyal
16639.0,31,3,1257.51,25.150199999999998,48,510,4.163265306122449,170.0,Tuesday,13,1,204,0.014634146341463415,0.0,1.0,1.0,48,3.3548,2.8020220395643003,3,3,3,333,Loyal
16641.0,106,1,140.38,17.5475,8,64,0.0,64.0,Friday,12,1,0,1.0,0.0,0.0,0.0,8,2.97125,2.3567801127809953,2,2,1,221,At Risk
16642.0,5,2,583.63,20.125172413793102,27,261,7.214285714285714,130.5,Monday,11,1,202,0.009852216748768473,1.0,1.0,1.0,27,3.7882758620689656,3.3042203197096693,4,2,3,423,At Risk
16643.0,246,1,446.71,17.181153846153844,26,221,0.0,221.0,Friday,8,1,0,1.0,0.0,0.0,0.0,26,3.7430769230769227,2.994164683821876,1,2,2,122,Regular
16644.0,178,2,833.78,13.448064516129032,62,826,0.5573770491803278,413.0,Wednesday,12,1,34,0.05714285714285714,0.0,0.0,0.0,62,1.5379032258064516,1.5754251438655693,1,2,3,123,Regular
16647.0,170,2,174.22,13.401538461538461,12,98,2.9166666666666665,49.0,Thursday,9,1,35,0.05555555555555555,0.0,0.0,0.0,12,3.436923076923077,2.843270958524661,1,2,1,121,Regular
16648.0,43,1,267.26,14.847777777777777,18,245,0.0,245.0,Friday,8,1,0,1.0,0.0,1.0,1.0,18,1.2877777777777777,0.8868288219702403,3,2,2,322,At Risk
16650.0,72,1,447.38,20.335454545454546,22,276,0.0,276.0,Thursday,9,1,0,1.0,0.0,0.0,1.0,22,2.390454545454545,2.5032711499588793,2,2,2,222,At Risk
16652.0,59,6,3864.45,44.93546511627907,57,967,2.4941176470588236,161.16666666666666,Wednesday,10,1,214,0.027906976744186046,0.0,1.0,1.0,57,4.846162790697674,3.262599169051157,2,4,4,244,Regular
16653.0,16,2,1212.66,17.574782608695653,67,733,0.8088235294117647,366.5,Thursday,13,1,55,0.03571428571428571,1.0,1.0,2.0,67,3.3256521739130434,3.3811051440150313,4,2,3,423,At Risk
16654.0,141,4,529.87,19.624814814814815,27,198,8.692307692307692,49.5,Monday,15,1,227,0.017543859649122806,0.0,0.0,0.0,27,4.508518518518518,3.7556047384631612,2,3,2,232,Regular
16655.0,18,6,3319.66,13.121185770750987,207,2129,1.2341269841269842,354.8333333333333,Sunday,15,1,314,0.01904761904761905,2.0,2.0,3.0,207,2.6059288537549405,3.111143123451677,4,4,4,444,Champions
16656.0,22,13,1444.28,55.54923076923077,8,378,13.44,29.076923076923077,Tuesday,10,1,342,0.037900874635568516,1.0,2.0,3.0,8,4.227692307692307,1.953801029157898,3,4,4,344,Loyal
16657.0,10,4,794.21,4.26994623655914,155,836,1.3135135135135134,209.0,Wednesday,12,1,244,0.0163265306122449,2.0,2.0,2.0,155,1.6544086021505378,1.854219417533436,4,3,3,433,Regular
16658.0,368,1,123.24,15.405,8,40,0.0,40.0,Monday,13,1,0,1.0,0.0,0.0,0.0,8,3.02125,2.6648582781936345,1,2,1,121,Regular
16659.0,189,1,20.4,20.4,1,24,0.0,24.0,Friday,15,1,0,1.0,0.0,0.0,0.0,1,0.85,0.0,1,2,1,121,Regular
16660.0,16,2,205.97,22.885555555555555,9,131,37.875,65.5,Wednesday,14,1,303,0.006578947368421052,1.0,1.0,1.0,9,2.692222222222222,2.410818210575912,4,2,1,421,At Risk
16665.0,362,1,83.2,10.4,8,23,0.0,23.0,Sunday,14,1,0,1.0,0.0,0.0,0.0,8,5.88125,4.046774509232189,1,2,1,121,Regular
16666.0,19,1,118.98,3.718125,32,233,0.0,233.0,Sunday,14,1,0,1.0,1.0,1.0,1.0,32,0.7559375,0.5219124841666775,3,2,1,321,At Risk
16667.0,68,2,567.1800000000001,10.907307692307693,52,236,4.235294117647059,118.0,Sunday,15,1,216,0.009216589861751152,0.0,0.0,1.0,52,3.5936538461538463,3.255569001708745,2,2,2,222,At Risk
16668.0,15,6,286.56,15.082105263157894,9,270,14.833333333333334,45.0,Monday,12,1,269,0.022222222222222223,1.0,1.0,1.0,9,1.328421052631579,0.9790373001513881,4,4,2,442,Champions
16669.0,24,3,1344.88,8.676645161290324,140,781,0.35064935064935066,260.3333333333333,Wednesday,12,1,54,0.05454545454545454,1.0,1.0,3.0,140,2.766258064516129,2.7995127471190315,3,3,3,333,Loyal
16670.0,17,11,3968.82,16.19926530612245,172,2244,1.3811475409836065,204.0,Wednesday,12,1,341,0.03216374269005848,2.0,3.0,3.0,172,3.024734693877551,2.64421678552126,4,4,4,444,Champions
16671.0,36,1,81.75,81.75,1,15,0.0,15.0,Friday,9,1,0,1.0,0.0,1.0,1.0,1,5.45,0.0,3,2,1,321,At Risk
16672.0,2,17,5017.4,57.671264367816086,19,1368,2.9651162790697674,80.47058823529412,Thursday,10,1,264,0.06415094339622641,1.0,2.0,3.0,19,4.038505747126437,2.501833062272184,4,4,4,444,Champions
16674.0,55,2,304.24,3.2713978494623657,89,181,0.4673913043478261,90.5,Sunday,11,1,43,0.045454545454545456,0.0,1.0,1.0,89,1.9753763440860217,1.778016456579943,2,2,2,222,At Risk
16676.0,34,4,1592.12,17.888988764044942,75,636,3.4318181818181817,159.0,Thursday,15,1,303,0.013157894736842105,0.0,1.0,1.0,75,4.986741573033708,5.081349537833272,3,3,4,334,Loyal
16678.0,3,12,2668.51,17.67225165562914,91,1889,1.8333333333333333,157.41666666666666,Wednesday,13,1,280,0.042704626334519574,3.0,4.0,4.0,91,1.9209933774834436,1.7373611234539532,4,4,4,444,Champions
16679.0,366,1,129.75,43.25,3,29,0.0,29.0,Wednesday,13,1,0,1.0,0.0,0.0,0.0,3,6.916666666666667,5.057996968497839,1,2,1,121,Regular
16680.0,43,1,183.7,18.369999999999997,10,94,0.0,94.0,Thursday,17,1,0,1.0,0.0,1.0,1.0,10,3.03,2.8942663626172656,3,2,1,321,At Risk
16681.0,78,5,987.34,34.04620689655172,15,541,6.178571428571429,108.2,Thursday,10,1,175,0.028409090909090908,0.0,0.0,1.0,15,2.3148275862068965,1.8271144711375895,2,4,3,243,Regular
16682.0,5,5,451.32,26.548235294117646,12,288,11.3125,57.6,Monday,11,1,183,0.02717391304347826,1.0,2.0,2.0,12,2.462941176470588,2.703383908885959,4,4,2,442,Champions
16684.0,4,12,3221.04,103.90451612903226,22,512,11.633333333333333,42.666666666666664,Wednesday,10,1,353,0.03389830508474576,1.0,3.0,3.0,22,7.001935483870968,3.4829034050677112,4,4,4,444,Champions
16685.0,61,2,310.32,5.087213114754098,59,348,0.0,174.0,Sunday,13,1,0,2.0,0.0,0.0,2.0,59,2.2870491803278687,2.540638597060652,2,2,2,222,At Risk
16686.0,47,7,2834.48,5.268550185873606,403,1725,0.5679702048417132,246.42857142857142,Sunday,14,1,307,0.022727272727272728,0.0,1.0,1.0,403,2.7933828996282526,3.4282582520409046,3,4,4,344,Loyal
16688.0,1,4,1181.18,19.686333333333334,50,708,0.9830508474576272,177.0,Thursday,16,1,59,0.06666666666666667,2.0,3.0,4.0,50,2.8398333333333334,2.403207243767623,4,3,3,433,Regular
16689.0,76,2,352.52,32.04727272727273,11,138,0.6,69.0,Sunday,13,1,6,0.2857142857142857,0.0,0.0,2.0,11,4.116363636363636,3.6643615343665883,2,2,2,222,At Risk
16690.0,72,2,173.38,15.761818181818182,10,102,12.9,51.0,Wednesday,15,1,129,0.015384615384615385,0.0,0.0,1.0,10,3.671818181818182,4.7357213139749215,2,2,1,221,At Risk
16692.0,256,2,158.5,79.25,2,2,32.0,1.0,Wednesday,15,1,32,0.06060606060606061,0.0,0.0,0.0,2,79.25,100.05560953789647,1,2,1,121,Regular
16693.0,69,2,477.86,8.099322033898305,58,203,3.5,101.5,Sunday,11,1,203,0.00980392156862745,0.0,0.0,1.0,58,4.353220338983052,3.641846083909854,2,2,2,222,At Risk
16696.0,135,4,657.9,65.78999999999999,7,146,12.333333333333334,36.5,Tuesday,11,1,112,0.035398230088495575,0.0,0.0,0.0,7,3.9300000000000006,1.7034605301496653,2,3,3,233,Regular
16697.0,241,1,112.75,5.369047619047619,20,27,0.0,27.0,Tuesday,17,1,0,1.0,0.0,0.0,0.0,20,4.640476190476191,3.348231587256885,1,2,1,121,Regular
16700.0,9,13,4971.31,16.515980066445184,158,3710,1.1766666666666667,285.38461538461536,Thursday,13,1,357,0.036312849162011177,2.0,2.0,3.0,158,2.07687707641196,1.9767406375578864,4,4,4,444,Champions
16701.0,9,12,2188.12,29.174933333333332,56,928,4.716216216216216,77.33333333333333,Monday,11,1,352,0.0339943342776204,1.0,2.0,2.0,56,3.5411999999999995,2.960705704772136,4,4,4,444,Champions
16705.0,1,20,8490.17,39.48916279069768,106,2334,1.6495327102803738,116.7,Monday,13,1,358,0.055710306406685235,5.0,8.0,10.0,106,5.150418604651162,3.3472113252268696,4,4,4,444,Champions
16706.0,37,3,531.35,4.319918699186992,108,249,0.6229508196721312,83.0,Wednesday,15,1,76,0.03896103896103896,0.0,1.0,1.0,108,2.8052032520325203,3.391052438208212,3,3,2,332,Loyal
16708.0,46,1,656.63,24.31962962962963,27,285,0.0,285.0,Tuesday,12,1,0,1.0,0.0,1.0,1.0,27,3.3644444444444446,3.507719326256716,3,2,3,323,At Risk
16709.0,85,5,2913.83,38.33986842105263,62,683,2.6,136.6,Friday,10,1,197,0.025252525252525252,0.0,0.0,1.0,62,5.627763157894736,4.207387660986869,2,4,4,244,Regular
16710.0,19,10,2415.4900000000002,6.177723785166241,267,1623,0.8871794871794871,162.3,Monday,13,1,349,0.02857142857142857,2.0,2.0,3.0,267,2.397493606138107,2.3434983403264567,3,4,4,344,Loyal
16711.0,3,4,535.83,53.583000000000006,8,129,33.0,32.25,Friday,14,1,299,0.013333333333333334,2.0,2.0,2.0,8,5.394,3.966557981704316,4,3,2,432,Regular
16712.0,9,11,3501.33,8.067580645161291,257,1556,0.605080831408776,141.45454545454547,Monday,15,1,266,0.04119850187265917,3.0,3.0,3.0,257,3.0180645161290323,2.8583845201638143,4,4,4,444,Champions
16713.0,19,15,6095.9800000000005,10.092682119205298,333,3251,0.5638474295190713,216.73333333333332,Tuesday,13,1,347,0.04310344827586207,2.0,2.0,4.0,333,3.1380298013245036,3.2147125390763645,3,4,4,344,Loyal
16714.0,219,3,1129.06,12.977701149425286,77,589,1.1395348837209303,196.33333333333334,Wednesday,13,1,98,0.030303030303030304,0.0,0.0,0.0,77,3.660919540229885,13.337868770184397,1,3,3,133,Regular
16715.0,78,1,99.39999999999999,7.646153846153846,13,234,0.0,234.0,Thursday,18,1,0,1.0,0.0,0.0,1.0,13,0.4807692307692308,0.21281688288532385,2,2,1,221,At Risk
16716.0,267,1,166.8,166.8,1,24,0.0,24.0,Friday,10,1,0,1.0,0.0,0.0,0.0,1,6.95,0.0,1,2,1,121,Regular
16717.0,24,6,3730.28,19.032040816326532,175,1712,1.7435897435897436,285.3333333333333,Wednesday,12,1,342,0.01749271137026239,1.0,2.0,2.0,175,3.5431122448979595,3.626893282086497,3,4,4,344,Loyal
16718.0,369,1,565.73,13.469761904761905,39,311,0.0,311.0,Sunday,13,1,0,1.0,0.0,0.0,0.0,39,2.4135714285714287,2.111739337929491,1,2,2,122,Regular
16719.0,15,7,1705.42,8.83637305699482,106,959,1.8177083333333333,137.0,Monday,9,1,353,0.01977401129943503,1.0,1.0,2.0,106,3.9686010362694297,3.2658961588218403,4,4,4,444,Champions
16720.0,26,1,139.03,5.792916666666667,24,132,0.0,132.0,Sunday,16,1,0,1.0,1.0,1.0,1.0,24,2.47625,2.465354392903522,3,2,1,321,At Risk
16721.0,262,1,292.47,7.904594594594595,37,172,0.0,172.0,Tuesday,16,1,0,1.0,0.0,0.0,0.0,37,2.363243243243243,1.5239441774080362,1,2,2,122,Regular
16722.0,17,13,3271.29,17.58758064516129,85,3103,1.864864864864865,238.69230769230768,Wednesday,15,1,351,0.036931818181818184,1.0,2.0,3.0,85,1.2744623655913978,0.9384282323250104,4,4,4,444,Champions
16723.0,91,2,491.44,12.932631578947369,33,182,0.43243243243243246,91.0,Wednesday,11,1,16,0.11764705882352941,0.0,0.0,0.0,33,7.400789473684211,26.496272596764406,2,2,2,222,At Risk
16725.0,302,7,744.83,5.172430555555556,109,256,0.46853146853146854,36.57142857142857,Wednesday,16,1,69,0.1,0.0,0.0,0.0,109,3.6594444444444445,2.821912701979155,1,4,3,143,Regular
16726.0,26,5,1348.3,7.617514124293785,120,909,1.8920454545454546,181.8,Sunday,13,1,335,0.01488095238095238,1.0,1.0,1.0,120,2.2089830508474577,1.8848607631074514,3,4,3,343,Loyal
16727.0,364,1,256.32,5.825454545454545,41,167,0.0,167.0,Friday,13,1,0,1.0,0.0,0.0,0.0,41,1.6643181818181818,0.9463968333491832,1,2,2,122,Regular
16728.0,46,4,1048.28,3.9858555133079845,218,671,0.8282442748091603,167.75,Sunday,14,1,218,0.0182648401826484,0.0,1.0,1.0,218,2.3329277566539925,2.3988711130234535,3,3,3,333,Loyal
16729.0,38,21,6713.19,10.588627760252365,225,4692,0.30647709320695105,223.42857142857142,Monday,12,1,203,0.10294117647058823,0.0,2.0,4.0,225,2.193328075709779,1.8531485004041544,3,4,4,344,Loyal
16730.0,52,3,627.87,8.3716,71,672,3.5945945945945947,224.0,Tuesday,14,1,267,0.011194029850746268,0.0,1.0,1.0,71,1.4964,1.6554477144069322,2,3,3,233,Regular
16732.0,32,1,589.83,21.845555555555556,27,269,0.0,269.0,Tuesday,9,1,0,1.0,0.0,1.0,1.0,27,3.4955555555555553,2.551457100037806,3,2,3,323,At Risk
16734.0,52,3,596.76,11.701176470588235,44,305,1.22,101.66666666666667,Wednesday,15,1,61,0.04838709677419355,0.0,1.0,1.0,44,3.5762745098039215,3.255021327600981,2,3,3,233,Regular
16735.0,79,5,2015.95,18.666203703703705,86,1218,2.3738317757009346,243.6,Thursday,12,1,255,0.01953125,0.0,0.0,1.0,86,2.5724074074074075,2.1440397150607313,2,4,4,244,Regular
16738.0,298,1,3.75,3.75,1,3,0.0,3.0,Tuesday,9,1,0,1.0,0.0,0.0,0.0,1,1.25,0.0,1,2,1,121,Regular
16739.0,177,1,271.6,24.69090909090909,11,104,0.0,104.0,Thursday,9,1,0,1.0,0.0,0.0,0.0,11,3.2954545454545454,2.778979538018816,1,2,2,122,Regular
16742.0,47,1,464.9,464.9,1,1,0.0,1.0,Monday,12,1,0,1.0,0.0,1.0,1.0,1,464.9,0.0,3,2,2,322,At Risk
16743.0,29,7,2072.65,11.203513513513514,87,1827,1.7717391304347827,261.0,Thursday,12,1,329,0.021212121212121213,1.0,1.0,1.0,87,1.4867567567567568,0.8008380598597067,3,4,4,344,Loyal
16744.0,11,7,1237.07,5.286623931623931,197,714,0.6824034334763949,102.0,Sunday,12,1,161,0.043209876543209874,1.0,3.0,4.0,197,2.5334188034188037,2.4778833423278197,4,4,3,443,Champions
16745.0,87,17,4504.9800000000005,14.86792079207921,144,2435,0.7218543046357616,143.23529411764707,Thursday,12,1,225,0.0752212389380531,0.0,0.0,1.0,144,2.13003300330033,1.4643282704623946,2,4,4,244,Regular
16746.0,5,18,6039.49,14.177206572769952,221,3514,0.8117647058823529,195.22222222222223,Sunday,12,1,354,0.05070422535211268,3.0,4.0,6.0,221,2.8667605633802817,2.7568813282093454,4,4,4,444,Champions
16747.0,38,2,665.98,17.99945945945946,30,363,0.8333333333333334,181.5,Monday,10,1,30,0.06451612903225806,0.0,1.0,2.0,30,3.0864864864864865,2.5058156979938313,3,2,3,323,At Risk
16748.0,18,5,1515.9,21.969565217391306,42,880,4.632352941176471,176.0,Tuesday,14,1,316,0.015772870662460567,1.0,2.0,2.0,42,1.7210144927536233,0.48869617930696396,4,4,4,444,Champions
16750.0,45,5,623.93,6.567684210526315,74,214,1.9680851063829787,42.8,Tuesday,17,1,187,0.026595744680851064,0.0,1.0,2.0,74,3.8141052631578947,4.5454224096797455,3,4,3,343,Loyal
16751.0,31,1,216.02,11.369473684210528,19,277,0.0,277.0,Wednesday,10,1,0,1.0,0.0,1.0,1.0,19,1.296315789473684,1.5455750836440418,3,2,1,321,At Risk
16752.0,373,1,207.5,23.055555555555557,9,54,0.0,54.0,Thursday,12,1,0,1.0,0.0,0.0,0.0,9,13.594444444444443,25.421785003767493,1,2,1,121,Regular
16753.0,58,1,223.92000000000002,6.5858823529411765,34,189,0.0,189.0,Wednesday,13,1,0,1.0,0.0,1.0,1.0,34,2.1223529411764703,2.18523982294369,2,2,1,221,At Risk
16755.0,114,3,1328.79,8.357169811320755,128,794,1.2658227848101267,264.6666666666667,Wednesday,13,1,201,0.01485148514851485,0.0,0.0,0.0,128,2.8040251572327044,2.11406265535237,2,3,3,233,Regular
16756.0,215,1,239.4,18.415384615384617,13,106,0.0,106.0,Monday,9,1,0,1.0,0.0,0.0,0.0,13,3.6584615384615384,3.188619989258274,1,2,1,121,Regular
16757.0,319,1,106.83000000000001,15.261428571428572,7,81,0.0,81.0,Tuesday,11,1,0,1.0,0.0,0.0,0.0,7,1.3628571428571428,1.1233241486130097,1,2,1,121,Regular
16758.0,65,1,270.15999999999997,13.508,20,125,0.0,125.0,Wednesday,14,1,0,1.0,0.0,0.0,1.0,20,4.3214999999999995,4.715591468176271,2,2,2,222,At Risk
16759.0,8,3,760.75,19.01875,38,525,0.5897435897435898,175.0,Wednesday,9,1,23,0.125,1.0,3.0,3.0,38,3.06975,3.825751132884788,4,3,3,433,Regular
16761.0,97,1,195.9,19.59,10,173,0.0,173.0,Sunday,11,1,0,1.0,0.0,0.0,0.0,10,1.3370000000000002,0.8933837050475257,2,2,1,221,At Risk
16762.0,20,3,1207.24,19.162539682539684,51,480,2.0,160.0,Sunday,11,1,124,0.024,1.0,2.0,2.0,51,3.491746031746032,4.940072984860663,3,3,3,333,Loyal
16763.0,199,1,588.4499999999999,26.74772727272727,22,283,0.0,283.0,Wednesday,11,1,0,1.0,0.0,0.0,0.0,22,4.8500000000000005,5.9773381557823395,1,2,3,123,Regular
16764.0,4,13,2790.9500000000003,3.987071428571429,209,1253,0.1917024320457797,96.38461538461539,Friday,12,1,139,0.09285714285714286,4.0,6.0,9.0,209,2.3704571428571426,1.8847681952446695,4,4,4,444,Champions
16765.0,294,1,34.0,34.0,1,4,0.0,4.0,Friday,15,1,0,1.0,0.0,0.0,0.0,1,8.5,0.0,1,2,1,121,Regular
16766.0,273,2,1084.4,33.8875,16,464,0.0,232.0,Friday,13,1,0,2.0,0.0,0.0,0.0,16,2.959375,1.8526544818266188,1,2,3,123,Regular
16767.0,31,10,4222.07,21.651641025641023,131,2794,1.4639175257731958,279.4,Wednesday,9,1,285,0.03496503496503497,0.0,3.0,3.0,131,1.7155384615384615,1.3495356560369745,3,4,4,344,Loyal
16768.0,48,3,368.09000000000003,7.078653846153847,45,108,4.372549019607843,36.0,Sunday,10,1,224,0.013333333333333334,0.0,1.0,1.0,45,4.134807692307692,3.503844102083364,3,3,2,332,Loyal
16769.0,260,1,361.54,9.51421052631579,33,80,0.0,80.0,Thursday,13,1,0,1.0,0.0,0.0,0.0,33,4.653947368421052,3.100973290518059,1,2,2,122,Regular
16770.0,58,5,757.1,5.407857142857143,116,456,2.237410071942446,91.2,Sunday,12,1,314,0.015873015873015872,0.0,1.0,1.0,116,2.3155,3.6086967944060957,2,4,3,243,Regular
16771.0,33,5,2190.89,8.76356,198,1259,1.216867469879518,251.8,Wednesday,14,1,304,0.01639344262295082,0.0,1.0,2.0,198,2.90108,2.6358768218716757,3,4,4,344,Loyal
16773.0,57,1,124.79,5.199583333333334,21,51,0.0,51.0,Thursday,14,1,0,1.0,0.0,1.0,1.0,21,2.9683333333333333,2.4606956716355226,2,2,1,221,At Risk
16774.0,68,4,590.12,12.828695652173913,35,238,2.422222222222222,59.5,Monday,12,1,110,0.036036036036036036,0.0,0.0,1.0,35,2.542826086956522,1.5309004801727761,2,3,3,233,Regular
16775.0,10,11,1691.51,10.773949044585986,84,439,2.2564102564102564,39.90909090909091,Tuesday,15,1,357,0.030726256983240222,1.0,2.0,3.0,84,4.648025477707006,3.1692380463162624,4,4,4,444,Champions
16776.0,60,1,371.54,5.232957746478873,61,254,0.0,254.0,Monday,13,1,0,1.0,0.0,1.0,1.0,61,1.9367605633802816,2.0394815690323203,2,2,2,222,At Risk
16777.0,80,2,222.62,4.6379166666666665,45,62,3.74468085106383,31.0,Sunday,14,1,176,0.011299435028248588,0.0,0.0,1.0,45,3.67625,2.8597995949723916,2,2,1,221,At Risk
16778.0,74,2,245.94,15.37125,16,194,13.266666666666667,97.0,Monday,13,1,199,0.01,0.0,0.0,1.0,16,2.365,2.4326035435310867,2,2,1,221,At Risk
16779.0,2,22,7808.88,26.029600000000002,152,3485,1.1872909698996656,158.4090909090909,Wednesday,12,1,364,0.06027397260273973,5.0,6.0,7.0,152,2.4575666666666667,1.9054188907919551,4,4,4,444,Champions
16780.0,100,2,422.24,7.156610169491525,51,270,2.7241379310344827,135.0,Wednesday,16,1,158,0.012578616352201259,0.0,0.0,0.0,51,2.5869491525423727,2.6776091073666297,2,2,2,222,At Risk
16781.0,372,1,311.25,18.308823529411764,17,113,0.0,113.0,Thursday,14,1,0,1.0,0.0,0.0,0.0,17,5.008823529411765,3.7148450209142996,1,2,2,122,Regular
16782.0,10,13,2267.9500000000003,12.393169398907105,103,705,1.9120879120879122,54.23076923076923,Thursday,11,1,355,0.03651685393258427,2.0,3.0,4.0,103,3.7166666666666663,2.599691514525516,4,4,4,444,Champions
16784.0,20,1,107.6,35.86666666666667,3,24,0.0,24.0,Sunday,12,1,0,1.0,1.0,1.0,1.0,3,4.483333333333333,1.2701705922171767,3,2,1,321,At Risk
16788.0,123,2,594.39,4.016148648648649,138,304,0.891156462585034,152.0,Monday,14,1,131,0.015151515151515152,0.0,0.0,0.0,138,2.4024324324324327,1.661598124919771,2,2,3,223,At Risk
16789.0,8,1,80.80000000000001,16.160000000000004,5,32,0.0,32.0,Thursday,15,1,0,1.0,1.0,1.0,1.0,5,2.8899999999999997,1.0807404868885038,4,2,1,421,At Risk
16790.0,4,6,1517.18,16.49108695652174,87,862,0.3516483516483517,143.66666666666666,Wednesday,11,1,34,0.17142857142857143,3.0,6.0,6.0,87,2.380434782608696,1.5728254921214193,4,4,4,444,Champions
16791.0,29,7,1705.78,5.432420382165605,218,757,0.9584664536741214,108.14285714285714,Tuesday,19,1,303,0.023026315789473683,1.0,2.0,2.0,218,2.9271656050955412,2.5013205313598554,3,4,4,344,Loyal
16792.0,282,2,110.38,9.198333333333332,11,44,0.0,22.0,Wednesday,14,1,0,2.0,0.0,0.0,0.0,11,4.001666666666666,3.700508155113377,1,2,1,121,Regular
16793.0,57,1,243.84,15.24,16,146,0.0,146.0,Thursday,15,1,0,1.0,0.0,1.0,1.0,16,2.426875,2.0142119012987023,2,2,1,221,At Risk
16794.0,1,10,1142.34,4.169124087591241,139,761,0.6410256410256411,76.1,Sunday,14,1,179,0.05555555555555555,4.0,5.0,6.0,139,1.7959854014598542,1.3096290109440345,4,4,3,443,Champions
16795.0,365,1,414.88,6.286060606060606,64,239,0.0,239.0,Thursday,14,1,0,1.0,0.0,0.0,0.0,64,2.2053030303030305,2.063334284186246,1,2,2,122,Regular
16796.0,89,1,305.62,16.97888888888889,18,186,0.0,186.0,Sunday,14,1,0,1.0,0.0,0.0,1.0,18,1.7455555555555555,1.0604672789262302,2,2,2,222,At Risk
16800.0,11,1,1122.33,7.287857142857143,146,428,0.0,428.0,Monday,14,1,0,1.0,1.0,1.0,1.0,146,3.754935064935065,3.5185698310374054,4,2,3,423,At Risk
16801.0,163,4,1527.03,20.918219178082193,70,429,1.5,107.25,Friday,13,1,110,0.036036036036036036,0.0,0.0,0.0,70,6.137945205479452,4.589955204000757,1,3,4,134,Regular
16803.0,65,1,332.3,13.845833333333333,24,245,0.0,245.0,Wednesday,14,1,0,1.0,0.0,0.0,1.0,24,2.1033333333333335,1.5572904748916967,2,2,2,222,At Risk
16804.0,23,3,486.99,8.254067796610169,58,206,4.258620689655173,68.66666666666667,Wednesday,16,1,247,0.012096774193548387,2.0,2.0,2.0,58,3.247457627118644,2.5170580755978205,3,3,2,332,Loyal
16805.0,174,2,397.11,4.2700000000000005,90,281,2.0217391304347827,140.5,Tuesday,13,1,186,0.0106951871657754,0.0,0.0,0.0,90,1.8659139784946237,1.4458179846349202,1,2,2,122,Regular
16806.0,103,4,762.16,8.195268817204301,68,356,1.4565217391304348,89.0,Sunday,15,1,135,0.029411764705882353,0.0,0.0,0.0,68,2.875268817204301,3.3477229741623558,2,3,3,233,Regular
16807.0,143,3,1098.19,16.639242424242425,56,742,1.9692307692307693,247.33333333333334,Wednesday,12,1,128,0.023255813953488372,0.0,0.0,0.0,56,2.5992424242424246,2.815426356894382,2,3,3,233,Regular
16808.0,99,2,261.22,11.873636363636365,21,164,8.333333333333334,82.0,Thursday,19,1,175,0.011363636363636364,0.0,0.0,0.0,21,2.3995454545454544,2.5270922067951975,2,2,2,222,At Risk
16809.0,23,5,914.69,6.138859060402685,79,652,1.6013513513513513,130.4,Tuesday,15,1,239,0.020833333333333332,1.0,1.0,2.0,79,1.5418120805369127,1.2487740224084836,3,4,3,343,Loyal
16810.0,192,1,309.54,20.636000000000003,15,114,0.0,114.0,Tuesday,15,1,0,1.0,0.0,0.0,0.0,15,3.5353333333333334,2.407600662979837,1,2,2,122,Regular
16811.0,5,2,489.23,19.569200000000002,23,261,0.5,130.5,Tuesday,17,1,12,0.15384615384615385,2.0,2.0,2.0,23,2.6180000000000003,2.4092166776776223,4,2,2,422,At Risk
16812.0,361,1,479.35,31.956666666666667,15,81,0.0,81.0,Tuesday,12,1,0,1.0,0.0,0.0,0.0,15,5.533333333333333,3.505692649446176,1,2,2,122,Regular
16813.0,8,10,1578.02,3.730543735224586,245,1141,0.4549763033175355,114.1,Thursday,13,1,196,0.050761421319796954,1.0,2.0,3.0,245,1.7640898345153666,1.6034041279720592,4,4,4,444,Champions
16814.0,14,21,5715.68,18.61785016286645,121,2279,1.1274509803921569,108.52380952380952,Thursday,11,1,355,0.05898876404494382,2.0,3.0,5.0,121,3.368697068403909,2.943365131413606,4,4,4,444,Champions
16816.0,103,4,417.06,14.895,28,274,9.37037037037037,68.5,Sunday,15,1,254,0.01568627450980392,0.0,0.0,0.0,28,2.2528571428571427,1.8520816259566826,2,3,2,232,Regular
16817.0,3,9,1515.1100000000001,18.25433734939759,70,714,4.414634146341464,79.33333333333333,Tuesday,10,1,365,0.02459016393442623,1.0,2.0,2.0,70,3.6632530120481928,5.024863087185593,4,4,4,444,Champions
16818.0,11,11,3275.05,17.702972972972972,169,2032,1.0326086956521738,184.72727272727272,Wednesday,12,1,194,0.05641025641025641,1.0,1.0,2.0,169,2.5578918918918916,3.095192694217288,4,4,4,444,Champions
16820.0,96,1,483.69,19.3476,25,259,0.0,259.0,Monday,12,1,0,1.0,0.0,0.0,0.0,25,3.8768000000000002,4.909841070068696,2,2,2,222,At Risk
16823.0,227,1,358.38,9.431052631578947,34,136,0.0,136.0,Tuesday,15,1,0,1.0,0.0,0.0,0.0,34,3.273157894736842,2.634607622729958,1,2,2,122,Regular
16824.0,16,2,460.64,17.716923076923077,23,236,5.92,118.0,Tuesday,13,1,148,0.013422818791946308,1.0,1.0,1.0,23,3.383076923076923,2.9282237199104433,4,2,2,422,At Risk
16825.0,39,2,602.38,23.16846153846154,25,278,5.88,139.0,Tuesday,11,1,147,0.013513513513513514,0.0,1.0,1.0,25,3.5165384615384614,3.501168881739574,3,2,3,323,At Risk
16826.0,51,1,341.7,15.531818181818181,22,158,0.0,158.0,Wednesday,14,1,0,1.0,0.0,1.0,1.0,22,3.985,3.312026785605972,3,2,2,322,At Risk
16828.0,93,2,128.5,16.0625,8,59,2.7142857142857144,29.5,Friday,13,1,19,0.1,0.0,0.0,0.0,8,3.75,4.58382248472043,2,2,1,221,At Risk
16829.0,157,1,197.22,17.92909090909091,11,99,0.0,99.0,Wednesday,10,1,0,1.0,0.0,0.0,0.0,11,3.019090909090909,2.2570443263057753,1,2,1,121,Regular
16830.0,39,1,325.91,14.170000000000002,23,264,0.0,264.0,Tuesday,11,1,0,1.0,0.0,1.0,1.0,23,2.13,1.4739742195845897,3,2,2,322,At Risk
16832.0,184,3,199.15,16.595833333333335,11,33,3.0,11.0,Friday,14,1,33,0.08823529411764706,0.0,0.0,0.0,11,8.083333333333334,4.398570704493022,1,3,1,131,Regular
16833.0,1,4,1106.53,23.5431914893617,46,440,7.217391304347826,110.0,Sunday,13,1,333,0.011976047904191617,1.0,1.0,1.0,46,3.1982978723404254,2.0300528148504733,4,3,3,433,Regular
16834.0,228,1,413.46,17.2275,24,358,0.0,358.0,Tuesday,9,1,0,1.0,0.0,0.0,0.0,24,1.5062499999999999,1.2066872095697088,1,2,2,122,Regular
16835.0,128,2,180.85,18.085,10,61,27.11111111111111,30.5,Wednesday,17,1,244,0.00816326530612245,0.0,0.0,0.0,10,4.297,2.6925000773754246,2,2,1,221,At Risk
16836.0,40,2,175.55,17.555,10,93,8.444444444444445,46.5,Monday,10,1,76,0.025974025974025976,0.0,1.0,1.0,10,2.286,1.2294822758651982,3,2,1,321,At Risk
16837.0,31,11,3115.3,19.23024691358025,120,1371,1.31055900621118,124.63636363636364,Tuesday,11,1,214,0.05116279069767442,0.0,2.0,2.0,120,4.274938271604938,3.780233527722359,3,4,4,344,Loyal
16838.0,197,2,588.85,23.554000000000002,24,185,3.75,92.5,Thursday,15,1,90,0.02197802197802198,0.0,0.0,0.0,24,11.256799999999998,32.81012010035928,1,2,3,123,Regular
16839.0,9,34,7048.59,39.598820224719105,94,2099,1.9435028248587571,61.73529411764706,Monday,15,1,360,0.09418282548476455,4.0,8.0,12.0,94,3.6962921348314604,3.024511122478192,4,4,4,444,Champions
16841.0,37,6,1692.7,16.75940594059406,89,1510,2.48,251.66666666666666,Tuesday,12,1,250,0.02390438247011952,0.0,1.0,1.0,89,1.4242574257425742,1.2777428117854184,3,4,4,344,Loyal
16842.0,101,3,1264.19,20.066507936507936,45,693,3.2419354838709675,231.0,Thursday,14,1,201,0.01485148514851485,0.0,0.0,0.0,45,3.161111111111111,3.087155550127172,2,3,3,233,Regular
16843.0,43,16,7238.47,25.668333333333333,182,4309,0.9928825622775801,269.3125,Thursday,14,1,284,0.056140350877192984,0.0,1.0,3.0,182,2.2951063829787235,2.7857080898034035,3,4,4,344,Loyal
16846.0,50,1,214.32,19.483636363636364,11,135,0.0,135.0,Thursday,13,1,0,1.0,0.0,1.0,1.0,11,2.661818181818182,2.1893186985079085,3,2,1,321,At Risk
16847.0,43,1,193.44,16.12,12,78,0.0,78.0,Thursday,13,1,0,1.0,0.0,1.0,1.0,12,3.3074999999999997,1.9902586629517645,3,2,1,321,At Risk
16848.0,53,1,281.42,20.101428571428574,14,182,0.0,182.0,Tuesday,8,1,0,1.0,0.0,1.0,1.0,14,1.7100000000000002,0.7934636824610284,2,2,2,222,At Risk
16849.0,187,1,124.57,15.57125,8,33,0.0,33.0,Monday,9,1,0,1.0,0.0,0.0,0.0,8,5.1049999999999995,3.2790547418425326,1,2,1,121,Regular
16850.0,334,1,317.29,17.627222222222223,18,213,0.0,213.0,Monday,11,1,0,1.0,0.0,0.0,0.0,18,2.2155555555555555,1.5827943355018468,1,2,2,122,Regular
16851.0,4,3,322.29,16.96263157894737,16,223,2.611111111111111,74.33333333333333,Wednesday,9,1,47,0.0625,1.0,3.0,3.0,16,2.044736842105263,1.4605454400518119,4,3,2,432,Regular
16852.0,10,2,144.91,16.10111111111111,9,56,20.625,28.0,Thursday,15,1,165,0.012048192771084338,1.0,1.0,1.0,9,8.315555555555555,12.247665196998888,4,2,1,421,At Risk
16855.0,24,2,328.40000000000003,17.284210526315793,19,164,1.0555555555555556,82.0,Wednesday,12,1,19,0.1,1.0,2.0,2.0,19,3.7394736842105263,3.5031564714065935,3,2,2,322,At Risk
16856.0,15,1,35.400000000000006,17.700000000000003,2,12,0.0,12.0,Friday,8,1,0,1.0,1.0,1.0,1.0,2,2.95,0.0,4,2,1,421,At Risk
16858.0,369,1,375.69000000000005,37.569,9,91,0.0,91.0,Monday,9,1,0,1.0,0.0,0.0,0.0,9,5.349,2.18286483523119,1,2,2,122,Regular
16859.0,145,2,695.43,14.488124999999998,46,689,2.4680851063829787,344.5,Monday,12,1,116,0.017094017094017096,0.0,0.0,0.0,46,3.0245833333333336,7.481905536759531,1,2,3,123,Regular
16861.0,60,2,112.80000000000001,28.200000000000003,4,44,32.666666666666664,22.0,Monday,15,1,98,0.020202020202020204,0.0,1.0,1.0,4,2.5250000000000004,0.49074772881118206,2,2,1,221,At Risk
16863.0,31,2,438.88,18.286666666666665,23,321,14.565217391304348,160.5,Tuesday,15,1,335,0.005952380952380952,0.0,1.0,1.0,23,1.7558333333333334,1.2205270303782942,3,2,2,322,At Risk
16866.0,141,3,207.74,18.885454545454547,10,60,1.9,20.0,Friday,10,1,20,0.14285714285714285,0.0,0.0,0.0,10,3.808181818181818,4.114029212783541,2,3,1,231,Regular
16869.0,23,4,756.34,6.149105691056911,109,433,1.2377049180327868,108.25,Wednesday,12,1,152,0.026143790849673203,1.0,2.0,2.0,109,2.3467479674796747,2.150670309513117,3,3,3,333,Loyal
16871.0,22,6,2812.34,20.528029197080293,131,1253,1.8235294117647058,208.83333333333334,Friday,11,1,248,0.024096385542168676,1.0,1.0,2.0,131,3.4572992700729923,3.0944503226719853,3,4,4,344,Loyal
16872.0,77,1,62.7,31.35,2,2,0.0,2.0,Friday,16,1,0,1.0,0.0,0.0,1.0,2,31.35,26.30437226013957,2,2,1,221,At Risk
16873.0,5,6,6443.14,24.592137404580154,167,2948,1.3639846743295019,491.3333333333333,Friday,15,1,359,0.016666666666666666,1.0,1.0,2.0,167,3.6801145038167937,10.934804795950223,4,4,4,444,Champions
16875.0,67,5,2095.53,18.710089285714286,93,1069,2.4414414414414414,213.8,Monday,13,1,272,0.018315018315018316,0.0,0.0,1.0,93,3.585267857142857,3.3949795896430164,2,4,4,244,Regular
16877.0,12,6,846.62,5.427051282051282,111,458,1.2451612903225806,76.33333333333333,Sunday,16,1,195,0.030612244897959183,3.0,4.0,4.0,111,2.5448717948717947,2.5397433162604566,4,4,3,443,Champions
16878.0,84,1,13.3,4.433333333333334,3,12,0.0,12.0,Friday,17,1,0,1.0,0.0,0.0,1.0,3,1.5833333333333333,0.8504900548115382,2,2,1,221,At Risk
16880.0,31,7,1471.27,8.504450867052023,120,698,0.9069767441860465,99.71428571428571,Sunday,12,1,158,0.0440251572327044,0.0,1.0,1.0,120,3.7116184971098267,3.42041863582618,3,4,4,344,Loyal
16882.0,67,3,705.12,18.080000000000002,39,424,6.552631578947368,141.33333333333334,Tuesday,10,1,250,0.01195219123505976,0.0,0.0,1.0,39,2.767179487179487,2.577032104366683,2,3,3,233,Regular
16883.0,187,2,272.48,7.364324324324325,33,103,5.111111111111111,51.5,Sunday,12,1,184,0.010810810810810811,0.0,0.0,0.0,33,3.6686486486486487,3.701108063931787,1,2,2,122,Regular
16884.0,38,2,399.96,15.998399999999998,25,284,0.0,142.0,Wednesday,10,1,0,2.0,0.0,2.0,2.0,25,2.0432,1.7404805849726297,3,2,2,322,At Risk
16885.0,15,3,450.41,4.691770833333334,82,178,3.5789473684210527,59.333333333333336,Thursday,13,1,341,0.008771929824561403,1.0,2.0,2.0,82,3.4257291666666667,2.8528566458317988,4,3,2,432,Regular
16887.0,35,1,192.32999999999998,5.342499999999999,35,156,0.0,156.0,Friday,14,1,0,1.0,0.0,1.0,1.0,35,1.9522222222222223,2.1684900752249727,3,2,1,321,At Risk
16889.0,195,3,1572.79,11.737238805970149,111,897,1.0601503759398496,299.0,Sunday,11,1,142,0.02097902097902098,0.0,0.0,0.0,111,3.120597014925373,2.911247765249072,1,3,4,134,Regular
16891.0,2,5,742.43,3.991559139784946,166,265,1.9891891891891893,53.0,Thursday,11,1,369,0.013513513513513514,1.0,2.0,2.0,166,3.075913978494624,2.4279501916433217,4,4,3,443,Champions
16892.0,1,5,518.19,5.3421649484536085,87,236,1.8958333333333333,47.2,Thursday,13,1,182,0.0273224043715847,4.0,4.0,4.0,87,3.265360824742268,4.2857700741950655,4,4,2,442,Champions
16893.0,367,1,145.93,3.242888888888889,44,62,0.0,62.0,Wednesday,12,1,0,1.0,0.0,0.0,0.0,44,2.5971111111111114,1.985881556275589,1,2,1,121,Regular
16895.0,65,1,202.27,3.26241935483871,57,91,0.0,91.0,Thursday,12,1,0,1.0,0.0,0.0,1.0,57,2.5338709677419353,2.203676030783905,2,2,1,221,At Risk
16897.0,299,2,289.78,7.831891891891891,37,73,0.3888888888888889,36.5,Sunday,11,1,14,0.13333333333333333,0.0,0.0,0.0,37,5.09972972972973,3.509622080388022,1,2,2,122,Regular
16898.0,26,3,494.19,3.167884615384615,150,376,2.206451612903226,125.33333333333333,Wednesday,13,1,342,0.008746355685131196,1.0,1.0,1.0,150,2.0933333333333333,2.1212565762692615,3,3,2,332,Loyal
16899.0,8,6,1230.26,10.084098360655737,80,472,2.8925619834710745,78.66666666666667,Sunday,11,1,352,0.0169971671388102,2.0,2.0,3.0,80,3.3788524590163935,2.6728643121087,4,4,3,443,Champions
16900.0,17,3,803.25,10.85472972972973,73,571,0.6164383561643836,190.33333333333334,Friday,13,1,46,0.06382978723404255,2.0,2.0,3.0,73,2.239864864864865,1.8229416940331644,4,3,3,433,Regular
16902.0,116,1,1607.64,38.27714285714286,41,545,0.0,545.0,Monday,14,1,0,1.0,0.0,0.0,0.0,41,3.9902380952380954,4.2375409851073504,2,2,4,224,At Risk
16903.0,29,1,363.2,6.485714285714286,50,247,0.0,247.0,Thursday,15,1,0,1.0,1.0,1.0,1.0,50,2.4151785714285716,2.3449233296800815,3,2,2,322,At Risk
16904.0,4,16,3405.43,5.183302891933029,384,1610,0.5426829268292683,100.625,Thursday,13,1,362,0.0440771349862259,2.0,2.0,2.0,384,2.828843226788432,2.806542748012451,4,4,4,444,Champions
16905.0,5,7,2701.28,14.069166666666668,117,1109,1.905759162303665,158.42857142857142,Sunday,15,1,366,0.01907356948228883,3.0,4.0,4.0,117,3.6446354166666666,3.282752623614676,4,4,4,444,Champions
16906.0,82,4,457.83000000000004,5.386235294117648,74,167,1.9642857142857142,41.75,Monday,11,1,166,0.023952095808383235,0.0,0.0,1.0,74,3.3816470588235292,3.1751718540137337,2,3,2,232,Regular
16907.0,29,5,928.76,6.634,89,286,2.402877697841727,57.2,Thursday,16,1,336,0.01483679525222552,1.0,1.0,1.0,89,3.7702857142857145,3.058020458795715,3,4,3,343,Loyal
16909.0,72,1,263.22,16.45125,16,184,0.0,184.0,Wednesday,16,1,0,1.0,0.0,0.0,1.0,16,3.555,3.0993160535834354,2,2,2,222,At Risk
16910.0,4,8,1508.96,2.7687339449541284,318,884,0.15441176470588236,110.5,Friday,14,1,86,0.09195402298850575,2.0,3.0,7.0,318,2.1793577981651375,2.396319280515768,4,4,4,444,Champions
16912.0,29,11,2476.98,25.27530612244898,86,941,3.0103092783505154,85.54545454545455,Monday,12,1,294,0.03728813559322034,1.0,1.0,4.0,86,4.116326530612246,3.1496998344156117,3,4,4,344,Loyal
16913.0,290,1,53.44,7.634285714285714,7,34,0.0,34.0,Tuesday,12,1,0,1.0,0.0,0.0,0.0,7,2.1885714285714286,1.953735128511783,1,2,1,121,Regular
16914.0,36,1,133.76,4.612413793103448,24,72,0.0,72.0,Thursday,15,1,0,1.0,0.0,1.0,1.0,24,2.649655172413793,2.4702175768234045,3,2,1,321,At Risk
16915.0,9,6,621.6800000000001,10.906666666666668,46,132,4.875,22.0,Tuesday,16,1,274,0.02181818181818182,1.0,2.0,2.0,46,5.300175438596492,6.89300123604372,4,4,3,443,Champions
16916.0,24,2,548.73,4.095,127,359,2.6165413533834587,179.5,Wednesday,12,1,348,0.0057306590257879654,1.0,1.0,1.0,127,2.2885074626865674,1.8643672987788429,3,2,2,322,At Risk
16917.0,277,1,192.8,27.542857142857144,7,112,0.0,112.0,Tuesday,11,1,0,1.0,0.0,0.0,0.0,7,4.464285714285714,5.150219597722208,1,2,1,121,Regular
16918.0,50,6,1005.82,7.982698412698413,96,661,2.128,110.16666666666667,Monday,13,1,267,0.022388059701492536,0.0,1.0,3.0,96,2.096984126984127,1.9957660263031909,3,4,3,343,Loyal
16919.0,156,11,2592.25,7.951687116564417,141,1403,0.6369230769230769,127.54545454545455,Tuesday,13,1,212,0.051643192488262914,0.0,0.0,0.0,141,2.802239263803681,2.6898493325477273,1,4,4,144,Regular
16921.0,61,1,154.18,2.8032727272727276,50,154,0.0,154.0,Sunday,16,1,0,1.0,0.0,0.0,1.0,50,1.557818181818182,1.5133831255992272,2,2,1,221,At Risk
16923.0,12,17,6326.76,10.270714285714286,308,2616,0.5577235772357724,153.88235294117646,Sunday,11,1,350,0.04843304843304843,3.0,4.0,5.0,308,3.1227272727272726,2.7610542402076788,4,4,4,444,Champions
16924.0,21,3,829.89,10.245555555555555,69,467,0.775,155.66666666666666,Friday,12,1,62,0.047619047619047616,1.0,1.0,3.0,69,2.6811111111111114,2.3919155503487155,3,3,3,333,Loyal
16926.0,371,1,230.25,16.446428571428573,14,35,0.0,35.0,Friday,13,1,0,1.0,0.0,0.0,0.0,14,6.978571428571429,2.100156980003957,1,2,1,121,Regular
16927.0,276,2,139.85,34.9625,4,33,28.333333333333332,16.5,Tuesday,13,1,85,0.023255813953488372,0.0,0.0,0.0,4,4.15,2.1954498400100153,1,2,1,121,Regular
16928.0,80,17,1970.37,10.536737967914437,66,1403,1.532258064516129,82.52941176470588,Tuesday,13,1,292,0.05802047781569966,0.0,0.0,2.0,66,1.955614973262032,2.0659112445388916,2,4,4,244,Regular
16929.0,4,7,1227.71,17.05152777777778,51,753,2.084507042253521,107.57142857142857,Thursday,12,1,151,0.046052631578947366,3.0,4.0,5.0,51,2.1966666666666668,1.4591180048620729,4,4,3,443,Champions
16930.0,26,3,360.17,6.926346153846154,46,291,0.8235294117647058,97.0,Sunday,14,1,42,0.06976744186046512,1.0,1.0,3.0,46,1.6638461538461538,1.9541811924000332,3,3,2,332,Loyal
16931.0,5,21,4498.35,5.123405466970388,445,2858,0.40364880273660203,136.0952380952381,Sunday,12,1,364,0.057534246575342465,2.0,4.0,7.0,445,2.0621526195899773,1.8088721016112308,4,4,4,444,Champions
16932.0,53,1,150.23000000000002,3.129791666666667,44,82,0.0,82.0,Monday,14,1,0,1.0,0.0,1.0,1.0,44,2.167708333333333,1.7029002039491126,2,2,1,221,At Risk
16933.0,1,2,548.11,12.746744186046511,41,252,5.642857142857143,126.0,Thursday,12,1,237,0.008403361344537815,1.0,1.0,1.0,41,2.9441860465116276,2.5576293269522807,4,2,2,422,At Risk
16934.0,55,2,931.03,15.262786885245902,59,397,0.0,198.5,Sunday,12,1,0,2.0,0.0,2.0,2.0,59,3.928524590163934,3.6006614374146935,2,2,3,223,At Risk
16936.0,26,1,255.06,4.6374545454545455,55,135,0.0,135.0,Monday,11,1,0,1.0,1.0,1.0,1.0,55,1.9274545454545455,1.4201306906236406,3,2,2,322,At Risk
16938.0,9,4,1848.19,7.932145922746781,211,946,1.2844827586206897,236.5,Sunday,13,1,300,0.013289036544850499,1.0,1.0,1.0,211,2.8480257510729614,2.1641006054175285,4,3,4,434,Regular
16940.0,52,3,2996.2400000000002,9.954285714285716,222,1965,0.79,655.0,Tuesday,13,1,237,0.012605042016806723,0.0,1.0,1.0,222,2.1030232558139534,1.8042839289103119,2,3,4,234,Regular
16942.0,13,9,1904.99,6.877220216606498,159,805,0.7681159420289855,89.44444444444444,Sunday,12,1,215,0.041666666666666664,1.0,2.0,2.0,159,2.984693140794224,2.4199559066807126,4,4,4,444,Champions
16943.0,212,3,816.73,24.74939393939394,23,145,3.3125,48.333333333333336,Tuesday,14,1,106,0.028037383177570093,0.0,0.0,0.0,23,6.822424242424242,3.3315818599268936,1,3,3,133,Regular
16945.0,22,19,4217.9400000000005,17.286639344262298,133,2455,1.3580246913580247,129.21052631578948,Tuesday,12,1,336,0.05637982195845697,1.0,5.0,6.0,133,2.2611065573770492,1.6918069348031948,3,4,4,344,Loyal
16947.0,236,1,375.28,18.764,20,264,0.0,264.0,Monday,9,1,0,1.0,0.0,0.0,0.0,20,2.709,2.575834867214491,1,2,2,122,Regular
16948.0,139,3,212.89999999999998,17.741666666666664,11,170,16.90909090909091,56.666666666666664,Tuesday,10,1,187,0.015957446808510637,0.0,0.0,0.0,11,1.55,1.8240813378993623,2,3,1,231,Regular
16949.0,4,6,1244.27,21.45293103448276,55,671,5.456140350877193,111.83333333333333,Sunday,11,1,312,0.019169329073482427,1.0,2.0,2.0,55,6.60551724137931,22.894223141145005,4,4,3,443,Champions
16950.0,57,3,889.2,24.700000000000003,34,364,8.82857142857143,121.33333333333333,Sunday,13,1,310,0.00964630225080386,0.0,1.0,1.0,34,3.4347222222222222,3.202072084591575,2,3,3,233,Regular
16951.0,135,3,1212.71,15.158875,69,1102,2.1392405063291138,367.3333333333333,Tuesday,14,1,169,0.01764705882352941,0.0,0.0,0.0,69,1.5383749999999998,2.0366113850080247,2,3,3,233,Regular
16952.0,109,2,167.61,10.475625,16,92,0.0,46.0,Monday,12,1,0,2.0,0.0,0.0,0.0,16,5.236875,4.812614976981503,2,3,1,231,Regular
16953.0,30,1,20.8,20.8,1,10,0.0,10.0,Wednesday,15,1,0,1.0,1.0,1.0,1.0,1,2.08,0.0,3,2,1,321,At Risk
16954.0,1,9,1654.1599999999999,35.19489361702127,38,730,7.717391304347826,81.11111111111111,Monday,10,1,358,0.025069637883008356,4.0,5.0,5.0,38,3.647659574468085,3.780867287648233,4,4,4,444,Champions
16955.0,185,4,477.87,19.91125,17,218,8.130434782608695,54.5,Wednesday,10,1,188,0.021164021164021163,0.0,0.0,0.0,17,4.337916666666667,4.067829224715472,1,3,2,132,Regular
16956.0,18,1,308.74,19.29625,16,114,0.0,114.0,Tuesday,8,1,0,1.0,1.0,1.0,1.0,16,4.229375,4.015570476283538,4,2,2,422,At Risk
16957.0,239,2,416.64,26.04,15,172,2.8,86.0,Thursday,13,1,42,0.046511627906976744,0.0,0.0,0.0,15,3.329375,2.8843612088872175,1,3,2,132,Regular
16959.0,87,1,117.35000000000001,16.764285714285716,7,49,0.0,49.0,Tuesday,15,1,0,1.0,0.0,0.0,1.0,7,3.007142857142857,1.8875532159007182,2,2,1,221,At Risk
16960.0,39,3,507.05,5.02029702970297,92,304,2.12,101.33333333333333,Friday,11,1,213,0.014018691588785047,0.0,1.0,2.0,92,2.0174257425742574,1.455157485267727,3,3,2,332,Loyal
16961.0,116,1,234.17000000000002,16.726428571428574,14,125,0.0,125.0,Monday,13,1,0,1.0,0.0,0.0,0.0,14,2.674285714285714,1.7978479198355857,2,2,1,221,At Risk
16963.0,187,1,110.55000000000001,15.792857142857144,7,35,0.0,35.0,Sunday,13,1,0,1.0,0.0,0.0,0.0,7,3.342857142857143,0.9057356915000883,1,2,1,121,Regular
16965.0,227,1,141.25,6.141304347826087,23,105,0.0,105.0,Wednesday,12,1,0,1.0,0.0,0.0,0.0,23,2.591304347826087,2.9040838085011282,1,2,1,121,Regular
16966.0,45,2,116.05,38.68333333333333,2,49,97.5,24.5,Wednesday,14,1,195,0.01020408163265306,0.0,1.0,1.0,2,2.65,1.0392304845413265,3,3,1,331,Loyal
16967.0,189,1,305.09999999999997,15.254999999999999,20,285,0.0,285.0,Friday,14,1,0,1.0,0.0,0.0,0.0,20,1.183,0.5134721844564964,1,2,2,122,Regular
16968.0,4,2,439.43,14.175161290322581,31,326,3.433333333333333,163.0,Monday,15,1,103,0.019230769230769232,1.0,1.0,1.0,31,2.803548387096774,2.7886442923484003,4,3,2,432,Regular
16969.0,39,3,594.85,15.653947368421052,38,468,4.081081081081081,156.0,Wednesday,12,1,152,0.0196078431372549,0.0,1.0,1.0,38,2.607894736842105,3.0619823625586413,3,3,3,333,Loyal
16971.0,38,1,357.21,8.712439024390243,40,72,0.0,72.0,Tuesday,15,1,0,1.0,0.0,1.0,1.0,40,7.760731707317073,19.3594305688783,3,2,2,322,At Risk
16976.0,267,1,175.2,175.2,1,16,0.0,16.0,Thursday,16,1,0,1.0,0.0,0.0,0.0,1,10.95,0.0,1,2,1,121,Regular
16978.0,78,1,344.33,8.828974358974358,39,166,0.0,166.0,Friday,12,1,0,1.0,0.0,0.0,1.0,39,2.944871794871795,2.438043728068266,2,2,2,222,At Risk
16979.0,4,6,1698.88,20.718048780487806,60,529,3.5925925925925926,88.16666666666667,Tuesday,13,1,294,0.020338983050847456,3.0,4.0,4.0,60,3.7284146341463416,3.120324638663002,4,4,4,444,Champions
16980.0,255,2,795.26,9.94075,70,519,0.45569620253164556,259.5,Monday,12,1,36,0.05405405405405406,0.0,0.0,0.0,70,2.3786250000000004,2.0498291029414677,1,3,3,133,Regular
16982.0,61,1,384.06,17.457272727272727,22,182,0.0,182.0,Monday,12,1,0,1.0,0.0,0.0,1.0,22,2.453181818181818,1.0259369068303066,2,2,2,222,At Risk
16983.0,13,7,1716.8700000000001,12.717555555555556,105,971,2.6417910447761193,138.71428571428572,Sunday,11,1,356,0.0196078431372549,2.0,2.0,2.0,105,2.5115555555555558,2.5662385699716133,4,4,4,444,Champions
16984.0,88,2,3712.55,9.593152454780363,343,1833,0.10621761658031088,916.5,Monday,17,1,41,0.047619047619047616,0.0,0.0,1.0,343,3.6143669250645996,3.2947229434876038,2,3,4,234,Regular
16985.0,17,10,4309.64,39.17854545454546,61,1328,3.1009174311926606,132.8,Tuesday,10,1,341,0.029239766081871343,2.0,2.0,3.0,61,4.39,3.051292401770259,4,4,4,444,Champions
16986.0,30,1,20.8,20.8,1,10,0.0,10.0,Wednesday,15,1,0,1.0,1.0,1.0,1.0,1,2.08,0.0,3,2,1,321,At Risk
16987.0,3,7,1616.8,12.63125,74,401,1.5748031496062993,57.285714285714285,Sunday,17,1,202,0.034482758620689655,1.0,4.0,4.0,74,4.71765625,3.851578771167975,4,4,4,444,Champions
16988.0,5,1,126.12,18.017142857142858,7,43,0.0,43.0,Sunday,16,1,0,1.0,1.0,1.0,1.0,7,5.977142857142858,5.120073939198256,4,2,1,421,At Risk
16989.0,7,3,110.55000000000001,36.85,1,67,45.5,22.333333333333332,Friday,13,1,91,0.03260869565217391,1.0,1.0,2.0,1,1.6499999999999997,0.0,4,3,1,431,Regular
16992.0,11,5,1561.51,17.15945054945055,83,764,3.011111111111111,152.8,Monday,10,1,274,0.01818181818181818,1.0,2.0,2.0,83,3.888131868131868,3.500896365246387,4,4,4,444,Champions
16996.0,30,6,1335.2800000000002,38.15085714285715,13,472,9.441176470588236,78.66666666666667,Wednesday,14,1,323,0.018518518518518517,1.0,1.0,1.0,13,3.058,1.3546972746271961,3,4,3,343,Loyal
16997.0,288,2,117.0,23.4,5,60,5.25,30.0,Thursday,15,1,21,0.09090909090909091,0.0,0.0,0.0,5,1.95,0.0,1,3,1,131,Regular
16998.0,150,3,105.4,35.13333333333333,1,28,76.5,9.333333333333334,Tuesday,15,1,154,0.01935483870967742,0.0,0.0,0.0,1,3.8166666666666664,0.11547005383792519,1,3,1,131,Regular
16999.0,23,2,305.82,13.90090909090909,20,194,2.380952380952381,97.0,Monday,15,1,50,0.0392156862745098,1.0,1.0,2.0,20,2.4563636363636365,1.9561661859837336,3,3,2,332,Loyal
17001.0,1,11,3692.41,23.0775625,72,1832,2.220125786163522,166.54545454545453,Monday,15,1,358,0.03064066852367688,2.0,3.0,3.0,72,3.1763749999999997,3.368024165104752,4,4,4,444,Champions
17002.0,86,3,1285.05,29.205681818181816,38,475,4.744186046511628,158.33333333333334,Thursday,11,1,205,0.014563106796116505,0.0,0.0,1.0,38,3.7104545454545454,3.351983067716472,2,3,3,233,Regular
17004.0,46,2,703.14,19.003783783783785,32,351,1.2777777777777777,175.5,Thursday,12,1,46,0.0425531914893617,0.0,1.0,1.0,32,2.86972972972973,3.0633591642785487,3,3,3,333,Loyal
17006.0,5,4,781.78,17.76772727272727,37,272,1.6046511627906976,68.0,Monday,12,1,70,0.056338028169014086,2.0,3.0,4.0,37,3.7497727272727275,2.7910342241128347,4,3,3,433,Regular
17007.0,51,6,833.21,17.004285714285714,48,461,6.354166666666667,76.83333333333333,Thursday,10,1,306,0.019543973941368076,0.0,1.0,1.0,48,3.5059183673469385,3.767746850112227,3,4,3,343,Loyal
17010.0,18,1,171.96,17.196,10,82,0.0,82.0,Monday,14,1,0,1.0,1.0,1.0,1.0,10,2.74,1.4160508465447137,4,2,1,421,At Risk
17011.0,30,1,270.9,18.06,15,186,0.0,186.0,Wednesday,13,1,0,1.0,1.0,1.0,1.0,15,1.79,1.1622330722732486,3,2,2,322,At Risk
17014.0,8,3,583.4300000000001,8.103194444444446,63,243,0.8028169014084507,81.0,Monday,14,1,58,0.05084745762711865,1.0,2.0,3.0,63,2.9747222222222223,2.516139997125164,4,3,3,433,Regular
17015.0,29,3,1788.69,8.477203791469195,179,1864,0.7428571428571429,621.3333333333334,Tuesday,13,1,156,0.01910828025477707,1.0,1.0,2.0,179,1.4322748815165876,1.4465685308883693,3,3,4,334,Loyal
17017.0,3,19,5292.44,27.709109947643977,82,3111,1.9157894736842105,163.73684210526315,Thursday,14,1,369,0.051351351351351354,4.0,5.0,6.0,82,1.879633507853403,1.0682845923440696,4,4,4,444,Champions
17018.0,41,2,889.5,59.3,14,140,20.357142857142858,70.0,Sunday,11,1,285,0.006993006993006993,0.0,1.0,1.0,14,6.581333333333333,2.4172944340630873,3,3,3,333,Loyal
17019.0,11,4,1258.08,5.517894736842105,166,820,1.5638766519823788,205.0,Monday,11,1,357,0.0111731843575419,1.0,1.0,1.0,166,2.120263157894737,2.0293635036637268,4,3,3,433,Regular
17022.0,31,1,71.0,10.142857142857142,7,108,0.0,108.0,Tuesday,17,1,0,1.0,0.0,1.0,1.0,7,0.9585714285714285,0.804620584943168,3,2,1,321,At Risk
17024.0,45,3,95.85,31.95,2,69,55.5,23.0,Tuesday,9,1,112,0.02654867256637168,0.0,1.0,1.0,2,1.3833333333333335,0.23094010767585024,3,3,1,331,Loyal
17025.0,61,3,236.45,33.778571428571425,7,127,52.0,42.333333333333336,Monday,9,1,312,0.009584664536741214,0.0,0.0,1.0,7,2.25,1.9270011243726182,2,3,1,231,Regular
17026.0,370,1,33.15,11.049999999999999,3,25,0.0,25.0,Sunday,12,1,0,1.0,0.0,0.0,0.0,3,4.816666666666666,6.8704682033565465,1,2,1,121,Regular
17027.0,79,6,877.5600000000001,5.92945945945946,110,416,1.6054421768707483,69.33333333333333,Monday,14,1,238,0.02510460251046025,0.0,0.0,2.0,110,2.6454054054054055,2.0412235820897786,2,4,3,243,Regular
17030.0,64,1,132.95,13.294999999999998,10,98,0.0,98.0,Friday,8,1,0,1.0,0.0,0.0,1.0,10,2.899,2.7823708914840553,2,2,1,221,At Risk
17031.0,12,2,317.95,15.140476190476189,18,205,7.15,102.5,Friday,9,1,143,0.013888888888888888,1.0,1.0,1.0,18,1.584285714285714,0.5338030669504572,4,3,2,432,Regular
17033.0,86,3,744.96,31.040000000000003,21,336,11.826086956521738,112.0,Wednesday,14,1,273,0.010948905109489052,0.0,0.0,1.0,21,2.56125,2.2654614896019676,2,3,3,233,Regular
17034.0,16,3,675.9200000000001,23.307586206896556,27,362,9.642857142857142,120.66666666666667,Wednesday,15,1,271,0.011029411764705883,1.0,1.0,2.0,27,3.4265517241379313,3.698952820791764,4,3,3,433,Regular
17035.0,246,2,412.73,15.286296296296298,26,197,2.5,98.5,Tuesday,12,1,65,0.030303030303030304,0.0,0.0,0.0,26,3.404074074074074,3.1534684924323457,1,3,2,132,Regular
17037.0,88,1,1267.32,16.8976,75,656,0.0,656.0,Tuesday,12,1,0,1.0,0.0,0.0,1.0,75,2.7634666666666665,2.0365428398977365,2,2,3,223,At Risk
17038.0,30,1,112.4,5.109090909090909,22,28,0.0,28.0,Wednesday,13,1,0,1.0,1.0,1.0,1.0,22,4.440909090909091,2.317666949020089,3,2,1,321,At Risk
17040.0,138,1,449.73,29.982000000000003,15,181,0.0,181.0,Monday,10,1,0,1.0,0.0,0.0,0.0,15,3.3006666666666664,4.006461685589323,2,2,2,222,At Risk
17041.0,27,3,994.37,15.066212121212121,58,815,5.123076923076923,271.6666666666667,Tuesday,11,1,333,0.008982035928143712,1.0,1.0,1.0,58,2.0086363636363633,1.9441691018282068,3,3,3,333,Loyal
17042.0,3,5,1001.18,10.650851063829787,72,858,2.6021505376344085,171.6,Wednesday,14,1,244,0.02040816326530612,1.0,1.0,1.0,72,1.8711702127659573,1.8790731279485777,4,4,3,443,Champions
17043.0,32,4,1601.18,16.173535353535353,97,800,2.36734693877551,200.0,Wednesday,10,1,234,0.01702127659574468,0.0,2.0,2.0,97,3.21949494949495,3.0585038271495617,3,3,4,334,Loyal
17045.0,113,3,339.44,15.42909090909091,20,106,6.380952380952381,35.333333333333336,Thursday,17,1,134,0.022222222222222223,0.0,0.0,0.0,20,4.968181818181819,8.53969757263304,2,3,2,232,Regular
17046.0,157,1,296.3,17.429411764705883,17,246,0.0,246.0,Tuesday,14,1,0,1.0,0.0,0.0,0.0,17,2.414705882352941,2.7438433757392633,1,2,2,122,Regular
17047.0,85,3,1100.9,16.93692307692308,59,533,1.859375,177.66666666666666,Wednesday,16,1,119,0.025,0.0,0.0,1.0,59,3.536923076923077,3.1060907519928302,2,3,3,233,Regular
17048.0,118,3,862.95,20.54642857142857,40,455,5.170731707317073,151.66666666666666,Wednesday,12,1,213,0.014018691588785047,0.0,0.0,0.0,40,3.7452380952380957,6.266841986081456,2,3,3,233,Regular
17049.0,3,9,5515.59,17.565573248407645,200,2537,0.8626198083067093,281.8888888888889,Monday,13,1,273,0.032846715328467155,2.0,3.0,4.0,200,3.961273885350318,7.410580013440904,4,4,4,444,Champions
17050.0,96,6,3013.2400000000002,9.911973684210528,166,1411,0.6633663366336634,235.16666666666666,Sunday,14,1,203,0.029411764705882353,0.0,0.0,0.0,166,2.7792434210526316,2.5446286702117273,2,4,4,244,Regular
17051.0,194,1,240.89,5.73547619047619,40,179,0.0,179.0,Sunday,14,1,0,1.0,0.0,0.0,0.0,40,1.8349999999999997,1.576698078031521,1,2,1,121,Regular
17052.0,28,1,372.53000000000003,4.543048780487805,72,219,0.0,219.0,Friday,14,1,0,1.0,1.0,1.0,1.0,72,1.9332926829268293,1.9726244064904,3,2,2,322,At Risk
17053.0,131,1,498.48,38.34461538461539,13,122,0.0,122.0,Monday,10,1,0,1.0,0.0,0.0,0.0,13,4.499230769230769,2.856528958772813,2,2,2,222,At Risk
17054.0,28,5,1315.53,16.043048780487805,63,756,2.654320987654321,151.2,Monday,12,1,216,0.02304147465437788,1.0,1.0,1.0,63,4.819268292682927,5.548530620856948,3,4,3,343,Loyal
17058.0,82,3,1159.0900000000001,19.00147540983607,51,560,2.6166666666666667,186.66666666666666,Thursday,9,1,158,0.018867924528301886,0.0,0.0,1.0,51,3.816393442622951,3.116723189926072,2,3,3,233,Regular
17059.0,30,5,2969.51,5.811174168297456,290,1586,0.6627450980392157,317.2,Thursday,12,1,339,0.014705882352941176,1.0,1.0,1.0,290,2.671682974559687,2.252495240639084,3,4,4,344,Loyal
17060.0,266,1,50.400000000000006,16.8,3,24,0.0,24.0,Friday,13,1,0,1.0,0.0,0.0,0.0,3,2.3833333333333333,0.9814954576223638,1,2,1,121,Regular
17061.0,74,9,3138.0499999999997,37.35773809523809,48,732,1.8674698795180722,81.33333333333333,Thursday,13,1,158,0.05660377358490566,0.0,0.0,1.0,48,5.536190476190477,3.3002730463022547,2,4,4,244,Regular
17062.0,314,4,526.49,7.7425,52,382,0.8059701492537313,95.5,Sunday,11,1,55,0.07142857142857142,0.0,0.0,0.0,52,2.2166176470588232,1.8935512008212754,1,3,2,132,Regular
17063.0,21,7,1385.9,18.235526315789475,65,686,3.56,98.0,Wednesday,13,1,268,0.026022304832713755,1.0,3.0,3.0,65,2.7011842105263155,1.985007786453419,3,4,4,344,Loyal
17064.0,59,3,855.45,14.02377049180328,53,316,4.45,105.33333333333333,Sunday,10,1,268,0.011152416356877323,0.0,1.0,1.0,53,3.7162295081967214,2.6470575890564643,2,3,3,233,Regular
17068.0,12,21,4552.14,15.378851351351353,116,2164,1.1796610169491526,103.04761904761905,Thursday,12,1,355,0.05898876404494382,2.0,3.0,5.0,116,2.5016554054054057,1.8084409324818351,4,4,4,444,Champions
17069.0,28,9,2709.7000000000003,18.948951048951052,111,1506,2.4014084507042255,167.33333333333334,Monday,17,1,345,0.02601156069364162,2.0,2.0,4.0,111,2.8552447552447555,3.0199078505127437,3,4,4,344,Loyal
17070.0,114,1,304.24,4.9070967741935485,62,131,0.0,131.0,Wednesday,17,1,0,1.0,0.0,0.0,0.0,62,2.5412903225806454,1.8129022867259803,2,2,2,222,At Risk
17071.0,28,9,2313.03,16.76108695652174,102,1117,2.021897810218978,124.11111111111111,Thursday,16,1,281,0.031914893617021274,1.0,2.0,3.0,102,3.40463768115942,2.7695793138662856,3,4,4,344,Loyal
17073.0,18,4,1432.17,8.278439306358383,141,711,0.5290697674418605,177.75,Tuesday,14,1,91,0.043478260869565216,1.0,2.0,3.0,141,3.139942196531792,2.8089175886620708,4,3,4,434,Regular
17075.0,18,4,834.12,10.832727272727272,62,292,3.9210526315789473,73.0,Tuesday,13,1,299,0.013333333333333334,1.0,1.0,1.0,62,3.8464935064935064,3.161519357521569,4,3,3,433,Regular
17076.0,36,3,630.36,28.652727272727272,16,159,15.571428571428571,53.0,Friday,17,1,328,0.00911854103343465,0.0,1.0,1.0,16,6.430909090909091,5.841143812555982,3,3,3,333,Loyal
17078.0,36,2,262.28000000000003,13.80421052631579,19,292,0.0,146.0,Thursday,18,1,0,2.0,0.0,2.0,2.0,19,0.7484210526315789,0.8238207946843694,3,3,2,332,Loyal
17079.0,78,1,118.80000000000001,59.400000000000006,2,24,0.0,24.0,Thursday,15,1,0,1.0,0.0,0.0,1.0,2,4.95,0.0,2,2,1,221,At Risk
17080.0,22,1,211.3,30.185714285714287,7,94,0.0,94.0,Thursday,12,1,0,1.0,1.0,1.0,1.0,7,4.1499999999999995,3.6239941133138354,3,2,1,321,At Risk
17081.0,25,2,288.91,4.585873015873016,55,77,0.3225806451612903,38.5,Monday,12,1,20,0.09523809523809523,1.0,2.0,2.0,55,3.835714285714286,2.863092009093414,3,3,2,332,Loyal
17082.0,33,2,1832.65,23.495512820512822,72,889,3.7012987012987013,444.5,Sunday,15,1,285,0.006993006993006993,0.0,1.0,1.0,72,4.344102564102564,14.045082647914414,3,3,4,334,Loyal
17083.0,109,3,1266.7,25.851020408163265,24,672,4.041666666666667,224.0,Wednesday,11,1,194,0.015384615384615385,0.0,0.0,0.0,24,2.113061224489796,1.7079619971397109,2,3,3,233,Regular
17084.0,35,2,2378.33,17.110287769784172,137,1195,0.0,597.5,Friday,14,1,0,2.0,0.0,2.0,2.0,137,3.039496402877698,2.5725178901762416,3,3,4,334,Loyal
17085.0,123,5,1499.8,8.15108695652174,113,703,1.2950819672131149,140.6,Sunday,12,1,239,0.020833333333333332,0.0,0.0,0.0,113,2.745217391304348,1.9414714594586788,2,4,4,244,Regular
17086.0,7,6,1403.8,16.91325301204819,67,1055,0.6707317073170732,175.83333333333334,Friday,13,1,56,0.10526315789473684,2.0,5.0,6.0,67,2.399397590361446,2.9522427809303045,4,4,4,444,Champions
17088.0,28,4,1991.01,17.313130434782607,96,868,1.9649122807017543,217.0,Thursday,9,1,225,0.017699115044247787,1.0,1.0,2.0,96,3.8090434782608695,3.5054161036168825,3,3,4,334,Loyal
17090.0,4,5,1459.79,26.541636363636364,42,609,6.444444444444445,121.8,Monday,15,1,349,0.014285714285714285,1.0,1.0,2.0,42,2.8558181818181816,2.099154760152454,4,4,4,444,Champions
17091.0,3,9,3689.52,19.316858638743454,117,1554,1.9105263157894736,172.66666666666666,Wednesday,10,1,365,0.02459016393442623,1.0,2.0,2.0,117,3.190523560209424,2.424463421529954,4,4,4,444,Champions
17092.0,50,4,1668.34,14.019663865546217,95,929,1.9152542372881356,232.25,Thursday,19,1,227,0.017543859649122806,0.0,1.0,2.0,95,2.3192436974789916,1.8669317526149174,3,3,4,334,Loyal
17094.0,322,1,302.0,21.571428571428573,14,152,0.0,152.0,Friday,13,1,0,1.0,0.0,0.0,0.0,14,2.1464285714285714,2.196191133418377,1,2,2,122,Regular
17095.0,23,3,1297.16,17.769315068493153,68,582,4.319444444444445,194.0,Thursday,12,1,312,0.009584664536741214,1.0,1.0,1.0,68,3.7963013698630137,2.7590892754923657,3,3,3,333,Loyal
17096.0,15,4,1008.69,21.461489361702128,45,307,5.304347826086956,76.75,Wednesday,15,1,246,0.016194331983805668,1.0,2.0,2.0,45,4.643404255319149,3.2882123308912057,4,3,3,433,Regular
17097.0,2,8,954.42,4.523317535545024,153,459,1.7190476190476192,57.375,Wednesday,15,1,363,0.02197802197802198,2.0,2.0,2.0,153,2.5918009478672985,2.831458916933956,4,4,3,443,Champions
17100.0,18,2,948.34,14.8178125,64,764,0.0,382.0,Monday,16,1,0,2.0,2.0,2.0,2.0,64,1.96359375,1.5439203524027696,4,3,3,433,Regular
17101.0,30,3,1098.63,30.517500000000002,27,413,4.2,137.66666666666666,Tuesday,14,1,148,0.020134228187919462,1.0,2.0,2.0,27,3.1408333333333336,2.73060786011362,3,3,3,333,Loyal
17102.0,262,1,25.5,25.5,1,2,0.0,2.0,Wednesday,10,1,0,1.0,0.0,0.0,0.0,1,12.75,0.0,1,2,1,121,Regular
17105.0,159,2,655.78,7.368314606741572,79,593,1.6704545454545454,296.5,Sunday,15,1,147,0.013513513513513514,0.0,0.0,0.0,79,1.9652808988764046,2.352825231062957,1,3,3,133,Regular
17107.0,33,6,8106.78,20.786615384615384,260,2364,0.622107969151671,394.0,Sunday,14,1,244,0.024489795918367346,0.0,2.0,3.0,260,3.4974615384615384,2.586822542449745,3,4,4,344,Loyal
17109.0,29,6,867.25,7.541304347826087,106,552,1.763157894736842,92.0,Thursday,15,1,203,0.029411764705882353,1.0,4.0,4.0,106,2.33495652173913,2.037642417329418,3,4,3,343,Loyal
17110.0,165,1,163.29999999999998,13.608333333333333,12,50,0.0,50.0,Monday,12,1,0,1.0,0.0,0.0,0.0,12,5.166666666666667,4.49622737481776,1,2,1,121,Regular
17111.0,47,1,191.89,7.380384615384615,26,134,0.0,134.0,Sunday,15,1,0,1.0,0.0,1.0,1.0,26,2.0615384615384618,1.5921851457859852,3,2,1,321,At Risk
17114.0,6,8,801.12,6.5131707317073175,85,215,2.6721311475409837,26.875,Sunday,11,1,329,0.024242424242424242,1.0,2.0,2.0,85,5.1258536585365855,3.4249800590132113,4,4,3,443,Champions
17115.0,8,3,805.1,21.75945945945946,31,288,6.222222222222222,96.0,Wednesday,14,1,224,0.013333333333333334,1.0,1.0,1.0,31,4.598378378378378,3.664632400477656,4,3,3,433,Regular
17117.0,288,1,116.2,12.911111111111111,9,68,0.0,68.0,Thursday,13,1,0,1.0,0.0,0.0,0.0,9,3.966666666666667,3.8252450901870327,1,2,1,121,Regular
17118.0,318,1,157.02,15.702000000000002,10,154,0.0,154.0,Wednesday,12,1,0,1.0,0.0,0.0,0.0,10,1.3579999999999999,0.8476477255715764,1,2,1,121,Regular
17119.0,3,2,588.19,17.299705882352942,34,286,1.696969696969697,143.0,Tuesday,11,1,56,0.03508771929824561,1.0,2.0,2.0,34,3.6726470588235296,3.579549073364891,4,3,3,433,Regular
17120.0,233,1,307.46,17.08111111111111,18,120,0.0,120.0,Wednesday,15,1,0,1.0,0.0,0.0,0.0,18,4.396111111111111,3.798874661371504,1,2,2,122,Regular
17122.0,119,1,138.32,19.759999999999998,7,80,0.0,80.0,Friday,14,1,0,1.0,0.0,0.0,0.0,7,1.97,0.6861486719363379,2,2,1,221,At Risk
17123.0,162,1,263.7,32.9625,8,150,0.0,150.0,Friday,10,1,0,1.0,0.0,0.0,0.0,8,1.8875,0.6473848491099733,1,2,2,122,Regular
17124.0,185,1,294.24,9.491612903225807,31,129,0.0,129.0,Tuesday,14,1,0,1.0,0.0,0.0,0.0,31,3.396451612903226,2.672689716854661,1,2,2,122,Regular
17125.0,50,1,214.98000000000002,6.5145454545454555,32,85,0.0,85.0,Thursday,14,1,0,1.0,0.0,1.0,1.0,32,3.5145454545454546,3.60487698377931,3,2,1,321,At Risk
17126.0,152,5,969.41,3.940691056910569,185,648,0.8571428571428571,129.6,Sunday,13,1,210,0.023696682464454975,0.0,0.0,0.0,185,1.8976829268292683,1.6962414384224904,1,4,3,143,Regular
17128.0,335,1,157.09,11.220714285714285,14,76,0.0,76.0,Sunday,12,1,0,1.0,0.0,0.0,0.0,14,3.985,2.7970857086507843,1,2,1,121,Regular
17131.0,5,5,2381.57,17.90654135338346,78,951,0.5227272727272727,190.2,Sunday,12,1,70,0.07042253521126761,1.0,4.0,5.0,78,3.5266917293233084,3.2588045590751924,4,4,4,444,Champions
17133.0,16,3,32.400000000000006,10.800000000000002,2,18,124.5,6.0,Thursday,12,1,250,0.01195219123505976,1.0,1.0,1.0,2,1.75,0.17320508075688776,4,3,1,431,Regular
17134.0,107,2,413.2,17.965217391304346,21,98,7.136363636363637,49.0,Sunday,11,1,157,0.012658227848101266,0.0,0.0,0.0,21,5.558695652173912,2.955374617613608,2,3,2,232,Regular
17135.0,16,7,805.77,20.66076923076923,27,480,9.31578947368421,68.57142857142857,Wednesday,10,1,355,0.019662921348314606,2.0,5.0,5.0,27,6.566923076923077,18.58191851092235,4,4,3,443,Champions
17138.0,276,1,380.5,15.854166666666666,24,126,0.0,126.0,Wednesday,11,1,0,1.0,0.0,0.0,0.0,24,4.90625,3.265974536629617,1,2,2,122,Regular
17139.0,16,12,9175.37,20.526554809843404,308,4102,0.6053811659192825,341.8333333333333,Thursday,9,1,273,0.043795620437956206,1.0,2.0,5.0,308,3.927046979865772,10.043568888272882,4,4,4,444,Champions
17140.0,247,1,140.92000000000002,9.394666666666668,13,64,0.0,64.0,Wednesday,13,1,0,1.0,0.0,0.0,0.0,13,2.7333333333333334,3.100441596811347,1,2,1,121,Regular
17142.0,239,1,579.0,38.6,15,81,0.0,81.0,Thursday,18,1,0,1.0,0.0,0.0,0.0,15,19.186666666666667,48.80199961750201,1,2,3,123,Regular
17144.0,1,2,898.53,19.53326086956522,40,247,1.8444444444444446,123.5,Thursday,17,1,83,0.023809523809523808,1.0,1.0,2.0,40,5.488913043478261,3.7617066033980255,4,3,3,433,Regular
17146.0,106,3,749.78,21.422285714285714,33,212,7.411764705882353,70.66666666666667,Monday,12,1,253,0.011811023622047244,0.0,0.0,0.0,33,7.031142857142857,13.943886657817124,2,3,3,233,Regular
17147.0,23,4,1635.8700000000001,20.70721518987342,67,786,3.6923076923076925,196.5,Tuesday,10,1,289,0.013793103448275862,1.0,1.0,2.0,67,3.251012658227848,3.176631660259955,3,3,4,334,Loyal
17148.0,52,1,124.88,13.875555555555556,9,82,0.0,82.0,Wednesday,9,1,0,1.0,0.0,1.0,1.0,9,1.62,0.6429230124983862,2,2,1,221,At Risk
17152.0,195,3,408.8,40.88,8,127,7.555555555555555,42.333333333333336,Monday,16,1,68,0.043478260869565216,0.0,0.0,0.0,8,3.715,2.1878515590515835,1,3,2,132,Regular
17153.0,24,1,213.78,15.27,14,104,0.0,104.0,Tuesday,13,1,0,1.0,1.0,1.0,1.0,14,2.789285714285714,1.8412556931269835,3,2,1,321,At Risk
17154.0,75,1,299.1,14.242857142857144,21,346,0.0,346.0,Sunday,13,1,0,1.0,0.0,0.0,1.0,21,1.188095238095238,1.077184380909875,2,2,2,222,At Risk
17155.0,18,2,112.5,6.25,18,146,9.411764705882353,73.0,Tuesday,12,1,160,0.012422360248447204,1.0,1.0,1.0,18,2.692222222222222,3.3274447987741116,4,3,1,431,Regular
17157.0,8,2,319.0,24.53846153846154,11,172,14.0,86.0,Thursday,15,1,168,0.011834319526627219,1.0,1.0,1.0,11,2.5461538461538464,1.8050832781413828,4,3,2,432,Regular
17158.0,32,3,1176.97,18.10723076923077,53,706,5.109375,235.33333333333334,Monday,15,1,328,0.00911854103343465,0.0,1.0,1.0,53,3.3069230769230766,3.079582420493952,3,3,3,333,Loyal
17159.0,22,3,1536.0,15.36,95,1063,1.505050505050505,354.3333333333333,Friday,10,1,150,0.019867549668874173,1.0,1.0,2.0,95,2.4124,2.377652742865654,3,3,4,334,Loyal
17160.0,31,6,3403.47,15.26219730941704,110,2600,0.9369369369369369,433.3333333333333,Tuesday,13,1,210,0.02843601895734597,0.0,1.0,1.0,110,1.6797309417040358,1.6025227631958368,3,4,4,344,Loyal
17162.0,29,10,1715.46,16.494807692307692,81,1001,2.6601941747572817,100.1,Monday,12,1,276,0.036101083032490974,1.0,1.0,1.0,81,3.83,3.3774589747639556,3,4,4,344,Loyal
17163.0,22,2,293.1,58.620000000000005,3,66,14.0,33.0,Thursday,15,1,56,0.03508771929824561,1.0,1.0,2.0,3,4.529999999999999,0.3834057902536162,3,3,2,332,Loyal
17164.0,33,7,2467.35,17.134375,92,1501,1.6643356643356644,214.42857142857142,Wednesday,11,1,240,0.029045643153526972,0.0,3.0,4.0,92,2.4883333333333333,2.3969459005888405,3,4,4,344,Loyal
17165.0,284,1,158.68,15.868,10,100,0.0,100.0,Monday,16,1,0,1.0,0.0,0.0,0.0,10,3.0669999999999997,3.2330585793916224,1,2,1,121,Regular
17166.0,39,2,206.34,17.195,11,78,15.0,39.0,Friday,8,1,165,0.012048192771084338,0.0,1.0,1.0,11,3.115,1.8150507130405724,3,3,1,331,Loyal
17169.0,58,2,820.66,15.484150943396227,50,490,2.4038461538461537,245.0,Thursday,10,1,125,0.015873015873015872,0.0,1.0,1.0,50,2.8762264150943397,2.356863321658923,2,3,3,233,Regular
17171.0,289,1,224.91,14.056875,16,185,0.0,185.0,Wednesday,16,1,0,1.0,0.0,0.0,0.0,16,2.38,3.337516042408386,1,2,1,121,Regular
17172.0,79,1,224.28,22.428,10,228,0.0,228.0,Thursday,9,1,0,1.0,0.0,0.0,1.0,10,1.082,0.8912513051260509,2,2,1,221,At Risk
17173.0,5,8,3674.8,43.23294117647059,36,1086,1.4761904761904763,135.75,Sunday,10,1,125,0.06349206349206349,3.0,6.0,6.0,36,3.7288235294117644,2.240025728893854,4,4,4,444,Champions
17174.0,218,1,59.9,14.975,4,41,0.0,41.0,Friday,11,1,0,1.0,0.0,0.0,0.0,4,1.6625,0.6786935980249115,1,2,1,121,Regular
17175.0,44,4,1225.53,21.129827586206897,42,602,4.385964912280702,150.5,Wednesday,14,1,252,0.015810276679841896,0.0,1.0,1.0,42,4.375,8.172504233011843,3,3,3,333,Loyal
17176.0,202,1,224.53,16.037857142857142,14,138,0.0,138.0,Sunday,12,1,0,1.0,0.0,0.0,0.0,14,2.7885714285714287,2.2452851699740717,1,2,1,121,Regular
17179.0,178,3,711.79,8.897375,56,290,2.3164556962025316,96.66666666666667,Thursday,16,1,183,0.016304347826086956,0.0,0.0,0.0,56,2.314375,1.4897717468105431,1,3,3,133,Regular
17180.0,56,4,737.41,5.99520325203252,90,574,2.1147540983606556,143.5,Thursday,18,1,259,0.015384615384615385,0.0,1.0,1.0,90,1.930650406504065,2.2679628108081586,2,3,3,233,Regular
17181.0,57,1,84.39999999999999,4.019047619047619,21,25,0.0,25.0,Thursday,14,1,0,1.0,0.0,1.0,1.0,21,3.2523809523809524,3.000519796238486,2,2,1,221,At Risk
17183.0,8,6,2547.81,39.80953125,41,834,1.507936507936508,139.0,Sunday,15,1,97,0.061224489795918366,2.0,5.0,5.0,41,4.35125,3.827732347047651,4,4,4,444,Champions
17187.0,227,1,154.15,17.12777777777778,9,84,0.0,84.0,Wednesday,12,1,0,1.0,0.0,0.0,0.0,9,4.09111111111111,3.6800422702886317,1,2,1,121,Regular
17188.0,11,7,1965.91,27.30430555555556,61,820,4.915492957746479,117.14285714285714,Tuesday,12,1,351,0.019886363636363636,2.0,2.0,2.0,61,2.9205555555555556,2.5665320981734507,4,4,4,444,Champions
17189.0,106,2,383.75,6.395833333333333,52,226,4.288135593220339,113.0,Wednesday,17,1,253,0.007874015748031496,0.0,0.0,0.0,52,2.3425000000000002,2.344657558748529,2,3,2,232,Regular
17190.0,59,2,423.74,23.54111111111111,18,111,8.705882352941176,55.5,Wednesday,11,1,148,0.013422818791946308,0.0,1.0,1.0,18,12.974444444444444,45.444186999286764,2,3,2,232,Regular
17191.0,28,7,2007.76,8.580170940170941,162,1046,1.4506437768240343,149.42857142857142,Friday,14,1,340,0.020527859237536656,1.0,1.0,1.0,162,2.5848717948717947,2.4565176913757942,3,4,4,344,Loyal
17193.0,36,7,1088.86,47.34173913043478,9,354,6.363636363636363,50.57142857142857,Wednesday,10,1,141,0.04929577464788732,0.0,4.0,5.0,9,3.037826086956522,1.1615466042453881,3,4,3,343,Loyal
17194.0,274,2,175.62,6.272142857142858,25,59,3.185185185185185,29.5,Tuesday,12,1,86,0.022988505747126436,0.0,0.0,0.0,25,3.9996428571428573,4.553365448189054,1,3,1,131,Regular
17197.0,30,1,1013.01,34.93137931034483,29,191,0.0,191.0,Thursday,10,1,0,1.0,1.0,1.0,1.0,29,5.508965517241379,2.658312226136278,3,2,3,323,At Risk
17198.0,24,3,631.02,6.712978723404255,87,285,3.7204301075268815,95.0,Friday,14,1,347,0.008620689655172414,1.0,1.0,1.0,87,2.940851063829787,2.9326906650240643,3,3,3,333,Loyal
17201.0,54,1,155.07999999999998,4.430857142857143,35,85,0.0,85.0,Monday,11,1,0,1.0,0.0,1.0,1.0,35,2.083714285714286,1.8683479423312583,2,2,1,221,At Risk
17203.0,36,6,1003.24,8.648620689655173,93,638,0.2,106.33333333333333,Friday,12,1,24,0.24,0.0,6.0,6.0,93,1.925,1.7244726982345995,3,4,3,343,Loyal
17204.0,175,4,1352.16,24.584727272727275,44,574,1.6111111111111112,143.5,Monday,12,1,88,0.0449438202247191,0.0,0.0,0.0,44,4.702545454545454,4.50237024744943,1,3,4,134,Regular
17205.0,54,1,20.5,10.25,2,33,0.0,33.0,Monday,12,1,0,1.0,0.0,1.0,1.0,2,0.835,0.5868986283848344,2,2,1,221,At Risk
17206.0,53,1,204.24,29.177142857142858,7,76,0.0,76.0,Monday,13,1,0,1.0,0.0,1.0,1.0,7,2.7885714285714287,0.7500539663123929,2,2,1,221,At Risk
17211.0,27,8,2264.18,10.93806763285024,147,1167,1.6504854368932038,145.875,Sunday,12,1,342,0.023323615160349854,1.0,2.0,2.0,147,3.313478260869565,4.200804069849364,3,4,4,344,Loyal
17212.0,253,1,3.95,3.95,1,5,0.0,5.0,Thursday,19,1,0,1.0,0.0,0.0,0.0,1,0.79,0.0,1,2,1,121,Regular
17213.0,40,7,2751.35,17.636858974358972,85,1140,2.0903225806451613,162.85714285714286,Sunday,14,1,326,0.021406727828746176,0.0,2.0,2.0,85,4.17673076923077,3.9369369399296494,3,4,4,344,Loyal
17214.0,60,6,1059.1200000000001,10.486336633663367,79,272,2.96,45.333333333333336,Monday,13,1,298,0.020066889632107024,0.0,1.0,2.0,79,5.328415841584158,8.67419756895971,2,4,3,243,Regular
17217.0,234,1,113.5,12.61111111111111,9,24,0.0,24.0,Tuesday,17,1,0,1.0,0.0,0.0,0.0,9,3.716666666666667,2.1340981701880537,1,2,1,121,Regular
17218.0,4,10,1888.13,7.045261194029851,144,859,1.344569288389513,85.9,Sunday,15,1,363,0.027472527472527472,3.0,3.0,5.0,144,2.934776119402985,2.4419793704226707,4,4,4,444,Champions
17219.0,32,1,114.23,4.5692,24,89,0.0,89.0,Tuesday,11,1,0,1.0,0.0,1.0,1.0,24,1.8852000000000002,1.633159310457291,3,2,1,321,At Risk
17220.0,24,14,3151.43,6.777268817204301,302,1811,0.7219827586206896,129.35714285714286,Wednesday,13,1,339,0.041176470588235294,2.0,3.0,4.0,302,2.4779139784946236,2.1169854322055595,3,4,4,344,Loyal
17221.0,7,2,258.16,4.232131147540984,58,215,0.4666666666666667,107.5,Friday,13,1,28,0.06896551724137931,1.0,2.0,2.0,58,1.9801639344262296,2.040962592996484,4,3,2,432,Regular
17222.0,65,1,328.65,12.17222222222222,27,122,0.0,122.0,Wednesday,13,1,0,1.0,0.0,0.0,1.0,27,2.9444444444444446,1.8404939415053636,2,2,2,222,At Risk
17223.0,310,2,416.89,8.685208333333334,43,110,1.2340425531914894,55.0,Monday,14,1,58,0.03389830508474576,0.0,0.0,0.0,43,4.352083333333334,5.487739509951071,1,3,2,132,Regular
17226.0,309,1,169.69,9.427222222222222,18,154,0.0,154.0,Friday,11,1,0,1.0,0.0,0.0,0.0,18,2.8516666666666666,3.2966011908880803,1,2,1,121,Regular
17227.0,19,6,449.36,11.522051282051283,25,305,9.157894736842104,50.833333333333336,Monday,10,1,349,0.017142857142857144,1.0,1.0,3.0,25,1.4187179487179489,1.3865617823408782,3,4,2,342,Loyal
17228.0,16,8,1848.85,9.062990196078431,137,1352,1.7389162561576355,169.0,Tuesday,10,1,356,0.022408963585434174,2.0,2.0,4.0,137,1.7537254901960784,1.3188500152393383,4,4,4,444,Champions
17229.0,96,2,318.76,6.782127659574468,39,185,1.0,92.5,Wednesday,12,1,46,0.0425531914893617,0.0,0.0,0.0,39,2.008936170212766,1.6272278828712683,2,3,2,232,Regular
17230.0,264,6,2311.05,43.60471698113208,44,663,1.8076923076923077,110.5,Wednesday,12,1,95,0.0625,0.0,0.0,0.0,44,4.436603773584905,3.6272732624872246,1,4,4,144,Regular
17231.0,12,10,3077.92,5.818374291115312,291,1604,0.6515151515151515,160.4,Monday,16,1,349,0.02857142857142857,2.0,2.0,3.0,291,2.7492249527410206,2.419726686853941,4,4,4,444,Champions
17232.0,3,2,417.77,11.936285714285713,30,202,0.3235294117647059,101.0,Wednesday,12,1,11,0.16666666666666666,2.0,2.0,2.0,30,2.625142857142857,1.5740811912473431,4,3,2,432,Regular
17233.0,35,1,164.32,6.846666666666667,24,99,0.0,99.0,Friday,14,1,0,1.0,0.0,1.0,1.0,24,2.5433333333333334,2.8215516339752504,3,2,1,321,At Risk
17234.0,183,1,149.89,10.706428571428571,14,55,0.0,55.0,Friday,11,1,0,1.0,0.0,0.0,0.0,14,3.697857142857143,3.0142078397315104,1,2,1,121,Regular
17235.0,25,2,500.56,17.877142857142857,23,194,12.851851851851851,97.0,Monday,15,1,347,0.005747126436781609,1.0,1.0,1.0,23,3.2339285714285713,2.509688396307567,3,3,2,332,Loyal
17236.0,13,6,834.53,8.102233009708737,86,378,3.4019607843137254,63.0,Sunday,12,1,350,0.017094017094017096,1.0,1.0,1.0,86,2.729514563106796,2.4379267866247947,4,4,3,443,Champions
17237.0,11,2,314.69,16.562631578947368,18,105,0.6111111111111112,52.5,Thursday,12,1,11,0.16666666666666666,2.0,2.0,2.0,18,3.2257894736842103,1.813193364051004,4,3,2,432,Regular
17238.0,3,17,3691.8,6.675949367088608,297,1737,0.6539855072463768,102.17647058823529,Friday,12,1,368,0.04607046070460705,4.0,5.0,6.0,297,2.7100000000000004,2.374963386445468,4,4,4,444,Champions
17239.0,313,1,382.5,25.5,15,150,0.0,150.0,Monday,9,1,0,1.0,0.0,0.0,0.0,15,4.066666666666666,3.115609701089629,1,2,2,122,Regular
17242.0,108,2,915.04,25.417777777777776,28,435,2.057142857142857,217.5,Sunday,13,1,72,0.0273972602739726,0.0,0.0,0.0,28,2.2475,1.2033391043259585,2,3,3,233,Regular
17243.0,1,26,7459.89,19.946229946524063,174,2608,0.9624664879356568,100.3076923076923,Sunday,12,1,368,0.07046070460704607,7.0,9.0,10.0,174,4.281283422459893,3.1213158804617267,4,4,4,444,Champions
17244.0,53,1,532.53,22.18875,24,299,0.0,299.0,Monday,15,1,0,1.0,0.0,1.0,1.0,24,1.7879166666666666,1.1097276562357508,2,2,2,222,At Risk
17245.0,205,1,171.45000000000002,19.05,9,75,0.0,75.0,Thursday,10,1,0,1.0,0.0,0.0,0.0,9,2.9055555555555554,1.9242603196495474,1,2,1,121,Regular
17247.0,15,1,280.09000000000003,5.186851851851852,53,105,0.0,105.0,Thursday,15,1,0,1.0,1.0,1.0,1.0,53,3.303888888888889,3.683827181668884,4,2,2,422,At Risk
17248.0,120,1,277.85,4.086029411764706,67,165,0.0,165.0,Thursday,13,1,0,1.0,0.0,0.0,0.0,67,1.9207352941176472,1.551494528565463,2,2,2,222,At Risk
17250.0,4,2,381.97,6.820892857142858,55,167,4.672727272727273,83.5,Tuesday,12,1,257,0.007751937984496124,1.0,1.0,1.0,55,3.0223214285714284,3.310176040949774,4,3,2,432,Regular
17251.0,363,1,269.83,7.2927027027027025,37,108,0.0,108.0,Sunday,11,1,0,1.0,0.0,0.0,0.0,37,3.3294594594594593,1.8028757058684914,1,2,2,122,Regular
17252.0,117,2,348.90999999999997,4.057093023255813,86,192,0.8117647058823529,96.0,Monday,16,1,69,0.02857142857142857,0.0,0.0,0.0,86,2.747558139534884,2.3404700061144137,2,3,2,232,Regular
17253.0,18,1,178.26,9.903333333333332,18,43,0.0,43.0,Monday,12,1,0,1.0,1.0,1.0,1.0,18,5.614444444444445,4.36962809323661,4,2,1,421,At Risk
17254.0,5,2,247.79,2.2526363636363635,99,215,0.09174311926605505,107.5,Monday,12,1,10,0.18181818181818182,2.0,2.0,2.0,99,1.5156363636363637,1.570019883747592,4,3,1,431,Regular
17255.0,41,2,279.3,3.8260273972602743,68,185,3.5833333333333335,92.5,Sunday,15,1,258,0.007722007722007722,0.0,1.0,1.0,68,1.9858904109589042,1.8506161403528694,3,3,2,332,Loyal
17256.0,107,2,150.3,10.020000000000001,12,95,14.571428571428571,47.5,Monday,14,1,204,0.00975609756097561,0.0,0.0,0.0,12,2.481333333333333,1.5801485764982748,2,3,1,231,Regular
17259.0,148,2,568.63,4.944608695652174,103,358,1.9298245614035088,179.0,Monday,12,1,220,0.00904977375565611,0.0,0.0,0.0,103,2.378260869565217,1.9470311456746925,1,3,2,132,Regular
17262.0,52,3,399.76,49.97,8,71,44.714285714285715,23.666666666666668,Tuesday,15,1,313,0.009554140127388535,0.0,1.0,1.0,8,4.52375,2.807708458104987,2,3,2,232,Regular
17263.0,208,1,63.440000000000005,2.7582608695652175,23,36,0.0,36.0,Sunday,14,1,0,1.0,0.0,0.0,0.0,23,2.011304347826087,1.5639992569976906,1,2,1,121,Regular
17265.0,139,2,550.01,4.50827868852459,106,389,0.33884297520661155,194.5,Sunday,12,1,41,0.047619047619047616,0.0,0.0,0.0,106,2.3179508196721312,2.2269650765350493,2,3,2,232,Regular
17266.0,2,3,296.58,4.062739726027397,60,153,2.0,51.0,Tuesday,14,1,145,0.02054794520547945,2.0,2.0,2.0,60,2.668493150684932,2.243221685701713,4,3,2,432,Regular
17267.0,127,2,249.7,6.936111111111111,36,104,0.0,52.0,Thursday,17,1,0,2.0,0.0,0.0,0.0,36,3.5438888888888886,2.3649733043226364,2,3,1,231,Regular
17268.0,150,1,35.0,17.5,2,28,0.0,28.0,Tuesday,13,1,0,1.0,0.0,0.0,0.0,2,1.25,0.0,1,2,1,121,Regular
17272.0,46,3,1972.17,18.605377358490568,66,1412,2.057142857142857,470.6666666666667,Tuesday,12,1,216,0.013824884792626729,0.0,1.0,1.0,66,1.9625471698113208,2.111002497718292,3,3,4,334,Loyal
17274.0,35,1,81.26,3.3858333333333337,23,45,0.0,45.0,Friday,13,1,0,1.0,0.0,1.0,1.0,23,1.7541666666666667,1.0204897233006902,3,2,1,321,At Risk
17277.0,228,2,1065.3500000000001,15.43985507246377,67,430,1.3970588235294117,215.0,Friday,12,1,95,0.020833333333333332,0.0,0.0,0.0,67,3.351594202898551,2.364022384180631,1,3,3,133,Regular
17278.0,241,1,246.04000000000002,16.40266666666667,15,179,0.0,179.0,Tuesday,13,1,0,1.0,0.0,0.0,0.0,15,4.753333333333334,9.954016896758434,1,2,1,121,Regular
17279.0,58,1,111.33,13.91625,8,18,0.0,18.0,Thursday,11,1,0,1.0,0.0,1.0,1.0,8,7.26,8.326297410699942,2,2,1,221,At Risk
17282.0,174,2,411.8,5.490666666666667,73,196,1.6891891891891893,98.0,Sunday,11,1,125,0.015873015873015872,0.0,0.0,0.0,73,2.675866666666667,2.7065067209653533,1,3,2,132,Regular
17284.0,60,6,1603.08,5.56625,226,1258,0.9547038327526133,209.66666666666666,Friday,14,1,276,0.021660649819494584,0.0,1.0,1.0,226,1.6276041666666667,1.2546954971247903,2,4,4,244,Regular
17286.0,22,1,151.37,3.440227272727273,44,117,0.0,117.0,Friday,12,1,0,1.0,1.0,1.0,1.0,44,1.856818181818182,1.5374681282040055,3,2,1,321,At Risk
17287.0,26,7,989.06,8.174049586776858,88,508,2.8666666666666667,72.57142857142857,Tuesday,12,1,346,0.020172910662824207,1.0,1.0,2.0,88,3.168181818181818,3.8077462713088783,3,4,3,343,Loyal
17288.0,9,6,944.35,7.435826771653543,113,649,2.753968253968254,108.16666666666667,Sunday,13,1,349,0.017142857142857144,2.0,2.0,2.0,113,2.884251968503937,3.14300142662297,4,4,3,443,Champions
17289.0,32,3,931.02,8.952115384615384,86,513,1.4271844660194175,171.0,Sunday,12,1,148,0.020134228187919462,0.0,2.0,2.0,86,2.2070192307692307,1.9810137053027834,3,3,3,333,Loyal
17290.0,4,2,501.49,5.278842105263158,91,301,0.1276595744680851,150.5,Wednesday,15,1,12,0.15384615384615385,2.0,2.0,2.0,91,2.640842105263158,2.5781011745649924,4,3,2,432,Regular
17293.0,8,9,1530.84,12.24672,89,817,2.8225806451612905,90.77777777777777,Wednesday,14,1,352,0.025495750708215296,2.0,3.0,4.0,89,2.8392,5.9260051005388865,4,4,4,444,Champions
17295.0,29,3,517.12,7.718208955223881,52,257,0.5303030303030303,85.66666666666667,Friday,10,1,35,0.08333333333333333,2.0,2.0,3.0,52,2.876865671641791,2.7354614086194182,3,3,2,332,Loyal
17297.0,17,1,128.18,2.615918367346939,49,65,0.0,65.0,Tuesday,14,1,0,1.0,1.0,1.0,1.0,49,2.2220408163265306,2.465797690058801,4,2,1,421,At Risk
17298.0,101,2,286.58,11.463199999999999,25,199,0.9583333333333334,99.5,Tuesday,16,1,23,0.08333333333333333,0.0,0.0,0.0,25,2.2716,2.1013540872494576,2,3,2,232,Regular
17299.0,12,4,532.25,10.436274509803921,46,508,3.18,127.0,Sunday,13,1,161,0.024691358024691357,1.0,1.0,2.0,46,1.7092156862745098,1.4227675047417339,4,3,2,432,Regular
17301.0,21,1,163.24,2.7667796610169493,59,137,0.0,137.0,Friday,13,1,0,1.0,1.0,1.0,1.0,59,1.6742372881355931,1.562657113082835,3,2,1,321,At Risk
17302.0,15,5,1135.63,14.375063291139242,68,575,3.7051282051282053,115.0,Monday,9,1,290,0.01718213058419244,1.0,2.0,2.0,68,2.506582278481013,2.2176974002710783,4,4,3,443,Champions
17303.0,361,1,250.04,4.717735849056604,53,144,0.0,144.0,Monday,13,1,0,1.0,0.0,0.0,0.0,53,2.940943396226415,3.024500762459651,1,2,1,121,Regular
17306.0,11,3,109.92,36.64,2,32,30.0,10.666666666666666,Tuesday,12,1,60,0.04918032786885246,2.0,2.0,3.0,2,3.33,0.7274613391789283,4,3,1,431,Regular
17309.0,95,1,82.75,6.895833333333333,11,41,0.0,41.0,Monday,15,1,0,1.0,0.0,0.0,0.0,11,2.9375,1.8706009000512984,2,2,1,221,At Risk
17311.0,78,2,1015.09,21.597659574468086,47,485,5.173913043478261,242.5,Thursday,14,1,238,0.008368200836820083,0.0,0.0,1.0,47,3.4495744680851064,3.7285618846989252,2,3,3,233,Regular
17312.0,155,2,104.30000000000001,9.481818181818182,10,60,0.4,30.0,Sunday,13,1,4,0.4,0.0,0.0,0.0,10,2.4318181818181817,2.0512523890629266,1,3,1,131,Regular
17313.0,31,1,577.8,96.3,6,146,0.0,146.0,Tuesday,15,1,0,1.0,0.0,1.0,1.0,6,4.006666666666667,3.236125255095462,3,2,3,323,At Risk
17314.0,25,8,2256.04,18.492131147540984,113,1340,2.347107438016529,167.5,Wednesday,14,1,287,0.027777777777777776,2.0,3.0,3.0,113,2.5961475409836066,2.295519331838689,3,4,4,344,Loyal
17315.0,2,38,5059.14,11.19278761061947,254,2380,0.7494456762749445,62.63157894736842,Tuesday,10,1,355,0.10674157303370786,3.0,6.0,8.0,254,2.830840707964602,2.5379333564532707,4,4,4,444,Champions
17320.0,100,3,1146.98,16.154647887323943,57,526,3.8,175.33333333333334,Sunday,14,1,267,0.011194029850746268,0.0,0.0,0.0,57,3.8325352112676057,3.1892734140328485,2,3,3,233,Regular
17321.0,8,2,642.04,6.551428571428571,93,328,0.6082474226804123,164.0,Monday,11,1,59,0.03333333333333333,1.0,1.0,2.0,93,2.654795918367347,2.6606906434588287,4,3,3,433,Regular
17323.0,15,7,906.52,4.648820512820513,125,760,1.4175257731958764,108.57142857142857,Sunday,12,1,277,0.025179856115107913,2.0,2.0,3.0,125,1.4269743589743589,0.849858432334028,4,4,3,443,Champions
17324.0,18,4,489.84000000000003,11.391627906976744,37,395,8.261904761904763,98.75,Friday,11,1,348,0.011461318051575931,2.0,2.0,2.0,37,2.96953488372093,4.6305219049097905,4,3,2,432,Regular
17325.0,280,1,96.8,16.133333333333333,6,60,0.0,60.0,Friday,13,1,0,1.0,0.0,0.0,0.0,6,1.633333333333333,0.22286019533929038,1,2,1,121,Regular
17329.0,14,2,523.11,15.851818181818182,29,142,9.375,71.0,Friday,14,1,300,0.006644518272425249,1.0,1.0,1.0,29,4.12939393939394,1.9436369571532954,4,3,2,432,Regular
17330.0,23,2,273.9,68.475,3,48,14.666666666666666,24.0,Monday,11,1,44,0.044444444444444446,1.0,1.0,2.0,3,6.1075,1.3450743473875337,3,3,2,332,Loyal
17331.0,124,1,175.2,175.2,1,16,0.0,16.0,Monday,11,1,0,1.0,0.0,0.0,0.0,1,10.95,0.0,2,2,1,221,At Risk
17333.0,86,1,479.13,17.745555555555555,27,339,0.0,339.0,Thursday,10,1,0,1.0,0.0,0.0,1.0,27,1.8222222222222224,1.6767558726332992,2,2,2,222,At Risk
17334.0,302,2,215.82000000000002,23.980000000000004,9,157,0.75,78.5,Friday,9,1,6,0.2857142857142857,0.0,0.0,0.0,9,1.5344444444444445,0.916243841877138,1,3,1,131,Regular
17337.0,151,4,1957.66,3.7647307692307694,420,1211,0.302504816955684,302.75,Wednesday,17,1,158,0.025157232704402517,0.0,0.0,0.0,420,2.307576923076923,2.338685197423034,1,3,4,134,Regular
17338.0,17,8,6456.36,8.979638386648121,387,2985,0.4763231197771588,373.125,Monday,14,1,344,0.02318840579710145,1.0,1.0,1.0,387,2.785757997218359,2.1689795689038767,4,4,4,444,Champions
17339.0,94,2,199.20000000000002,28.45714285714286,7,56,45.0,28.0,Thursday,14,1,270,0.007380073800738007,0.0,0.0,0.0,7,3.664285714285714,0.14638501094227985,2,3,1,231,Regular
17340.0,30,11,10434.050000000001,27.824133333333336,213,4307,0.893048128342246,391.54545454545456,Thursday,10,1,336,0.032640949554896145,1.0,1.0,4.0,213,3.30776,3.345293013073072,3,4,4,344,Loyal
17341.0,157,3,601.65,3.9068181818181817,144,323,1.3660130718954249,107.66666666666667,Wednesday,12,1,209,0.014285714285714285,0.0,0.0,0.0,144,2.1262337662337663,1.660142949165176,1,3,3,133,Regular
17343.0,355,1,193.64,11.390588235294118,17,56,0.0,56.0,Sunday,15,1,0,1.0,0.0,0.0,0.0,17,4.70235294117647,3.7913182559166745,1,2,1,121,Regular
17344.0,46,1,157.62,5.0845161290322585,31,65,0.0,65.0,Monday,12,1,0,1.0,0.0,1.0,1.0,31,2.8296774193548386,2.3204489276444877,3,2,1,321,At Risk
17345.0,15,4,447.69,5.527037037037037,68,245,2.2625,61.25,Thursday,15,1,181,0.02197802197802198,1.0,1.0,1.0,68,2.7458024691358025,2.889205714464414,4,3,2,432,Regular
17346.0,4,15,2616.04,5.42746887966805,298,1581,0.7588357588357588,105.4,Thursday,12,1,369,0.04054054054054054,3.0,7.0,7.0,298,2.4007261410788385,2.5603835495267817,4,4,4,444,Champions
17348.0,15,5,1023.16,5.040197044334975,171,942,1.396039603960396,188.4,Friday,11,1,283,0.017605633802816902,2.0,3.0,4.0,171,1.7680295566502464,1.736189938938875,4,4,3,443,Champions
17349.0,179,1,55.75,7.964285714285714,7,52,0.0,52.0,Monday,14,1,0,1.0,0.0,0.0,0.0,7,3.6700000000000004,4.790320100647415,1,2,1,121,Regular
17350.0,8,4,1070.0,15.970149253731343,64,662,0.6363636363636364,165.5,Tuesday,12,1,42,0.09302325581395349,2.0,4.0,4.0,64,2.4959701492537314,2.2132185939373406,4,3,3,433,Regular
17351.0,36,3,587.15,21.746296296296297,22,113,9.076923076923077,37.666666666666664,Thursday,19,1,237,0.012605042016806723,0.0,1.0,1.0,22,5.725555555555555,3.159128815321539,3,3,3,333,Loyal
17354.0,51,1,56.690000000000005,14.172500000000001,4,65,0.0,65.0,Thursday,10,1,0,1.0,0.0,1.0,1.0,4,1.455,1.8070325582752147,3,2,1,321,At Risk
17356.0,312,1,178.22,9.38,19,166,0.0,166.0,Tuesday,11,1,0,1.0,0.0,0.0,0.0,19,1.121578947368421,0.7814890569923743,1,2,1,121,Regular
17357.0,24,2,384.39,8.736136363636364,41,152,0.0,76.0,Tuesday,16,1,0,2.0,2.0,2.0,2.0,41,3.4481818181818182,3.2345340577623425,3,3,2,332,Loyal
17358.0,303,2,360.81,6.220862068965517,55,190,0.9122807017543859,95.0,Sunday,14,1,52,0.03773584905660377,0.0,0.0,0.0,55,2.731551724137931,2.0713465420536656,1,3,2,132,Regular
17359.0,11,1,84.3,6.484615384615385,13,53,0.0,53.0,Monday,14,1,0,1.0,1.0,1.0,1.0,13,2.3653846153846154,3.1314017505067793,4,2,1,421,At Risk
17360.0,17,3,568.24,4.54592,113,328,1.3387096774193548,109.33333333333333,Tuesday,17,1,166,0.017964071856287425,2.0,2.0,2.0,113,2.848,2.2873593734316886,4,3,2,432,Regular
17361.0,49,3,488.2,16.834482758620688,26,157,8.642857142857142,52.333333333333336,Monday,14,1,242,0.012345679012345678,0.0,1.0,1.0,26,4.833793103448276,3.6626643442338755,3,3,2,332,Loyal
17362.0,239,2,312.23,8.920857142857143,30,191,2.0588235294117645,95.5,Thursday,14,1,70,0.028169014084507043,0.0,0.0,0.0,30,2.991142857142857,5.903009088805557,1,3,2,132,Regular
17364.0,1,11,4274.64,10.740301507537689,285,2380,0.8211586901763224,216.36363636363637,Friday,12,1,330,0.03323262839879154,5.0,5.0,5.0,285,2.753341708542713,2.681922623042846,4,4,4,444,Champions
17365.0,13,8,4053.13,9.339009216589861,263,3106,0.7321016166281755,388.25,Tuesday,12,1,320,0.024922118380062305,1.0,2.0,3.0,263,2.0430875576036867,2.0537187937424464,4,4,4,444,Champions
17367.0,238,1,157.11,4.9096875,32,113,0.0,113.0,Friday,14,1,0,1.0,0.0,0.0,0.0,32,1.9790625,1.7114215170059561,1,2,1,121,Regular
17368.0,23,7,712.79,8.099886363636363,82,389,3.574712643678161,55.57142857142857,Thursday,15,1,314,0.022222222222222223,1.0,2.0,2.0,82,2.7936363636363635,2.6396770012345065,3,4,3,343,Loyal
17370.0,73,4,415.21999999999997,13.840666666666666,28,420,3.310344827586207,105.0,Thursday,14,1,96,0.041237113402061855,0.0,0.0,2.0,28,1.5086666666666666,1.5255405674673177,2,3,2,232,Regular
17371.0,17,3,380.9,4.481176470588235,82,121,4.083333333333333,40.333333333333336,Tuesday,13,1,343,0.00872093023255814,2.0,2.0,2.0,82,3.1759999999999997,2.9811827310969172,4,3,2,432,Regular
17372.0,41,8,1323.5,5.294,214,711,1.2811244979919678,88.875,Sunday,12,1,321,0.024844720496894408,0.0,2.0,2.0,214,2.331,2.066107694196037,3,4,3,343,Loyal
17373.0,40,4,646.92,11.349473684210526,47,408,4.839285714285714,102.0,Thursday,15,1,272,0.014652014652014652,0.0,1.0,2.0,47,1.8789473684210525,1.3305982599279575,3,3,3,333,Loyal
17374.0,219,2,495.77,17.706071428571427,24,85,2.2962962962962963,42.5,Thursday,9,1,62,0.031746031746031744,0.0,0.0,0.0,24,7.0996428571428565,2.0764383361952174,1,3,2,132,Regular
17375.0,199,3,386.66,5.771044776119403,61,303,2.4393939393939394,101.0,Monday,15,1,162,0.018404907975460124,0.0,0.0,0.0,61,2.784925373134328,2.6397855589757193,1,3,2,132,Regular
17376.0,71,2,203.2,8.466666666666667,23,86,10.434782608695652,43.0,Tuesday,14,1,240,0.008298755186721992,0.0,0.0,1.0,23,3.454166666666667,2.13937804181428,2,3,1,231,Regular
17377.0,24,20,3966.52,9.842481389578163,189,2002,0.8482587064676617,100.1,Monday,10,1,349,0.05714285714285714,2.0,8.0,11.0,189,2.6304466501240693,2.065934864579236,3,4,4,344,Loyal
17379.0,11,1,342.16,4.687123287671233,67,331,0.0,331.0,Monday,13,1,0,1.0,1.0,1.0,1.0,67,1.4306849315068493,1.0438514804520849,4,2,2,422,At Risk
17381.0,152,5,632.31,57.48272727272727,8,185,12.4,37.0,Monday,11,1,126,0.03937007874015748,0.0,0.0,0.0,8,3.0381818181818185,0.9580064528156184,1,4,3,143,Regular
17382.0,65,1,65.4,32.7,2,25,0.0,25.0,Wednesday,13,1,0,1.0,0.0,0.0,1.0,2,8.55,9.121677477306463,2,2,1,221,At Risk
17383.0,4,1,193.39000000000001,3.946734693877551,49,148,0.0,148.0,Monday,17,1,0,1.0,1.0,1.0,1.0,49,1.8118367346938775,1.2113279102383667,4,2,1,421,At Risk
17384.0,19,2,122.2,8.72857142857143,12,52,15.307692307692308,26.0,Sunday,15,1,199,0.01,1.0,1.0,1.0,12,3.0564285714285715,1.8522776297257435,3,3,1,331,Loyal
17385.0,15,1,256.11,5.691333333333334,42,197,0.0,197.0,Friday,11,1,0,1.0,1.0,1.0,1.0,42,1.9497777777777776,1.864091893083221,4,2,2,422,At Risk
17386.0,8,3,154.7,19.3375,8,66,22.428571428571427,22.0,Friday,11,1,157,0.0189873417721519,1.0,1.0,1.0,8,2.305,1.1603817105960066,4,3,1,431,Regular
17387.0,20,2,664.17,9.098219178082191,68,386,0.18055555555555555,193.0,Sunday,11,1,13,0.14285714285714285,1.0,2.0,2.0,68,2.505753424657534,2.564278064857967,3,3,3,333,Loyal
17388.0,78,2,191.07999999999998,15.923333333333332,12,60,4.818181818181818,30.0,Sunday,12,1,53,0.037037037037037035,0.0,0.0,1.0,12,5.607499999999999,5.75229934263445,2,3,1,231,Regular
17389.0,1,29,8959.68,64.92521739130434,37,1452,2.3138686131386863,50.06896551724138,Wednesday,15,1,330,0.08761329305135952,4.0,6.0,7.0,37,6.476594202898551,4.157038968714559,4,4,4,444,Champions
17392.0,307,2,417.27,7.45125,53,277,0.9272727272727272,138.5,Thursday,19,1,51,0.038461538461538464,0.0,0.0,0.0,53,3.3851785714285714,5.079537198343038,1,3,2,132,Regular
17394.0,219,1,48.349999999999994,16.116666666666664,3,25,0.0,25.0,Wednesday,13,1,0,1.0,0.0,0.0,0.0,3,4.35,4.850773134253961,1,2,1,121,Regular
17396.0,149,4,493.95,98.78999999999999,5,78,55.75,19.5,Thursday,10,1,223,0.017857142857142856,0.0,0.0,0.0,5,8.16,5.836137421274452,1,3,2,132,Regular
17397.0,22,2,681.41,7.65629213483146,88,250,0.0,125.0,Thursday,14,1,0,2.0,2.0,2.0,2.0,88,3.0520224719101123,2.4704844849539875,3,3,3,333,Loyal
17398.0,115,3,653.38,17.19421052631579,30,310,3.7567567567567566,103.33333333333333,Tuesday,13,1,140,0.02127659574468085,0.0,0.0,0.0,30,4.841578947368421,3.87262710350326,2,3,3,233,Regular
17400.0,126,5,2000.52,9.854778325123153,172,956,1.113861386138614,191.2,Friday,17,1,226,0.022026431718061675,0.0,0.0,0.0,172,3.3558128078817733,3.0367245095602353,2,4,4,244,Regular
17402.0,5,12,1513.4099999999999,28.02611111111111,33,329,6.773584905660377,27.416666666666668,Sunday,15,1,364,0.03287671232876712,2.0,4.0,5.0,33,6.111851851851852,5.903898320081777,4,4,4,444,Champions
17403.0,36,1,263.92,8.2475,32,111,0.0,111.0,Thursday,15,1,0,1.0,0.0,1.0,1.0,32,3.141875,2.327449715336371,3,2,2,322,At Risk
17404.0,26,10,1499.74,38.45487179487179,34,448,8.578947368421053,44.8,Friday,10,1,331,0.030120481927710843,1.0,3.0,3.0,34,5.504358974358975,7.843266235196109,3,4,4,344,Loyal
17405.0,1,3,1031.41,12.578170731707319,77,726,1.8271604938271604,242.0,Tuesday,14,1,149,0.02,1.0,1.0,2.0,77,3.1534146341463414,3.5911228752255724,4,3,3,433,Regular
17406.0,333,3,2053.22,19.011296296296294,97,682,0.308411214953271,227.33333333333334,Monday,14,1,33,0.08823529411764706,0.0,0.0,0.0,97,6.950648148148148,30.512547726056184,1,3,4,134,Regular
17408.0,163,1,32.65,16.325,2,3,0.0,3.0,Wednesday,12,1,0,1.0,0.0,0.0,0.0,2,11.35,1.9798989873223336,1,2,1,121,Regular
17409.0,185,2,771.85,59.37307692307692,13,105,5.25,52.5,Wednesday,10,1,63,0.03125,0.0,0.0,0.0,13,7.625384615384615,4.119663447792418,1,3,3,133,Regular
17410.0,16,5,1112.12,17.937419354838706,57,480,3.2295081967213113,96.0,Wednesday,15,1,199,0.025,1.0,3.0,3.0,57,3.576774193548387,3.0726721292304093,4,4,3,443,Champions
17411.0,12,3,765.5,19.1375,38,274,6.358974358974359,91.33333333333333,Sunday,10,1,249,0.012,1.0,1.0,2.0,38,4.23725,2.730172331838864,4,3,3,433,Regular
17412.0,3,7,1229.74,19.519682539682538,45,618,5.903225806451613,88.28571428571429,Wednesday,12,1,369,0.01891891891891892,2.0,3.0,3.0,45,2.83968253968254,1.9829718396760665,4,4,3,443,Champions
17414.0,185,1,28.0,9.333333333333334,3,60,0.0,60.0,Wednesday,11,1,0,1.0,0.0,0.0,0.0,3,0.4666666666666666,0.2203028218914441,1,2,1,121,Regular
17415.0,80,1,507.84,36.27428571428571,14,114,0.0,114.0,Wednesday,12,1,0,1.0,0.0,0.0,1.0,14,13.96642857142857,24.25667730659012,2,2,2,222,At Risk
17416.0,30,6,4930.18,21.0691452991453,166,2614,1.0729613733905579,435.6666666666667,Thursday,13,1,251,0.023809523809523808,1.0,1.0,2.0,166,2.536068376068376,1.9534167083616245,3,4,4,344,Loyal
17418.0,42,2,463.46000000000004,15.448666666666668,29,289,9.689655172413794,144.5,Friday,13,1,281,0.0070921985815602835,0.0,1.0,1.0,29,2.941666666666667,2.5605092210855966,3,3,2,332,Loyal
17419.0,11,12,4226.57,20.517330097087378,155,1876,1.7121951219512195,156.33333333333334,Tuesday,12,1,355,0.033707865168539325,2.0,3.0,4.0,155,4.12121359223301,6.374086561666637,4,4,4,444,Champions
17420.0,50,3,598.83,19.961000000000002,28,265,11.10344827586207,88.33333333333333,Tuesday,15,1,323,0.009259259259259259,0.0,1.0,1.0,28,3.881333333333333,4.677597182560599,3,3,3,333,Loyal
17422.0,16,6,1609.85,15.479326923076922,85,1429,2.6893203883495147,238.16666666666666,Wednesday,13,1,279,0.02142857142857143,1.0,1.0,1.0,85,1.6096153846153847,1.3659023285078447,4,4,4,444,Champions
17423.0,46,2,425.29,18.49086956521739,23,283,7.7727272727272725,141.5,Monday,13,1,171,0.011627906976744186,0.0,1.0,1.0,23,2.33,1.9963876468170296,3,3,2,332,Loyal
17425.0,61,1,688.97,16.40404761904762,42,371,0.0,371.0,Monday,11,1,0,1.0,0.0,0.0,1.0,42,2.6880952380952383,1.8866711400528915,2,2,3,223,At Risk
17426.0,8,6,4750.74,17.995227272727274,172,2798,1.038022813688213,466.3333333333333,Friday,12,1,274,0.02181818181818182,2.0,2.0,2.0,172,3.068863636363637,3.812023433577019,4,4,4,444,Champions
17427.0,72,1,100.8,50.4,2,34,0.0,34.0,Thursday,11,1,0,1.0,0.0,0.0,1.0,2,4.165,4.122432534317572,2,2,1,221,At Risk
17428.0,1,25,8410.29,33.776265060240966,199,2938,1.4556451612903225,117.52,Tuesday,10,1,368,0.06775067750677506,1.0,3.0,6.0,199,4.241204819277108,5.124729827085702,4,4,4,444,Champions
17429.0,128,3,468.12,13.374857142857143,32,424,2.6176470588235294,141.33333333333334,Thursday,13,1,90,0.03296703296703297,0.0,0.0,0.0,32,2.2905714285714285,2.5861212642251163,2,3,2,232,Regular
17430.0,33,2,242.36,18.643076923076926,13,154,27.666666666666668,77.0,Monday,9,1,332,0.006006006006006006,0.0,1.0,1.0,13,2.1015384615384614,1.4975248810055775,3,3,1,331,Loyal
17431.0,313,1,372.7,8.873809523809523,40,256,0.0,256.0,Sunday,14,1,0,1.0,0.0,0.0,0.0,40,1.9876190476190476,1.8007313006635153,1,2,2,122,Regular
17432.0,18,2,365.76,7.62,44,207,0.40425531914893614,103.5,Monday,17,1,19,0.1,1.0,2.0,2.0,44,2.5272916666666667,1.7245137946720472,4,3,2,432,Regular
17433.0,88,1,303.16,5.614074074074074,53,185,0.0,185.0,Monday,14,1,0,1.0,0.0,0.0,1.0,53,2.4059259259259256,2.1268521504517426,2,2,2,222,At Risk
17434.0,2,7,2277.42,17.79234375,96,1413,0.6299212598425197,201.85714285714286,Wednesday,13,1,82,0.08433734939759036,4.0,6.0,7.0,96,2.8528125,2.9611827115497453,4,4,4,444,Champions
17436.0,2,2,216.3,24.033333333333335,7,90,28.125,45.0,Thursday,12,1,225,0.008849557522123894,1.0,1.0,1.0,7,2.4277777777777776,0.36666666666666664,4,3,1,431,Regular
17438.0,254,1,388.45000000000005,22.85,17,103,0.0,103.0,Thursday,10,1,0,1.0,0.0,0.0,0.0,17,5.238235294117647,2.8772561479952508,1,2,2,122,Regular
17440.0,248,2,22.62,11.31,2,42,0.0,21.0,Wednesday,12,1,0,2.0,0.0,0.0,0.0,2,0.52,0.18384776310850237,1,3,1,131,Regular
17442.0,37,6,2234.64,16.67641791044776,95,1448,1.8796992481203008,241.33333333333334,Tuesday,12,1,253,0.023622047244094488,0.0,1.0,1.0,95,2.5440298507462686,2.2251958161372807,3,4,4,344,Loyal
17444.0,148,3,2556.58,20.78520325203252,120,1421,0.20491803278688525,473.6666666666667,Monday,10,1,25,0.11538461538461539,0.0,0.0,0.0,120,7.113333333333334,49.51288531855427,1,3,4,134,Regular
17446.0,177,2,120.89999999999999,13.433333333333332,6,198,16.625,99.0,Wednesday,14,1,133,0.014925373134328358,0.0,0.0,0.0,6,0.7722222222222223,0.6666666666666666,1,3,1,131,Regular
17447.0,40,2,541.53,15.042499999999999,33,443,0.8857142857142857,221.5,Thursday,10,1,31,0.0625,0.0,1.0,2.0,33,1.6922222222222223,1.525600792402055,3,3,2,332,Loyal
17449.0,2,7,2519.21,9.127572463768116,178,1121,1.2872727272727273,160.14285714285714,Tuesday,17,1,357,0.019553072625698324,1.0,3.0,3.0,178,3.497826086956522,2.6859779296813255,4,4,4,444,Champions
17450.0,11,11,5335.0199999999995,66.68775,72,1214,4.468354430379747,110.36363636363636,Tuesday,8,1,357,0.030726256983240222,2.0,3.0,4.0,72,4.075125,2.716873199870986,4,4,4,444,Champions
17451.0,1,7,1658.7,17.46,78,1005,1.0851063829787233,143.57142857142858,Friday,11,1,104,0.06666666666666667,3.0,5.0,6.0,78,2.376421052631579,1.6495388883663589,4,4,4,444,Champions
17453.0,18,2,486.72,25.61684210526316,19,219,2.5555555555555554,109.5,Tuesday,9,1,46,0.0425531914893617,1.0,1.0,2.0,19,3.4231578947368417,2.9056880092359445,4,3,2,432,Regular
17454.0,192,4,517.53,8.484098360655738,57,243,2.7666666666666666,60.75,Sunday,13,1,167,0.023809523809523808,0.0,0.0,0.0,57,2.6434426229508197,2.1609534047466963,1,3,2,132,Regular
17455.0,204,1,131.7,16.4625,8,66,0.0,66.0,Friday,12,1,0,1.0,0.0,0.0,0.0,8,2.825,2.9173128535887756,1,2,1,121,Regular
17456.0,365,1,219.62,14.641333333333334,15,150,0.0,150.0,Thursday,15,1,0,1.0,0.0,0.0,0.0,15,1.6526666666666665,0.9517462647055426,1,2,1,121,Regular
17457.0,127,4,241.99,26.887777777777778,9,109,26.375,27.25,Friday,12,1,212,0.018779342723004695,0.0,0.0,0.0,9,4.38,4.869599572860174,2,3,1,231,Regular
17458.0,15,1,316.5,5.861111111111111,52,170,0.0,170.0,Thursday,13,1,0,1.0,1.0,1.0,1.0,52,2.4331481481481485,1.9147942636162345,4,2,2,422,At Risk
17459.0,43,2,611.94,5.614128440366973,87,429,0.14814814814814814,214.5,Monday,17,1,16,0.11764705882352941,0.0,2.0,2.0,87,1.9446788990825687,1.992611151603612,3,3,3,333,Loyal
17460.0,94,6,622.4300000000001,21.463103448275863,18,236,9.857142857142858,39.333333333333336,Tuesday,16,1,278,0.021505376344086023,0.0,0.0,0.0,18,4.310689655172414,3.1677345792430303,2,4,3,243,Regular
17461.0,23,3,692.5600000000001,6.723883495145632,101,636,0.058823529411764705,212.0,Thursday,10,1,6,0.42857142857142855,3.0,3.0,3.0,101,2.464757281553398,2.571744218009078,3,3,3,333,Loyal
17462.0,60,2,675.69,25.025555555555556,25,227,8.576923076923077,113.5,Monday,17,1,223,0.008928571428571428,0.0,1.0,1.0,25,3.8862962962962966,2.78349966236218,2,3,3,233,Regular
17463.0,16,5,1875.8600000000001,9.018557692307693,162,1086,1.4251207729468598,217.2,Sunday,15,1,296,0.016835016835016835,1.0,2.0,2.0,162,2.815817307692308,2.575716082654095,4,4,4,444,Champions
17464.0,158,1,248.20000000000002,31.025000000000002,8,76,0.0,76.0,Monday,13,1,0,1.0,0.0,0.0,0.0,8,3.025,1.9528367644458737,1,2,1,121,Regular
17466.0,10,2,763.28,18.61658536585366,41,306,1.7,153.0,Thursday,9,1,68,0.028985507246376812,1.0,1.0,2.0,41,4.690975609756098,4.8860857569623395,4,3,3,433,Regular
17468.0,10,2,137.0,27.4,5,116,1.0,58.0,Friday,12,1,4,0.4,2.0,2.0,2.0,5,1.17,0.17888543819998318,4,3,1,431,Regular
17469.0,16,5,1870.97,21.261022727272728,61,787,2.1494252873563218,157.4,Tuesday,10,1,188,0.026455026455026454,1.0,1.0,2.0,61,3.0990909090909096,2.0635565974116146,4,4,4,444,Champions
17470.0,45,5,813.91,13.342786885245902,51,871,5.35,174.2,Tuesday,12,1,323,0.015432098765432098,0.0,1.0,1.0,51,1.4275409836065573,1.5782993545139072,3,4,3,343,Loyal
17472.0,191,3,697.54,4.0088505747126435,142,455,0.6184971098265896,151.66666666666666,Sunday,14,1,108,0.027522935779816515,0.0,0.0,0.0,142,2.0647126436781607,1.694317151713533,1,3,3,133,Regular
17475.0,79,1,194.37,13.883571428571429,14,178,0.0,178.0,Wednesday,14,1,0,1.0,0.0,0.0,1.0,14,1.7764285714285715,1.5292009333326653,2,2,1,221,At Risk
17480.0,78,1,511.82,17.64896551724138,29,338,0.0,338.0,Friday,11,1,0,1.0,0.0,0.0,1.0,29,1.8,1.077762231928466,2,2,2,222,At Risk
17481.0,4,4,1172.31,15.029615384615385,66,749,1.155844155844156,187.25,Thursday,9,1,90,0.04395604395604396,2.0,3.0,3.0,66,2.6652564102564105,2.321448676876997,4,3,3,433,Regular
17483.0,65,3,414.04,19.716190476190476,18,191,5.8,63.666666666666664,Thursday,13,1,117,0.025423728813559324,0.0,0.0,1.0,18,3.264761904761905,2.2792973019060483,2,3,2,232,Regular
17486.0,261,1,396.87,16.53625,24,191,0.0,191.0,Wednesday,14,1,0,1.0,0.0,0.0,0.0,24,2.89625,2.180189087332046,1,2,2,122,Regular
17489.0,59,2,361.52,12.911428571428571,27,392,5.666666666666667,196.0,Wednesday,11,1,153,0.012987012987012988,0.0,1.0,1.0,27,1.1003571428571428,0.7273263170191022,2,3,2,232,Regular
17490.0,1,7,1556.93,22.896029411764708,61,675,2.582089552238806,96.42857142857143,Thursday,9,1,175,0.03977272727272727,3.0,3.0,6.0,61,3.2214705882352943,2.8035533235392553,4,4,4,444,Champions
17491.0,1,10,2490.63,25.9440625,66,1211,3.8,121.1,Thursday,11,1,366,0.027247956403269755,2.0,3.0,4.0,66,3.5623958333333334,3.29183607214533,4,4,4,444,Champions
17492.0,248,1,374.57,31.214166666666667,12,155,0.0,155.0,Tuesday,15,1,0,1.0,0.0,0.0,0.0,12,3.5233333333333334,3.7093330283423613,1,2,2,122,Regular
17495.0,8,2,497.56,18.42814814814815,21,229,1.1923076923076923,114.5,Tuesday,12,1,31,0.0625,1.0,2.0,2.0,21,3.68,3.0972866537317167,4,3,2,432,Regular
17496.0,359,1,271.05,27.105,10,79,0.0,79.0,Thursday,8,1,0,1.0,0.0,0.0,0.0,10,5.165,5.374014121471749,1,2,2,122,Regular
17498.0,76,1,235.74,15.716000000000001,15,202,0.0,202.0,Sunday,12,1,0,1.0,0.0,0.0,1.0,15,2.2633333333333336,1.8111309279274201,2,2,1,221,At Risk
17499.0,290,1,519.8,14.438888888888888,36,531,0.0,531.0,Wednesday,9,1,0,1.0,0.0,0.0,0.0,36,1.8702777777777777,2.4277402615967336,1,2,2,122,Regular
17500.0,17,3,1138.0,227.6,3,17,3.0,5.666666666666667,Thursday,9,1,12,0.23076923076923078,3.0,3.0,3.0,3,54.3,42.0377062885215,4,3,3,433,Regular
17501.0,221,2,288.6,16.033333333333335,18,160,0.0,80.0,Tuesday,9,1,0,2.0,0.0,0.0,0.0,18,3.4944444444444445,3.1348087890317724,1,3,2,132,Regular
17502.0,9,4,658.86,24.40222222222222,24,328,0.6923076923076923,82.0,Thursday,13,1,19,0.2,4.0,4.0,4.0,24,2.8903703703703707,2.4663824045030336,4,3,3,433,Regular
17503.0,3,2,548.8100000000001,14.832702702702704,35,451,0.9722222222222222,225.5,Tuesday,11,1,35,0.05555555555555555,1.0,2.0,2.0,35,2.382702702702703,2.665674449416183,4,3,2,432,Regular
17504.0,206,9,2377.4700000000003,20.14805084745763,105,1220,0.9829059829059829,135.55555555555554,Wednesday,14,1,116,0.07692307692307693,0.0,0.0,0.0,105,3.557966101694915,3.391430769676384,1,4,4,144,Regular
17505.0,162,2,1145.8400000000001,22.03538461538462,48,556,0.8627450980392157,278.0,Wednesday,9,1,44,0.044444444444444446,0.0,0.0,0.0,48,2.9532692307692305,2.340064286995121,1,3,3,133,Regular
17506.0,76,1,302.2,21.585714285714285,14,139,0.0,139.0,Sunday,11,1,0,1.0,0.0,0.0,1.0,14,3.6342857142857143,2.1584492805491857,2,2,2,222,At Risk
17507.0,262,2,605.58,6.881590909090909,79,359,0.5402298850574713,179.5,Thursday,18,1,47,0.041666666666666664,0.0,0.0,0.0,79,2.6617045454545454,2.035006973690166,1,3,3,133,Regular
17508.0,281,1,387.31,17.605,22,289,0.0,289.0,Friday,8,1,0,1.0,0.0,0.0,0.0,22,1.622272727272727,0.8797506779828337,1,2,2,122,Regular
17509.0,58,8,6083.64,16.713296703296706,75,3512,0.013774104683195593,439.0,Friday,14,1,5,1.3333333333333333,0.0,1.0,8.0,75,2.2636538461538462,1.2458237015221787,2,4,4,244,Regular
17510.0,25,1,308.48,15.424000000000001,20,214,0.0,214.0,Tuesday,10,1,0,1.0,1.0,1.0,1.0,20,2.211,2.6730504947285265,3,2,2,322,At Risk
17511.0,3,28,16521.08,47.338338108882525,174,5783,1.0229885057471264,206.53571428571428,Wednesday,11,1,370,0.07547169811320754,3.0,6.0,8.0,174,3.7158739255014326,3.169773759309798,4,4,4,444,Champions
17512.0,51,8,1750.91,19.24076923076923,57,1041,2.7555555555555555,130.125,Wednesday,15,1,250,0.03187250996015936,0.0,1.0,1.0,57,2.121098901098901,1.7442543459722906,3,4,4,344,Loyal
17513.0,72,1,140.4,46.800000000000004,3,58,0.0,58.0,Wednesday,16,1,0,1.0,0.0,0.0,1.0,3,3.3266666666666667,3.256629136597125,2,2,1,221,At Risk
17514.0,128,1,208.65,5.2162500000000005,40,135,0.0,135.0,Wednesday,15,1,0,1.0,0.0,0.0,0.0,40,2.228,1.7351911148712715,2,2,1,221,At Risk
17515.0,31,4,639.02,7.345057471264368,49,243,3.3255813953488373,60.75,Tuesday,14,1,286,0.013937282229965157,0.0,1.0,1.0,49,3.7408045977011493,3.8976162119675886,3,3,3,333,Loyal
17516.0,15,5,750.96,5.604179104477613,112,366,2.030075187969925,73.2,Sunday,12,1,270,0.01845018450184502,1.0,1.0,1.0,112,2.7948507462686565,3.1184745970012795,4,4,3,443,Champions
17517.0,309,1,153.94,13.994545454545454,11,102,0.0,102.0,Friday,11,1,0,1.0,0.0,0.0,0.0,11,2.5381818181818185,3.492210813172132,1,2,1,121,Regular
17519.0,17,6,1288.6000000000001,18.950000000000003,57,594,5.1940298507462686,99.0,Tuesday,13,1,351,0.017045454545454544,1.0,1.0,1.0,57,3.5722058823529412,2.5896013901689354,4,4,3,443,Champions
17520.0,54,1,532.89,18.37551724137931,29,317,0.0,317.0,Monday,12,1,0,1.0,0.0,1.0,1.0,29,3.4013793103448275,3.6868605732654864,2,2,2,222,At Risk
17521.0,30,3,704.49,16.011136363636364,38,471,3.9069767441860463,157.0,Wednesday,13,1,169,0.01764705882352941,1.0,1.0,2.0,38,1.9759090909090908,1.7187736544595598,3,3,3,333,Loyal
17522.0,2,5,710.71,11.463064516129032,55,554,3.5245901639344264,110.8,Thursday,14,1,216,0.02304147465437788,1.0,1.0,1.0,55,2.1569354838709676,2.486959819400067,4,4,3,443,Champions
17523.0,11,2,314.28,10.475999999999999,24,146,0.2413793103448276,73.0,Sunday,13,1,7,0.25,2.0,2.0,2.0,24,3.3786666666666667,3.8530880882860634,4,3,2,432,Regular
17524.0,361,1,145.0,24.166666666666668,6,90,0.0,90.0,Monday,14,1,0,1.0,0.0,0.0,0.0,6,1.5916666666666668,0.31688588903052567,1,2,1,121,Regular
17525.0,360,1,422.7,46.96666666666667,9,82,0.0,82.0,Wednesday,12,1,0,1.0,0.0,0.0,0.0,9,6.005555555555556,1.8735735314574065,1,2,2,122,Regular
17526.0,5,4,959.5,59.96875,15,178,23.933333333333334,44.5,Monday,11,1,360,0.0110803324099723,1.0,1.0,1.0,15,5.865,4.361354529653985,4,3,3,433,Regular
17527.0,54,4,939.37,19.98659574468085,45,488,3.5434782608695654,122.0,Monday,10,1,164,0.024242424242424242,0.0,1.0,2.0,45,3.408936170212766,3.2530375330588117,2,3,3,233,Regular
17528.0,1,8,3543.16,14.286935483870968,180,1948,0.27125506072874495,243.5,Thursday,13,1,70,0.11267605633802817,3.0,6.0,8.0,180,3.2153629032258064,4.015208822970426,4,4,4,444,Champions
17530.0,1,10,2321.04,5.982061855670103,304,1394,0.9328165374677002,139.4,Thursday,17,1,363,0.027472527472527472,2.0,3.0,4.0,304,2.3330670103092785,2.901909310995914,4,4,4,444,Champions
17531.0,190,1,296.7,21.192857142857143,14,136,0.0,136.0,Thursday,19,1,0,1.0,0.0,0.0,0.0,14,4.1242857142857146,2.9187265776644504,1,2,2,122,Regular
17534.0,54,1,223.36,24.817777777777778,9,103,0.0,103.0,Monday,12,1,0,1.0,0.0,1.0,1.0,9,2.677777777777778,1.4583104760113481,2,2,1,221,At Risk
17535.0,280,1,164.4,12.646153846153847,13,136,0.0,136.0,Friday,15,1,0,1.0,0.0,0.0,0.0,13,1.473076923076923,0.972242979021402,1,2,1,121,Regular
17536.0,177,1,76.5,25.5,3,6,0.0,6.0,Wednesday,13,1,0,1.0,0.0,0.0,0.0,3,12.75,0.0,1,2,1,121,Regular
17537.0,30,2,787.11,11.57514705882353,68,459,4.074626865671642,229.5,Wednesday,13,1,273,0.0072992700729927005,1.0,1.0,1.0,68,2.7529411764705882,1.7664130606870412,3,3,3,333,Loyal
17538.0,26,1,92.66,11.5825,8,86,0.0,86.0,Monday,12,1,0,1.0,1.0,1.0,1.0,8,1.3275000000000001,1.1606617570531539,3,2,1,321,At Risk
17540.0,25,2,578.9,23.156,20,194,12.125,97.0,Tuesday,11,1,291,0.00684931506849315,1.0,1.0,1.0,20,3.534,1.8888775326456007,3,3,3,333,Loyal
17542.0,270,1,170.75,6.83,24,134,0.0,134.0,Tuesday,11,1,0,1.0,0.0,0.0,0.0,24,2.5839999999999996,3.0280852035568615,1,2,1,121,Regular
17545.0,43,3,628.64,4.490285714285714,121,301,0.0,100.33333333333333,Thursday,13,1,0,3.0,0.0,3.0,3.0,121,2.546142857142857,2.8735187828292257,3,3,3,333,Loyal
17548.0,234,1,103.3,20.66,5,58,0.0,58.0,Wednesday,12,1,0,1.0,0.0,0.0,0.0,5,2.43,1.9753480705941422,1,2,1,121,Regular
17549.0,24,2,64.14,21.38,3,42,13.5,21.0,Wednesday,9,1,27,0.07142857142857142,1.0,2.0,2.0,3,3.0100000000000002,4.28546380220391,3,3,1,331,Loyal
17550.0,197,3,267.16,6.360952380952382,42,86,1.0975609756097562,28.666666666666668,Sunday,15,1,45,0.06521739130434782,0.0,0.0,0.0,42,2.978095238095238,2.6074791471656296,1,3,2,132,Regular
17551.0,359,1,290.34,7.444615384615384,39,142,0.0,142.0,Wednesday,14,1,0,1.0,0.0,0.0,0.0,39,2.5902564102564103,1.739999224409215,1,2,2,122,Regular
17552.0,60,4,879.17,19.112391304347824,41,587,6.911111111111111,146.75,Thursday,18,1,311,0.01282051282051282,0.0,1.0,2.0,41,2.378913043478261,2.068694949061009,2,3,3,233,Regular
17554.0,1,5,1421.01,19.465890410958902,50,603,2.013888888888889,120.6,Thursday,20,1,146,0.034013605442176874,2.0,3.0,3.0,50,3.5776712328767126,2.921126837629969,4,4,4,444,Champions
17555.0,20,2,480.31,4.574380952380952,101,348,3.019230769230769,174.0,Sunday,12,1,314,0.006349206349206349,1.0,1.0,1.0,101,2.1773333333333333,1.590572747995724,3,3,2,332,Loyal
17556.0,206,1,82.9,16.580000000000002,5,41,0.0,41.0,Wednesday,10,1,0,1.0,0.0,0.0,0.0,5,5.484,5.561814452137,1,2,1,121,Regular
17557.0,14,3,541.46,15.92529411764706,27,306,2.0,102.0,Monday,14,1,66,0.04477611940298507,1.0,2.0,3.0,27,2.702058823529412,2.2645606696968774,4,3,2,432,Regular
17560.0,155,3,373.07,23.316875,15,123,10.266666666666667,41.0,Thursday,17,1,155,0.019230769230769232,0.0,0.0,0.0,15,4.893125,3.4058219149959483,1,3,2,132,Regular
17561.0,19,1,150.0,3.409090909090909,43,108,0.0,108.0,Sunday,12,1,0,1.0,1.0,1.0,1.0,43,2.1515909090909093,2.25580176349663,3,2,1,321,At Risk
17562.0,14,7,1078.82,17.98033333333333,45,673,2.6440677966101696,96.14285714285714,Sunday,13,1,159,0.04375,1.0,2.0,3.0,45,1.9763333333333333,1.2658740755467122,4,4,3,443,Champions
17564.0,24,3,454.01,9.265510204081632,38,146,1.1458333333333333,48.666666666666664,Tuesday,13,1,55,0.05357142857142857,1.0,2.0,3.0,38,3.722448979591837,1.9238238079974181,3,3,2,332,Loyal
17566.0,8,2,869.77,6.125140845070423,113,497,0.12056737588652482,248.5,Thursday,19,1,17,0.1111111111111111,2.0,2.0,2.0,113,2.6519718309859153,2.366914153308049,4,3,3,433,Regular
17567.0,7,8,2972.02,19.552763157894738,107,1654,2.3973509933774833,206.75,Thursday,15,1,365,0.02185792349726776,1.0,2.0,2.0,107,2.425921052631579,2.072930342690406,4,4,4,444,Champions
17569.0,332,1,330.7,11.810714285714285,28,127,0.0,127.0,Tuesday,14,1,0,1.0,0.0,0.0,0.0,28,3.4578571428571427,2.8963263540572126,1,2,2,122,Regular
17571.0,50,3,1338.31,4.993694029850746,244,776,0.9250936329588015,258.6666666666667,Thursday,15,1,248,0.012048192771084338,0.0,1.0,1.0,244,2.8100746268656716,2.970451483677504,3,3,3,333,Loyal
17572.0,71,4,226.75000000000003,18.895833333333336,7,95,27.272727272727273,23.75,Wednesday,12,1,302,0.013201320132013201,0.0,0.0,1.0,7,3.158333333333333,2.2407216099581255,2,3,1,231,Regular
17573.0,29,3,336.44,14.62782608695652,22,212,2.8636363636363638,70.66666666666667,Thursday,13,1,64,0.046153846153846156,1.0,1.0,2.0,22,2.3543478260869564,1.6578952321514513,3,3,2,332,Loyal
17574.0,243,1,185.65,23.20625,8,77,0.0,77.0,Monday,9,1,0,1.0,0.0,0.0,0.0,8,3.3162499999999997,3.0696390550961246,1,2,1,121,Regular
17576.0,8,19,3439.25,8.729060913705585,244,1705,0.8931297709923665,89.73684210526316,Tuesday,17,1,357,0.05307262569832402,1.0,3.0,5.0,244,3.045203045685279,2.9728428293351845,4,4,4,444,Champions
17578.0,218,1,96.3,32.1,3,54,0.0,54.0,Thursday,18,1,0,1.0,0.0,0.0,0.0,3,1.75,0.17320508075688773,1,2,1,121,Regular
17579.0,5,3,448.90000000000003,8.978000000000002,46,258,3.5510204081632653,86.0,Monday,12,1,174,0.017142857142857144,1.0,1.0,1.0,46,2.476,2.2212746846101217,4,3,2,432,Regular
17580.0,253,3,215.72,4.793777777777778,43,88,2.3636363636363638,29.333333333333332,Monday,14,1,105,0.02830188679245283,0.0,0.0,0.0,43,2.1575555555555557,1.7630592672391874,1,3,1,131,Regular
17581.0,1,25,8985.06,22.185333333333332,224,4713,0.9084158415841584,188.52,Friday,12,1,371,0.06720430107526881,3.0,6.0,8.0,224,3.238864197530864,13.672763784211242,4,4,4,444,Champions
17582.0,236,1,115.27,4.116785714285714,27,75,0.0,75.0,Sunday,13,1,0,1.0,0.0,0.0,0.0,27,2.165714285714286,2.0736877663671915,1,2,1,121,Regular
17584.0,7,2,907.1,29.261290322580646,27,318,4.0,159.0,Friday,17,1,120,0.01652892561983471,1.0,1.0,1.0,27,4.179032258064517,3.585683900214583,4,3,3,433,Regular
17585.0,109,4,898.3199999999999,4.703246073298429,162,900,1.2,225.0,Monday,13,1,228,0.017467248908296942,0.0,0.0,0.0,162,1.4954973821989528,1.6180093808665197,2,3,3,233,Regular
17588.0,100,2,579.6,36.225,13,88,8.8,44.0,Thursday,10,1,132,0.015037593984962405,0.0,0.0,0.0,13,6.95,1.7358955421722049,2,3,3,233,Regular
17589.0,60,4,2194.97,8.88651821862348,169,1335,0.7276422764227642,333.75,Monday,16,1,180,0.022099447513812154,0.0,1.0,1.0,169,2.2087449392712553,2.7341061104678177,2,3,4,234,Regular
17590.0,2,3,1452.54,7.487319587628866,160,714,0.19170984455958548,238.0,Tuesday,16,1,37,0.07894736842105263,2.0,3.0,3.0,160,2.71180412371134,2.8155830883205697,4,3,4,434,Regular
17591.0,73,7,2128.07,13.64147435897436,81,964,1.8774193548387097,137.71428571428572,Tuesday,15,1,293,0.023809523809523808,0.0,0.0,1.0,81,3.60224358974359,3.087074525724639,2,4,4,244,Regular
17593.0,4,5,3308.58,17.2321875,173,2125,1.8167539267015707,425.0,Sunday,10,1,349,0.014285714285714285,1.0,1.0,1.0,173,2.7005729166666668,2.4482300872467744,4,4,4,444,Champions
17594.0,85,2,993.1800000000001,19.8636,42,550,3.4489795918367347,275.0,Thursday,16,1,169,0.011764705882352941,0.0,0.0,1.0,42,1.9409999999999998,0.923777184019115,2,3,3,233,Regular
17595.0,12,2,386.69,4.715731707317073,68,228,0.2962962962962963,114.0,Sunday,16,1,24,0.08,1.0,2.0,2.0,68,2.502560975609756,2.0667836352655553,4,3,2,432,Regular
17596.0,23,7,1336.94,6.1327522935779815,160,819,1.576036866359447,117.0,Tuesday,13,1,345,0.02023121387283237,1.0,2.0,3.0,160,2.243899082568807,2.135742120321478,3,4,3,343,Loyal
17597.0,214,1,1430.19,30.429574468085107,47,594,0.0,594.0,Tuesday,11,1,0,1.0,0.0,0.0,0.0,47,3.6974468085106382,6.046765023758071,1,2,4,124,Regular
17600.0,18,1,147.63,12.3025,12,108,0.0,108.0,Tuesday,9,1,0,1.0,1.0,1.0,1.0,12,3.7925,4.712556004007706,4,2,1,421,At Risk
17601.0,239,1,108.45,13.55625,8,67,0.0,67.0,Thursday,18,1,0,1.0,0.0,0.0,0.0,8,1.7874999999999999,0.46502688094345684,1,2,1,121,Regular
17602.0,2,6,4464.78,8.283450834879407,328,3376,0.5910780669144982,562.6666666666666,Wednesday,20,1,321,0.018633540372670808,2.0,3.0,4.0,328,1.9883858998144712,1.990097275710327,4,4,4,444,Champions
17603.0,78,1,394.72,35.88363636363636,11,74,0.0,74.0,Thursday,14,1,0,1.0,0.0,0.0,1.0,11,13.392727272727273,37.02461886121425,2,2,2,222,At Risk
17604.0,217,2,298.92,4.821290322580645,56,133,1.540983606557377,66.5,Friday,13,1,94,0.021052631578947368,0.0,0.0,0.0,56,2.5704838709677422,1.6588485315288017,1,3,2,132,Regular
17608.0,33,2,191.99,3.4283928571428572,54,229,0.0,114.5,Sunday,13,1,0,2.0,0.0,2.0,2.0,54,1.1892857142857143,0.9711078156468467,3,3,1,331,Loyal
17609.0,41,5,1098.94,4.736810344827586,198,683,1.2337662337662338,136.6,Sunday,16,1,286,0.017421602787456445,0.0,2.0,3.0,198,2.3286637931034484,2.269415400223142,3,4,3,343,Loyal
17611.0,7,15,3856.12,6.873654188948306,435,2262,0.6196428571428572,150.8,Sunday,14,1,353,0.0423728813559322,2.0,5.0,6.0,435,2.5605882352941176,2.180464443433011,4,4,4,444,Champions
17612.0,53,6,1827.89,14.280390625,110,1360,1.9133858267716535,226.66666666666666,Monday,14,1,244,0.024489795918367346,0.0,1.0,1.0,110,2.696484375,2.867230162178046,2,4,4,244,Regular
17613.0,23,14,4354.47,14.466677740863789,208,2238,0.9266666666666666,159.85714285714286,Tuesday,12,1,282,0.04946996466431095,2.0,4.0,5.0,208,2.681893687707641,2.253619474384859,3,4,4,344,Loyal
17614.0,57,1,386.32,3.9420408163265304,97,235,0.0,235.0,Thursday,16,1,0,1.0,0.0,1.0,1.0,97,2.231224489795918,2.244799839678097,2,2,2,222,At Risk
17615.0,130,3,240.8,18.523076923076925,13,92,7.583333333333333,30.666666666666668,Friday,8,1,91,0.03260869565217391,0.0,0.0,0.0,13,4.069230769230769,3.2380252766628757,2,3,1,231,Regular
17618.0,6,3,930.28,13.884776119402984,56,319,5.378787878787879,106.33333333333333,Sunday,16,1,356,0.008403361344537815,1.0,1.0,1.0,56,4.394179104477613,6.899216281634377,4,3,3,433,Regular
17619.0,312,1,214.37,2.896891891891892,71,124,0.0,124.0,Monday,14,1,0,1.0,0.0,0.0,0.0,71,1.8206756756756755,1.3359346746816103,1,2,1,121,Regular
17620.0,60,1,81.44,20.36,4,60,0.0,60.0,Tuesday,12,1,0,1.0,0.0,1.0,1.0,4,2.7575,3.828344942661254,2,2,1,221,At Risk
17621.0,21,3,757.7,37.885000000000005,20,270,17.473684210526315,90.0,Monday,13,1,333,0.008982035928143712,1.0,1.0,1.0,20,3.3125,2.1168145755753907,3,3,3,333,Loyal
17623.0,33,1,527.05,15.971212121212119,33,265,0.0,265.0,Monday,11,1,0,1.0,0.0,1.0,1.0,33,2.8709090909090906,2.3640542025781204,3,2,2,322,At Risk
17624.0,15,2,843.48,16.869600000000002,49,554,4.142857142857143,277.0,Thursday,17,1,203,0.00980392156862745,1.0,1.0,1.0,49,2.958,2.873242497419874,4,3,3,433,Regular
17625.0,18,4,2020.4,6.602614379084968,223,1180,0.780327868852459,295.0,Friday,13,1,239,0.016666666666666666,1.0,2.0,2.0,223,2.5556209150326796,1.942118441143583,4,3,4,434,Regular
17628.0,81,1,75.75,15.15,5,79,0.0,79.0,Monday,15,1,0,1.0,0.0,0.0,1.0,5,2.41,2.5530374066981474,2,2,1,221,At Risk
17629.0,6,8,1554.32,13.877857142857142,100,1179,3.1621621621621623,147.375,Sunday,10,1,354,0.022535211267605635,2.0,2.0,3.0,100,2.2271428571428573,2.966147265566833,4,4,4,444,Champions
17630.0,170,2,503.6,19.36923076923077,24,158,2.48,79.0,Thursday,14,1,62,0.031746031746031744,0.0,0.0,0.0,24,7.825000000000001,8.218457884542575,1,3,2,132,Regular
17631.0,2,3,521.49,13.72342105263158,38,298,6.216216216216216,99.33333333333333,Thursday,13,1,230,0.012987012987012988,1.0,1.0,1.0,38,3.805526315789474,3.773625181811553,4,3,2,432,Regular
17633.0,31,4,1324.84,18.92628571428571,59,644,1.2753623188405796,161.0,Thursday,15,1,88,0.0449438202247191,0.0,1.0,2.0,59,2.797428571428571,2.117947930628372,3,3,3,333,Loyal
17634.0,36,9,2358.59,7.96820945945946,209,838,1.006779661016949,93.11111111111111,Thursday,12,1,301,0.029801324503311258,0.0,2.0,2.0,209,3.7335810810810814,3.095036816436679,3,4,4,344,Loyal
17636.0,19,1,285.56,14.278,20,182,0.0,182.0,Sunday,14,1,0,1.0,1.0,1.0,1.0,20,2.3905000000000003,1.6210570787703864,3,2,2,322,At Risk
17637.0,31,2,547.0600000000001,15.630285714285716,35,280,2.4411764705882355,140.0,Tuesday,13,1,83,0.023809523809523808,0.0,1.0,1.0,35,3.432857142857143,3.072463632512067,3,3,2,332,Loyal
17639.0,276,1,108.5,15.5,7,49,0.0,49.0,Tuesday,15,1,0,1.0,0.0,0.0,0.0,7,5.514285714285714,4.222826293462934,1,2,1,121,Regular
17640.0,87,1,114.30000000000001,57.150000000000006,2,42,0.0,42.0,Wednesday,9,1,0,1.0,0.0,0.0,1.0,2,2.75,0.2828427124746193,2,2,1,221,At Risk
17642.0,120,2,667.29,17.11,34,438,1.4736842105263157,219.0,Thursday,12,1,56,0.03508771929824561,0.0,0.0,0.0,34,2.3712820512820514,2.0032265808297995,2,3,3,233,Regular
17643.0,373,1,101.55,12.69375,8,71,0.0,71.0,Wednesday,14,1,0,1.0,0.0,0.0,0.0,8,4.01875,4.210610534284615,1,2,1,121,Regular
17644.0,1,11,2595.16,17.186490066225165,99,1539,1.7,139.9090909090909,Thursday,13,1,259,0.04230769230769231,1.0,3.0,4.0,99,2.832317880794702,2.517018989124134,4,4,4,444,Champions
17646.0,219,3,1008.39,19.77235294117647,46,323,2.9,107.66666666666667,Thursday,13,1,145,0.02054794520547945,0.0,0.0,0.0,46,4.756666666666667,2.924090741866036,1,3,3,133,Regular
17647.0,65,1,133.06,19.00857142857143,7,30,0.0,30.0,Wednesday,15,1,0,1.0,0.0,0.0,1.0,7,7.097142857142857,4.943182895954502,2,2,1,221,At Risk
17648.0,61,4,1797.5,19.752747252747252,81,487,2.088888888888889,121.75,Monday,10,1,188,0.021164021164021163,0.0,0.0,1.0,81,5.536483516483516,3.174349407928208,2,3,4,234,Regular
17649.0,138,1,868.49,16.70173076923077,52,399,0.0,399.0,Sunday,15,1,0,1.0,0.0,0.0,0.0,52,3.581153846153846,3.226530738009209,2,2,3,223,At Risk
17650.0,21,1,166.07999999999998,20.759999999999998,8,150,0.0,150.0,Friday,14,1,0,1.0,1.0,1.0,1.0,8,1.89625,1.9282778215658807,3,2,1,321,At Risk
17651.0,12,10,3766.88,17.044705882352943,138,2368,0.7318181818181818,236.8,Thursday,10,1,165,0.060240963855421686,1.0,4.0,6.0,138,2.088371040723982,1.6341041660002484,4,4,4,444,Champions
17652.0,25,12,4673.320000000001,18.39889763779528,113,2173,0.9920948616600791,181.08333333333334,Thursday,14,1,255,0.046875,1.0,4.0,6.0,113,3.4003149606299217,2.851782727092317,3,4,4,344,Loyal
17653.0,37,4,751.32,19.264615384615386,39,357,2.1578947368421053,89.25,Tuesday,15,1,83,0.047619047619047616,0.0,2.0,2.0,39,4.537692307692308,4.594337167437449,3,3,3,333,Loyal
17654.0,277,1,117.55,5.343181818181818,22,41,0.0,41.0,Monday,13,1,0,1.0,0.0,0.0,0.0,22,3.1568181818181817,2.592814955591585,1,2,1,121,Regular
17655.0,11,7,2196.54,26.149285714285714,63,748,4.240963855421687,106.85714285714286,Tuesday,11,1,355,0.019662921348314606,1.0,2.0,2.0,63,5.109404761904762,6.0448734330956615,4,4,4,444,Champions
17656.0,73,5,1556.25,21.030405405405407,59,955,0.7397260273972602,191.0,Wednesday,13,1,55,0.08928571428571429,0.0,0.0,2.0,59,3.039189189189189,2.9494093937492503,2,4,4,244,Regular
17658.0,26,2,268.22,24.383636363636366,10,144,18.5,72.0,Monday,12,1,185,0.010752688172043012,1.0,1.0,1.0,10,3.825454545454545,3.8132803821286565,3,3,2,332,Loyal
17659.0,17,12,2898.66,19.070131578947368,122,1237,2.3112582781456954,103.08333333333333,Tuesday,13,1,354,0.03380281690140845,2.0,3.0,3.0,122,4.186118421052631,4.621338077685691,4,4,4,444,Champions
17660.0,141,1,178.75,4.703947368421052,37,121,0.0,121.0,Thursday,13,1,0,1.0,0.0,0.0,0.0,37,1.963684210526316,1.899905290744254,2,2,1,221,At Risk
17663.0,26,7,1802.91,20.96406976744186,63,797,3.0352941176470587,113.85714285714286,Friday,13,1,261,0.026717557251908396,1.0,2.0,3.0,63,3.9981395348837214,6.781812097181507,3,4,4,344,Loyal
17664.0,19,2,563.84,13.424761904761905,40,556,4.7073170731707314,278.0,Wednesday,14,1,193,0.010309278350515464,1.0,1.0,1.0,40,1.9421428571428574,1.873134240126185,3,3,2,332,Loyal
17666.0,4,2,136.08,19.44,5,68,10.166666666666666,34.0,Wednesday,11,1,61,0.03225806451612903,1.0,1.0,2.0,5,3.255714285714286,4.206637046156376,4,3,1,431,Regular
17667.0,66,5,2021.27,17.73043859649123,84,969,2.0442477876106193,193.8,Monday,9,1,232,0.02145922746781116,0.0,0.0,1.0,84,3.7199999999999998,3.1731762931817413,2,4,4,244,Regular
17668.0,1,2,347.75,23.183333333333334,14,93,2.5714285714285716,46.5,Tuesday,14,1,36,0.05405405405405406,1.0,2.0,2.0,14,7.336666666666667,4.53677302978775,4,3,2,432,Regular
17669.0,43,7,880.52,18.734468085106382,35,566,4.413043478260869,80.85714285714286,Wednesday,13,1,206,0.033816425120772944,0.0,1.0,2.0,35,1.8429787234042554,1.0606087564790678,3,4,3,343,Loyal
17670.0,228,1,205.7,18.7,11,110,0.0,110.0,Tuesday,9,1,0,1.0,0.0,0.0,0.0,11,2.590909090909091,2.0463159802213076,1,2,1,121,Regular
17671.0,16,4,1326.79,26.01549019607843,39,564,6.98,141.0,Thursday,12,1,349,0.011428571428571429,1.0,1.0,1.0,39,3.288627450980392,2.590292662698826,4,3,3,433,Regular
17672.0,50,2,2682.17,25.544476190476193,100,1426,2.4903846153846154,713.0,Thursday,14,1,259,0.007692307692307693,0.0,1.0,1.0,100,3.41,3.63785783331133,3,3,4,334,Loyal
17673.0,2,6,1387.25,6.605952380952381,114,1066,1.5167464114832536,177.66666666666666,Friday,14,1,318,0.018808777429467086,1.0,1.0,2.0,114,1.6401904761904762,1.1540475730513888,4,4,4,444,Champions
17674.0,74,2,271.32,11.796521739130435,16,348,13.363636363636363,174.0,Monday,13,1,294,0.006779661016949152,0.0,0.0,1.0,16,0.7539130434782608,0.6214333806936317,2,3,2,232,Regular
17675.0,1,31,16944.8,25.635098335854764,233,6620,0.5333333333333333,213.5483870967742,Wednesday,13,1,366,0.08446866485013624,4.0,6.0,8.0,233,3.6400453857791226,2.7811966300329645,4,4,4,444,Champions
17676.0,4,6,1308.1000000000001,17.441333333333336,48,846,4.851351351351352,141.0,Monday,14,1,362,0.01652892561983471,1.0,2.0,2.0,48,1.9325333333333332,1.3685582207577447,4,4,3,443,Champions
17677.0,2,25,3997.2400000000002,18.087058823529414,144,2430,1.6363636363636365,97.2,Friday,12,1,367,0.06793478260869565,2.0,6.0,7.0,144,3.093348416289593,3.3774349614705237,4,4,4,444,Champions
17678.0,264,1,298.11,18.631875,16,207,0.0,207.0,Monday,11,1,0,1.0,0.0,0.0,0.0,16,2.235625,1.3789704795003168,1,2,2,122,Regular
17679.0,53,2,1520.51,66.10913043478261,22,345,1.4545454545454546,172.5,Thursday,10,1,32,0.06060606060606061,0.0,1.0,2.0,22,6.4913043478260875,7.904482792779289,2,3,4,234,Regular
17680.0,24,1,184.4,16.763636363636365,11,96,0.0,96.0,Wednesday,12,1,0,1.0,1.0,1.0,1.0,11,2.8000000000000003,2.524975247403428,3,2,1,321,At Risk
17682.0,10,6,2444.09,20.889658119658122,47,1319,3.0689655172413794,219.83333333333334,Tuesday,15,1,358,0.016713091922005572,1.0,1.0,1.0,47,2.4158974358974357,2.378112172844523,4,4,4,444,Champions
17684.0,44,1,239.41,15.960666666666667,15,145,0.0,145.0,Thursday,11,1,0,1.0,0.0,1.0,1.0,15,2.916,3.026699758577224,3,2,1,321,At Risk
17685.0,17,7,2563.21,21.539579831932773,82,1409,2.9915254237288136,201.28571428571428,Monday,12,1,355,0.019662921348314606,1.0,1.0,2.0,82,2.0926890756302523,1.7836164449919576,4,4,4,444,Champions
17686.0,7,7,5600.9800000000005,19.791448763250884,203,2362,1.0390070921985815,337.42857142857144,Thursday,11,1,295,0.02364864864864865,1.0,1.0,2.0,203,3.8856537102473503,3.5165884267775933,4,4,4,444,Champions
17690.0,30,15,4677.72,18.786024096385542,183,1647,1.3548387096774193,109.8,Wednesday,12,1,342,0.043731778425655975,1.0,3.0,4.0,183,5.7383132530120475,13.65059370260997,3,4,4,344,Loyal
17691.0,358,2,290.40000000000003,15.28421052631579,18,134,0.5555555555555556,67.0,Thursday,17,1,10,0.18181818181818182,0.0,0.0,0.0,18,3.4026315789473687,2.5080134726407213,1,3,2,132,Regular
17692.0,127,4,626.94,15.291219512195124,30,480,5.75,120.0,Wednesday,13,1,232,0.017167381974248927,0.0,0.0,0.0,30,1.7746341463414634,1.3690637267143113,2,3,3,233,Regular
17693.0,137,1,200.47,12.529375,16,231,0.0,231.0,Monday,15,1,0,1.0,0.0,0.0,0.0,16,2.0825,2.7463830759746535,2,2,1,221,At Risk
17694.0,142,1,251.92000000000002,17.994285714285716,14,136,0.0,136.0,Thursday,12,1,0,1.0,0.0,0.0,0.0,14,2.7485714285714287,2.0159588561997266,2,2,2,222,At Risk
17695.0,132,2,607.94,20.96344827586207,27,471,1.3928571428571428,235.5,Tuesday,12,1,39,0.05,0.0,0.0,0.0,27,1.3810344827586205,1.0080474224516078,2,3,3,233,Regular
17696.0,38,8,1973.8300000000002,19.16339805825243,71,1288,3.1666666666666665,161.0,Tuesday,13,1,326,0.024464831804281346,0.0,1.0,1.0,71,2.586601941747573,2.68947387281327,3,4,4,344,Loyal
17697.0,236,1,338.95,17.839473684210525,19,93,0.0,93.0,Sunday,15,1,0,1.0,0.0,0.0,0.0,19,5.084210526315789,3.0511861369154882,1,2,2,122,Regular
17698.0,261,1,154.95,19.36875,8,93,0.0,93.0,Thursday,11,1,0,1.0,0.0,0.0,0.0,8,2.1375,1.5642775603179528,1,2,1,121,Regular
17700.0,17,4,2266.44,16.423478260869565,114,1134,1.9197080291970803,283.5,Tuesday,11,1,264,0.01509433962264151,1.0,1.0,1.0,114,3.1995652173913043,2.6713587317726226,4,3,4,434,Regular
17701.0,253,1,417.95,17.414583333333333,24,109,0.0,109.0,Friday,12,1,0,1.0,0.0,0.0,0.0,24,5.754166666666666,3.227864978409193,1,2,2,122,Regular
17702.0,30,4,1033.49,15.658939393939393,55,761,2.6769230769230767,190.25,Tuesday,16,1,175,0.022727272727272728,1.0,1.0,1.0,55,1.8245454545454545,1.2827952433508771,3,3,3,333,Loyal
17703.0,35,3,798.74,14.522545454545455,47,590,1.9074074074074074,196.66666666666666,Monday,15,1,103,0.028846153846153848,0.0,1.0,1.0,47,1.6427272727272726,1.0720134302390034,3,3,3,333,Loyal
17704.0,169,2,803.59,27.71,26,247,2.5357142857142856,123.5,Thursday,9,1,71,0.027777777777777776,0.0,0.0,0.0,26,4.130344827586207,2.520986885496886,1,3,3,133,Regular
17705.0,3,9,1823.52,17.70407766990291,63,963,2.8823529411764706,107.0,Wednesday,15,1,298,0.030100334448160536,2.0,2.0,3.0,63,2.987378640776699,2.508072442102387,4,4,4,444,Champions
17706.0,4,17,9895.73,26.81769647696477,264,3431,0.970108695652174,201.8235294117647,Thursday,12,1,362,0.046831955922865015,1.0,3.0,5.0,264,4.30780487804878,4.354378519135759,4,4,4,444,Champions
17707.0,185,2,50.400000000000006,16.8,2,24,75.5,12.0,Friday,13,1,151,0.013157894736842105,0.0,0.0,0.0,2,2.3833333333333333,0.9814954576223639,1,3,1,131,Regular
17708.0,188,2,263.33,7.744999999999999,28,90,4.151515151515151,45.0,Wednesday,10,1,137,0.014492753623188406,0.0,0.0,0.0,28,3.1261764705882356,1.7710876896071734,1,3,2,132,Regular
17709.0,170,1,137.45,19.635714285714283,7,17,0.0,17.0,Thursday,11,1,0,1.0,0.0,0.0,0.0,7,13.007142857142858,16.57808363903552,1,2,1,121,Regular
17711.0,11,2,385.1,16.743478260869566,22,246,12.681818181818182,123.0,Wednesday,11,1,279,0.007142857142857143,1.0,1.0,1.0,22,2.4530434782608697,1.8670965178893737,4,3,2,432,Regular
17712.0,45,1,522.91,18.031379310344825,29,215,0.0,215.0,Wednesday,12,1,0,1.0,0.0,1.0,1.0,29,4.665172413793103,7.258916497605676,3,2,2,322,At Risk
17714.0,321,1,153.0,15.3,10,92,0.0,92.0,Sunday,10,1,0,1.0,0.0,0.0,0.0,10,2.05,1.089342309224546,1,2,1,121,Regular
17716.0,29,10,4717.59,20.074851063829787,170,2704,1.0085470085470085,270.4,Monday,15,1,238,0.04184100418410042,1.0,1.0,3.0,170,2.5291914893617022,2.3823323578323663,3,4,4,344,Loyal
17718.0,232,1,139.35,23.224999999999998,6,83,0.0,83.0,Thursday,13,1,0,1.0,0.0,0.0,0.0,6,4.191666666666666,4.768691294964129,1,2,1,121,Regular
17719.0,38,15,5002.92,19.168275862068967,105,1722,0.8038461538461539,114.8,Wednesday,12,1,217,0.06880733944954129,0.0,1.0,3.0,105,4.670268199233717,3.207275911727329,3,4,4,344,Loyal
17720.0,26,4,1084.74,23.581304347826087,37,432,7.555555555555555,108.0,Thursday,16,1,341,0.011695906432748537,1.0,1.0,1.0,37,5.83804347826087,7.34077065877516,3,3,3,333,Loyal
17722.0,96,4,1947.16,18.36943396226415,103,1151,2.5619047619047617,287.75,Wednesday,12,1,270,0.014760147601476014,0.0,0.0,0.0,103,3.565377358490566,4.009268351381239,2,3,4,234,Regular
17723.0,173,2,163.9,40.975,3,42,13.666666666666666,21.0,Monday,14,1,41,0.047619047619047616,0.0,0.0,0.0,3,3.95,1.1547005383792515,1,3,1,131,Regular
17724.0,71,3,1033.0,25.825,38,300,1.7179487179487178,100.0,Thursday,15,1,67,0.04411764705882353,0.0,0.0,2.0,38,4.37125,2.797569629756038,2,3,3,233,Regular
17725.0,16,11,3198.48,16.923174603174605,115,2036,1.303191489361702,185.0909090909091,Wednesday,12,1,250,0.043824701195219126,1.0,2.0,3.0,115,2.5903703703703704,2.9191197249306353,4,4,4,444,Champions
17727.0,15,1,1060.25,16.064393939393938,66,645,0.0,645.0,Thursday,17,1,0,1.0,1.0,1.0,1.0,66,3.1312121212121213,2.801241216730961,4,2,3,423,At Risk
17728.0,4,3,2841.93,17.435153374233128,151,1373,0.5061728395061729,457.6666666666667,Wednesday,8,1,82,0.03614457831325301,1.0,1.0,3.0,151,3.36319018404908,3.220213685402902,4,3,4,434,Regular
17730.0,3,13,4206.18,21.243333333333336,119,2652,1.614213197969543,204.0,Tuesday,9,1,323,0.040123456790123455,2.0,4.0,5.0,119,2.0686363636363634,1.892356696581638,4,4,4,444,Champions
17731.0,79,4,1240.11,18.509104477611938,54,493,1.5606060606060606,123.25,Wednesday,14,1,104,0.0380952380952381,0.0,0.0,1.0,54,5.1274626865671635,4.872668469119384,2,3,3,233,Regular
17732.0,373,1,303.97,16.887222222222224,18,93,0.0,93.0,Thursday,9,1,0,1.0,0.0,0.0,0.0,18,4.9494444444444445,3.297771925588944,1,2,2,122,Regular
17733.0,39,2,635.3100000000001,19.251818181818184,32,379,6.9375,189.5,Tuesday,8,1,222,0.008968609865470852,0.0,1.0,1.0,32,3.0945454545454547,3.513798773148773,3,3,3,333,Loyal
17734.0,54,3,686.71,16.350238095238097,39,374,4.365853658536586,124.66666666666667,Tuesday,9,1,180,0.016574585635359115,0.0,1.0,1.0,39,2.959047619047619,2.749963023719312,2,3,3,233,Regular
17735.0,2,19,12521.18,18.577418397626115,307,7691,0.5274888558692422,404.7894736842105,Thursday,10,1,365,0.05191256830601093,1.0,2.0,3.0,307,2.2219584569732937,1.8693721343214968,4,4,4,444,Champions
17736.0,9,3,377.44,15.0976,24,238,4.291666666666667,79.33333333333333,Thursday,14,1,104,0.02857142857142857,1.0,2.0,2.0,24,5.2212,8.374567809743976,4,3,2,432,Regular
17737.0,9,2,137.64000000000001,15.293333333333335,8,72,6.125,36.0,Wednesday,14,1,49,0.04,1.0,2.0,2.0,8,2.5877777777777777,1.5772902220087603,4,3,1,431,Regular
17738.0,19,4,1825.6100000000001,19.421382978723404,86,901,2.817204301075269,225.25,Wednesday,16,1,262,0.015209125475285171,1.0,1.0,1.0,86,3.660744680851064,3.711286546008582,3,3,4,334,Loyal
17739.0,12,7,2197.35,52.31785714285714,28,471,8.439024390243903,67.28571428571429,Tuesday,15,1,348,0.02005730659025788,1.0,2.0,4.0,28,4.847619047619047,1.9980878780496185,4,4,4,444,Champions
17742.0,113,2,355.11,23.674,13,89,15.642857142857142,44.5,Tuesday,10,1,219,0.00909090909090909,0.0,0.0,0.0,13,8.895333333333333,7.540274593964131,2,3,2,232,Regular
17744.0,4,6,1613.26,15.364380952380952,90,1726,3.394230769230769,287.6666666666667,Tuesday,12,1,354,0.016901408450704224,2.0,2.0,2.0,90,1.0227619047619048,0.6808076301746545,4,4,4,444,Champions
17746.0,240,1,110.25,18.375,6,29,0.0,29.0,Wednesday,14,1,0,1.0,0.0,0.0,0.0,6,5.741666666666667,4.508704544175263,1,2,1,121,Regular
17747.0,113,1,71.4,71.4,1,12,0.0,12.0,Friday,8,1,0,1.0,0.0,0.0,0.0,1,5.95,0.0,2,2,1,221,At Risk
17749.0,178,2,655.8,19.288235294117644,32,272,2.3636363636363638,136.0,Monday,13,1,78,0.02531645569620253,0.0,0.0,0.0,32,4.715294117647058,4.186772268954399,1,3,3,133,Regular
17750.0,5,9,1109.66,7.159096774193549,98,2216,1.0,246.22222222222223,Friday,15,1,158,0.05660377358490566,1.0,3.0,4.0,98,0.7296129032258065,0.6314597434711362,4,4,3,443,Champions
17754.0,1,5,982.55,12.437341772151898,75,1092,3.2948717948717947,218.4,Wednesday,13,1,259,0.019230769230769232,1.0,2.0,3.0,75,0.9773417721518987,0.7882107437519805,4,4,3,443,Champions
17757.0,1,30,4963.6,6.79015047879617,273,2659,0.4849315068493151,88.63333333333334,Monday,16,1,370,0.08086253369272237,6.0,8.0,10.0,273,2.7629001367989057,2.437973740885359,4,4,4,444,Champions
17758.0,19,8,3408.2,8.436138613861386,310,2054,0.56575682382134,256.75,Sunday,15,1,230,0.03463203463203463,2.0,3.0,4.0,310,2.3832425742574257,2.0537349938301888,3,4,4,344,Loyal
17759.0,17,3,711.96,8.27860465116279,78,457,1.7882352941176471,152.33333333333334,Tuesday,16,1,152,0.0196078431372549,1.0,1.0,1.0,78,2.417093023255814,2.2907403715978814,4,3,3,433,Regular
17760.0,22,2,226.75,9.858695652173912,23,131,15.954545454545455,65.5,Friday,10,1,351,0.005681818181818182,1.0,1.0,1.0,23,2.413913043478261,1.6901579784430985,3,3,1,331,Loyal
17761.0,33,1,520.54,37.18142857142857,14,182,0.0,182.0,Monday,10,1,0,1.0,0.0,1.0,1.0,14,3.9107142857142856,3.651133573785869,3,2,2,322,At Risk
17763.0,263,1,15.0,15.0,1,12,0.0,12.0,Monday,14,1,0,1.0,0.0,0.0,0.0,1,1.25,0.0,1,2,1,121,Regular
17764.0,51,2,772.55,10.880985915492957,71,351,2.2857142857142856,175.5,Thursday,11,1,160,0.012422360248447204,0.0,1.0,1.0,71,3.2528169014084507,2.7409107887179154,3,3,3,333,Loyal
17765.0,159,3,367.63,6.564821428571428,51,143,1.7818181818181817,47.666666666666664,Monday,12,1,98,0.030303030303030304,0.0,0.0,0.0,51,3.8707142857142856,2.974946818252147,1,3,2,132,Regular
17767.0,15,1,271.2,12.914285714285715,21,128,0.0,128.0,Thursday,14,1,0,1.0,1.0,1.0,1.0,21,2.7976190476190474,1.8678648365497563,4,2,2,422,At Risk
17768.0,8,3,1698.76,18.464782608695653,75,840,1.7252747252747254,280.0,Sunday,14,1,157,0.0189873417721519,1.0,2.0,2.0,75,3.872391304347826,3.479840330290912,4,3,4,434,Regular
17769.0,13,10,3770.63,12.568766666666667,200,1698,1.0133779264214047,169.8,Sunday,11,1,308,0.032362459546925564,3.0,6.0,6.0,200,3.1041333333333334,2.786130529362249,4,4,4,444,Champions
17770.0,199,5,1061.67,29.490833333333335,32,269,2.342857142857143,53.8,Wednesday,13,1,83,0.05952380952380952,0.0,0.0,0.0,32,5.048055555555555,3.8387779450120725,1,4,3,143,Regular
17771.0,57,2,245.81,4.552037037037037,51,287,5.018867924528302,143.5,Friday,11,1,266,0.00749063670411985,0.0,1.0,1.0,51,2.247592592592593,2.0366221898268315,2,3,1,231,Regular
17772.0,11,2,173.45,3.469,50,55,0.0,27.5,Tuesday,10,1,0,2.0,2.0,2.0,2.0,50,3.3338,3.0776295476637636,4,3,1,431,Regular
17774.0,97,4,1184.69,7.845629139072848,121,424,1.38,106.0,Sunday,12,1,208,0.019138755980861243,0.0,0.0,0.0,121,3.392052980132451,2.778384978815521,2,3,3,233,Regular
17775.0,255,1,56.4,18.8,3,72,0.0,72.0,Wednesday,10,1,0,1.0,0.0,0.0,0.0,3,0.7833333333333333,0.11547005383792512,1,2,1,121,Regular
17777.0,25,3,647.56,3.408210526315789,141,501,0.3915343915343915,167.0,Wednesday,14,1,75,0.039473684210526314,1.0,2.0,2.0,141,1.6206315789473684,1.3920589680132327,3,3,3,333,Loyal
17779.0,21,3,642.76,8.0345,72,360,1.5316455696202531,120.0,Tuesday,12,1,122,0.024390243902439025,1.0,1.0,2.0,72,2.7675,2.6326977548428205,3,3,3,333,Loyal
17781.0,159,2,188.02,15.668333333333335,12,34,8.454545454545455,17.0,Sunday,16,1,93,0.02127659574468085,0.0,0.0,0.0,12,5.5566666666666675,4.316278559831444,1,3,1,131,Regular
17783.0,72,2,283.47,4.23089552238806,67,354,2.6515151515151514,177.0,Wednesday,16,1,175,0.011363636363636364,0.0,0.0,1.0,67,1.922686567164179,1.7985301929122077,2,3,2,232,Regular
17785.0,53,1,131.94,10.149230769230769,13,67,0.0,67.0,Monday,13,1,0,1.0,0.0,1.0,1.0,13,2.563076923076923,2.013179014293002,2,2,1,221,At Risk
17786.0,85,2,251.73,3.7571641791044774,57,159,3.5,79.5,Thursday,12,1,231,0.008620689655172414,0.0,0.0,1.0,57,2.142985074626866,1.7464214623097947,2,3,1,231,Regular
17787.0,153,4,1776.74,13.99007874015748,94,848,1.7142857142857142,212.0,Thursday,11,1,218,0.0182648401826484,0.0,0.0,0.0,94,2.8402362204724407,2.213219828044447,1,3,4,134,Regular
17788.0,130,1,16.7,5.566666666666666,3,3,0.0,3.0,Tuesday,10,1,0,1.0,0.0,0.0,0.0,3,5.566666666666666,2.6787745954696027,2,2,1,221,At Risk
17789.0,281,1,225.9,16.135714285714286,14,74,0.0,74.0,Thursday,13,1,0,1.0,0.0,0.0,0.0,14,3.9714285714285715,3.391205497352634,1,2,1,121,Regular
17790.0,27,14,1906.3,10.139893617021276,121,795,1.7700534759358288,56.785714285714285,Sunday,14,1,338,0.04129793510324484,1.0,1.0,2.0,121,3.145797872340425,2.608217762142342,3,4,4,344,Loyal
17791.0,30,1,106.1,10.61,10,46,0.0,46.0,Thursday,12,1,0,1.0,1.0,1.0,1.0,10,2.77,1.4634813896246777,3,2,1,321,At Risk
17793.0,25,1,242.02,4.8404,48,82,0.0,82.0,Monday,14,1,0,1.0,1.0,1.0,1.0,48,3.9010000000000002,3.598381864229577,3,2,1,321,At Risk
17795.0,180,2,328.43,7.637906976744186,41,233,2.0238095238095237,116.5,Monday,12,1,85,0.023255813953488372,0.0,0.0,0.0,41,2.046279069767442,2.4987025426121168,1,3,2,132,Regular
17796.0,40,4,690.0,8.518518518518519,63,176,4.1,44.0,Sunday,12,1,329,0.012121212121212121,0.0,1.0,1.0,63,4.017901234567901,2.182878097861504,3,3,3,333,Loyal
17797.0,22,3,780.43,7.0309009009009005,102,498,1.4545454545454546,166.0,Thursday,13,1,160,0.018633540372670808,2.0,2.0,2.0,102,2.552792792792793,2.499636763128585,3,3,3,333,Loyal
17799.0,22,10,2992.45,7.443905472636816,279,1665,0.8354114713216958,166.5,Thursday,15,1,339,0.029411764705882353,1.0,1.0,1.0,279,2.5274875621890547,2.5032984536854515,3,4,4,344,Loyal
17800.0,37,9,1004.8100000000001,10.14959595959596,51,540,2.989795918367347,60.0,Friday,13,1,296,0.030303030303030304,0.0,2.0,2.0,51,2.2434343434343433,1.579495632244002,3,4,3,343,Loyal
17802.0,82,3,1224.92,8.94102189781022,100,644,2.125,214.66666666666666,Sunday,14,1,290,0.010309278350515464,0.0,0.0,1.0,100,2.2706569343065692,1.8157761281658598,2,3,3,233,Regular
17805.0,74,1,211.83,30.261428571428574,7,70,0.0,70.0,Tuesday,11,1,0,1.0,0.0,0.0,1.0,7,2.817142857142857,1.0954255533157617,2,2,1,221,At Risk
17806.0,11,1,445.11,11.413076923076924,39,556,0.0,556.0,Monday,14,1,0,1.0,1.0,1.0,1.0,39,1.0564102564102564,0.86820894641145,4,2,2,422,At Risk
17809.0,16,4,1073.85,34.64032258064516,30,349,11.866666666666667,87.25,Friday,12,1,357,0.0111731843575419,1.0,1.0,1.0,30,3.1038709677419356,2.4104891307496836,4,3,3,433,Regular
17811.0,4,39,6594.43,8.151334981458591,358,2913,0.38366336633663367,74.6923076923077,Monday,12,1,329,0.11818181818181818,6.0,10.0,15.0,358,2.764746600741656,2.474652184044554,4,4,4,444,Champions
17812.0,13,4,699.81,5.261729323308271,113,329,2.6818181818181817,82.25,Sunday,11,1,355,0.011235955056179775,2.0,3.0,3.0,113,3.090827067669173,3.7182380246222313,4,3,3,433,Regular
17813.0,14,5,1674.67,4.826138328530259,296,716,0.16184971098265896,143.2,Thursday,16,1,57,0.08620689655172414,1.0,3.0,5.0,296,3.4547262247838617,3.938596420057611,4,4,4,444,Champions
17816.0,37,4,36.56,2.150588235294118,16,30,20.4375,7.5,Thursday,14,1,328,0.0121580547112462,0.0,1.0,2.0,16,1.4105882352941177,0.7887765097623923,3,3,1,331,Loyal
17817.0,4,3,387.68,11.747878787878788,32,67,8.5,22.333333333333332,Monday,14,1,272,0.01098901098901099,1.0,1.0,1.0,32,9.148484848484848,33.55433430657768,4,3,2,432,Regular
17819.0,72,7,1502.61,44.194411764705876,30,405,8.969696969696969,57.857142857142854,Friday,10,1,299,0.023333333333333334,0.0,0.0,1.0,30,4.610882352941176,4.744308467440181,2,4,4,244,Regular
17824.0,51,1,235.84,21.44,11,232,0.0,232.0,Wednesday,14,1,0,1.0,0.0,1.0,1.0,11,1.1781818181818182,0.92628093127105,3,2,1,321,At Risk
17827.0,5,5,1890.6100000000001,8.960236966824645,187,1072,1.7047619047619047,214.4,Friday,11,1,359,0.013888888888888888,1.0,1.0,1.0,187,2.4391469194312796,2.2072590700054713,4,4,4,444,Champions
17828.0,23,4,1736.1200000000001,26.709538461538465,54,574,2.515625,143.5,Wednesday,8,1,162,0.024539877300613498,1.0,1.0,1.0,54,5.407384615384616,10.256695264088947,3,3,4,334,Loyal
17829.0,299,1,781.24,27.90142857142857,28,352,0.0,352.0,Monday,12,1,0,1.0,0.0,0.0,0.0,28,2.716785714285714,1.6685723628775382,1,2,3,123,Regular
17830.0,2,3,398.7,17.33478260869565,18,92,13.045454545454545,30.666666666666668,Thursday,10,1,287,0.010416666666666666,1.0,1.0,1.0,18,6.01304347826087,2.9867973647409887,4,3,2,432,Regular
17831.0,33,1,35.400000000000006,17.700000000000003,2,12,0.0,12.0,Sunday,15,1,0,1.0,0.0,1.0,1.0,2,2.95,0.0,3,2,1,321,At Risk
17832.0,50,1,148.53,2.4755,60,172,0.0,172.0,Friday,11,1,0,1.0,0.0,1.0,1.0,60,1.127,1.3208860662449278,3,2,1,321,At Risk
17835.0,3,3,295.44,5.183157894736842,44,224,0.35714285714285715,74.66666666666667,Wednesday,11,1,20,0.14285714285714285,3.0,3.0,3.0,44,1.7303508771929823,1.2033138245698844,4,3,2,432,Regular
17836.0,47,1,110.21000000000001,4.592083333333334,23,88,0.0,88.0,Sunday,16,1,0,1.0,0.0,1.0,1.0,23,1.3658333333333335,0.6622617154193234,3,2,1,321,At Risk
17837.0,42,8,1541.23,9.513765432098765,110,510,0.7329192546583851,63.75,Wednesday,16,1,120,0.06611570247933884,0.0,3.0,5.0,110,3.719506172839506,3.182930756680864,3,4,4,344,Loyal
17838.0,27,5,2352.16,21.982803738317756,86,1159,3.2358490566037736,231.8,Sunday,15,1,345,0.014450867052023121,1.0,1.0,2.0,86,4.181588785046729,12.111535601308358,3,4,4,344,Loyal
17839.0,42,1,318.15,6.11826923076923,50,257,0.0,257.0,Friday,17,1,0,1.0,0.0,1.0,1.0,50,1.6819230769230769,1.2106796640188429,3,2,2,322,At Risk
17841.0,2,123,38793.08,5.083616826104049,1319,20083,0.041153342070773265,163.27642276422765,Wednesday,12,1,371,0.33064516129032256,14.0,30.0,42.0,1319,2.5464591796619054,2.959178283073475,4,4,4,444,Champions
17843.0,303,1,205.48,5.553513513513513,36,113,0.0,113.0,Wednesday,15,1,0,1.0,0.0,0.0,0.0,36,3.2051351351351354,2.610859396211674,1,2,1,121,Regular
17844.0,107,1,51.559999999999995,10.312,5,52,0.0,52.0,Thursday,11,1,0,1.0,0.0,0.0,0.0,5,0.998,0.23004347415216983,2,2,1,221,At Risk
17846.0,85,1,2033.1,2033.1,1,1,0.0,1.0,Thursday,15,1,0,1.0,0.0,0.0,1.0,1,2033.1,0.0,2,2,4,224,At Risk
17848.0,81,8,732.3199999999999,14.945306122448978,41,262,5.6875,32.75,Thursday,17,1,276,0.02888086642599278,0.0,0.0,1.0,41,4.361020408163265,3.8457336994486275,2,4,3,243,Regular
17849.0,218,4,523.3000000000001,21.80416666666667,14,48,4.956521739130435,12.0,Monday,11,1,115,0.034482758620689655,0.0,0.0,0.0,14,11.079166666666667,13.606791116672353,1,3,2,132,Regular
17850.0,372,34,5391.21,18.15222222222222,21,1733,0.0,50.970588235294116,Thursday,9,1,1,17.0,0.0,0.0,0.0,21,3.9603703703703705,5.6078983450887225,1,4,4,144,Regular
17852.0,12,2,114.34,4.764166666666667,21,53,0.0,26.5,Monday,12,1,0,2.0,2.0,2.0,2.0,21,2.3679166666666664,1.217538426022185,4,3,1,431,Regular
17854.0,185,2,311.26,20.750666666666667,15,84,2.9285714285714284,42.0,Tuesday,16,1,41,0.047619047619047616,0.0,0.0,0.0,15,3.586,4.002000928107267,1,3,2,132,Regular
17855.0,373,1,208.97,12.292352941176471,17,197,0.0,197.0,Thursday,9,1,0,1.0,0.0,0.0,0.0,17,1.7658823529411765,2.3157289857179135,1,2,1,121,Regular
17856.0,2,3,158.75,26.458333333333332,6,58,55.8,19.333333333333332,Thursday,11,1,279,0.010714285714285714,1.0,1.0,1.0,6,6.366666666666667,5.903445321730919,4,3,1,431,Regular
17857.0,4,3,475.0,158.33333333333334,2,12,176.0,4.0,Thursday,16,1,353,0.00847457627118644,1.0,2.0,2.0,2,156.68333333333334,136.07268584596002,4,3,2,432,Regular
17858.0,6,10,3478.06,18.699247311827957,96,738,1.9351351351351351,73.8,Sunday,14,1,363,0.027472527472527472,1.0,2.0,3.0,96,6.2326881720430105,4.497161540778732,4,4,4,444,Champions
17859.0,305,1,118.52,5.387272727272727,22,66,0.0,66.0,Tuesday,10,1,0,1.0,0.0,0.0,0.0,22,1.961818181818182,1.5460229665134386,1,2,1,121,Regular
17860.0,369,1,226.45000000000002,4.354807692307693,49,93,0.0,93.0,Monday,12,1,0,1.0,0.0,0.0,0.0,49,2.6282692307692312,1.5044883452507953,1,2,1,121,Regular
17861.0,3,8,1944.24,9.170943396226415,169,1653,1.4881516587677726,206.625,Wednesday,13,1,316,0.025236593059936908,3.0,3.0,3.0,169,2.5058018867924527,3.4236541020964895,4,4,4,444,Champions
17862.0,324,1,330.9,30.08181818181818,11,100,0.0,100.0,Thursday,12,1,0,1.0,0.0,0.0,0.0,11,5.145454545454545,3.195892249861887,1,2,2,122,Regular
17863.0,59,6,2993.44,20.787777777777777,106,2374,2.1538461538461537,395.6666666666667,Tuesday,13,1,310,0.01929260450160772,0.0,1.0,2.0,106,1.5720833333333333,1.2980581920430492,2,4,4,244,Regular
17864.0,13,3,521.25,6.132352941176471,67,546,3.119047619047619,182.0,Sunday,13,1,262,0.011406844106463879,1.0,1.0,2.0,67,1.9331764705882353,1.8088527091085387,4,3,2,432,Regular
17865.0,31,20,8319.32,24.18406976744186,188,4169,0.956268221574344,208.45,Wednesday,12,1,333,0.059880239520958084,0.0,3.0,8.0,188,2.867994186046512,2.7632306249834744,3,4,4,344,Loyal
17866.0,143,1,194.65,27.807142857142857,7,66,0.0,66.0,Wednesday,11,1,0,1.0,0.0,0.0,0.0,7,4.014285714285714,2.4712874994144056,2,2,1,221,At Risk
17867.0,30,5,254.74,3.9190769230769233,59,141,4.015625,28.2,Wednesday,14,1,258,0.019305019305019305,2.0,2.0,2.0,59,2.3423076923076924,2.7729191349273337,3,4,2,342,Loyal
17869.0,107,5,428.18,10.7045,37,111,6.666666666666667,22.2,Monday,17,1,260,0.019157088122605363,0.0,0.0,0.0,37,6.1585,6.141937199622165,2,4,2,242,Regular
17870.0,2,11,1446.97,5.439736842105264,212,1091,0.49056603773584906,99.18181818181819,Wednesday,10,1,132,0.08270676691729323,2.0,4.0,5.0,212,2.2516917293233085,2.3847833165457044,4,4,4,444,Champions
17871.0,205,1,131.42000000000002,16.427500000000002,8,86,0.0,86.0,Thursday,11,1,0,1.0,0.0,0.0,0.0,8,2.6012500000000003,1.7255014799016712,1,2,1,121,Regular
17873.0,80,5,1202.64,35.371764705882356,22,639,8.848484848484848,127.8,Wednesday,14,1,293,0.017006802721088437,0.0,0.0,1.0,22,5.60235294117647,21.903876377401925,2,4,3,243,Regular
17874.0,185,6,673.02,14.956,37,185,1.5681818181818181,30.833333333333332,Thursday,13,1,70,0.08450704225352113,0.0,0.0,0.0,37,4.168888888888889,3.3185971996820247,1,4,3,143,Regular
17877.0,170,1,237.61,19.800833333333333,12,98,0.0,98.0,Wednesday,13,1,0,1.0,0.0,0.0,0.0,12,3.5408333333333335,2.6483114975166324,1,2,1,121,Regular
17878.0,44,1,264.73,12.606190476190477,21,177,0.0,177.0,Thursday,11,1,0,1.0,0.0,1.0,1.0,21,2.6604761904761904,2.760587756602706,3,2,2,322,At Risk
17879.0,174,1,178.52,29.753333333333334,6,45,0.0,45.0,Sunday,12,1,0,1.0,0.0,0.0,0.0,6,3.638333333333333,2.8652707841784633,1,2,1,121,Regular
17880.0,365,1,435.52000000000004,17.4208,25,278,0.0,278.0,Friday,10,1,0,1.0,0.0,0.0,0.0,25,2.5340000000000003,2.21303336320686,1,2,2,122,Regular
17881.0,304,1,133.35,16.66875,8,32,0.0,32.0,Tuesday,17,1,0,1.0,0.0,0.0,0.0,8,4.53125,1.5217324478557797,1,2,1,121,Regular
17883.0,3,4,664.34,4.6784507042253525,133,374,1.7163120567375887,93.5,Friday,14,1,242,0.01646090534979424,2.0,2.0,3.0,133,2.308732394366197,2.4623554021426095,4,3,3,433,Regular
17884.0,4,4,555.67,5.2920952380952375,99,397,3.5288461538461537,99.25,Tuesday,11,1,367,0.010869565217391304,1.0,1.0,1.0,99,2.068761904761905,1.4780227795931757,4,3,2,432,Regular
17885.0,12,1,156.34,2.949811320754717,50,110,0.0,110.0,Sunday,14,1,0,1.0,1.0,1.0,1.0,50,2.1401886792452833,1.8769190082993803,4,2,1,421,At Risk
17886.0,32,3,645.1800000000001,6.5169696969696975,91,307,2.204081632653061,102.33333333333333,Tuesday,10,1,217,0.013761467889908258,0.0,1.0,1.0,91,3.077171717171717,3.3796781758405854,3,3,3,333,Loyal
17887.0,129,1,111.35,11.135,10,30,0.0,30.0,Tuesday,17,1,0,1.0,0.0,0.0,0.0,10,5.235,5.7640673332484775,2,2,1,221,At Risk
17888.0,60,6,537.72,9.27103448275862,53,393,5.175438596491228,65.5,Wednesday,12,1,297,0.020134228187919462,0.0,1.0,2.0,53,3.3232758620689653,3.306958314068395,2,4,2,242,Regular
17889.0,212,2,201.37,10.0685,20,77,5.7368421052631575,38.5,Friday,17,1,109,0.01818181818181818,0.0,0.0,0.0,20,3.5685000000000002,3.1141025149606447,1,3,1,131,Regular
17890.0,323,2,571.77,6.353,87,366,0.42696629213483145,183.0,Monday,15,1,38,0.05128205128205128,0.0,0.0,0.0,87,2.509111111111111,2.3423807366876748,1,3,2,132,Regular
17891.0,162,1,203.85999999999999,5.995882352941176,34,393,0.0,393.0,Thursday,20,1,0,1.0,0.0,0.0,0.0,34,0.711764705882353,0.667770921473122,1,2,1,121,Regular
17892.0,57,2,152.3,5.640740740740741,27,73,3.769230769230769,36.5,Thursday,12,1,98,0.020202020202020204,0.0,1.0,1.0,27,3.3018518518518523,3.0849261766968614,2,3,1,231,Regular
17893.0,225,1,86.21,6.157857142857142,14,99,0.0,99.0,Thursday,13,1,0,1.0,0.0,0.0,0.0,14,2.334285714285714,2.7101198221756637,1,2,1,121,Regular
17894.0,72,8,1118.96,5.827916666666667,127,404,1.5235602094240839,50.5,Wednesday,13,1,294,0.02711864406779661,0.0,0.0,1.0,127,2.8043750000000003,2.3299658728372803,2,4,3,243,Regular
17895.0,44,1,88.61,6.329285714285715,14,91,0.0,91.0,Wednesday,17,1,0,1.0,0.0,1.0,1.0,14,2.052142857142857,2.5284144577837053,3,2,1,321,At Risk
17897.0,173,3,541.81,5.016759259259259,100,222,1.8691588785046729,74.0,Monday,11,1,200,0.014925373134328358,0.0,0.0,0.0,100,3.085833333333333,4.328591561529229,1,3,2,132,Regular
17898.0,85,2,138.14000000000001,5.116296296296297,26,142,4.653846153846154,71.0,Monday,17,1,121,0.01639344262295082,0.0,0.0,1.0,26,1.5255555555555556,1.1557958740902747,2,3,1,231,Regular
17899.0,159,1,127.19,4.385862068965517,27,98,0.0,98.0,Sunday,14,1,0,1.0,0.0,0.0,0.0,27,2.561724137931034,3.3936264515427794,1,2,1,121,Regular
17900.0,190,2,112.19999999999999,18.7,4,73,0.0,36.5,Thursday,14,1,0,2.0,0.0,0.0,0.0,4,3.608333333333333,5.581614163184936,1,3,1,131,Regular
17901.0,29,1,110.38,5.809473684210526,19,24,0.0,24.0,Thursday,17,1,0,1.0,1.0,1.0,1.0,19,5.328947368421052,4.892389662341618,3,2,1,321,At Risk
17904.0,21,1,181.07,5.325588235294117,33,59,0.0,59.0,Friday,12,1,0,1.0,1.0,1.0,1.0,33,3.7317647058823527,3.1872040284105716,3,2,1,321,At Risk
17905.0,157,3,389.74,12.991333333333333,30,181,7.448275862068965,60.333333333333336,Wednesday,13,1,216,0.013824884792626729,0.0,0.0,0.0,30,4.0696666666666665,4.174344039597065,1,3,2,132,Regular
17906.0,247,1,72.9,6.075,12,26,0.0,26.0,Wednesday,17,1,0,1.0,0.0,0.0,0.0,12,3.8249999999999997,4.336761464503207,1,2,1,121,Regular
17908.0,374,1,226.15,4.266981132075472,50,141,0.0,141.0,Wednesday,11,1,0,1.0,0.0,0.0,0.0,50,2.708490566037736,2.018603283524389,1,2,1,121,Regular
17911.0,9,1,336.35,8.851315789473684,38,187,0.0,187.0,Wednesday,14,1,0,1.0,1.0,1.0,1.0,38,2.216578947368421,1.7836256368750092,4,2,2,422,At Risk
17912.0,310,5,299.98,8.332777777777778,34,136,1.5142857142857142,27.2,Friday,16,1,54,0.09090909090909091,0.0,0.0,0.0,34,4.170555555555556,3.6156824642852254,1,4,2,142,Regular
17913.0,59,2,355.29,6.344464285714286,54,200,5.381818181818182,100.0,Sunday,11,1,296,0.006734006734006734,0.0,1.0,1.0,54,2.4896428571428575,1.5728849744520872,2,3,2,232,Regular
17914.0,4,1,266.48,3.7011111111111115,69,275,0.0,275.0,Tuesday,11,1,0,1.0,1.0,1.0,1.0,69,2.098888888888889,2.1581039902078074,4,2,2,422,At Risk
17917.0,45,3,335.03,3.6416304347826083,77,184,3.4725274725274726,61.333333333333336,Monday,16,1,317,0.009433962264150943,0.0,1.0,1.0,77,2.2221739130434783,2.028280182049415,3,3,2,332,Loyal
17919.0,88,1,854.28,61.019999999999996,14,300,0.0,300.0,Monday,13,1,0,1.0,0.0,0.0,1.0,14,2.855,2.3912428374576065,2,2,3,223,At Risk
17920.0,4,17,4008.02,6.0544108761329305,406,2125,0.5431164901664145,125.0,Friday,14,1,369,0.04594594594594595,5.0,7.0,8.0,406,2.358821752265861,2.4591687343068553,4,4,4,444,Champions
17921.0,64,4,820.23,5.776267605633803,114,425,1.4326241134751774,106.25,Thursday,18,1,202,0.019704433497536946,0.0,0.0,1.0,114,2.365774647887324,1.7919426931470002,2,3,3,233,Regular
17924.0,12,4,898.98,59.932,15,246,25.714285714285715,61.5,Monday,10,1,361,0.011049723756906077,1.0,2.0,3.0,15,4.1080000000000005,2.115994193888875,4,3,3,433,Regular
17926.0,133,2,329.13,18.285,16,162,4.117647058823529,81.0,Friday,9,1,70,0.028169014084507043,0.0,0.0,0.0,16,3.602222222222222,2.6308432008982248,2,3,2,232,Regular
17928.0,45,2,184.46,8.384545454545455,22,68,9.523809523809524,34.0,Thursday,18,1,200,0.009950248756218905,0.0,1.0,1.0,22,3.1068181818181815,3.998775272462017,3,3,1,331,Loyal
17929.0,11,3,571.0,142.75,4,76,99.0,25.333333333333332,Friday,11,1,297,0.010067114093959731,1.0,1.0,1.0,4,7.3375,2.2584563312138664,4,3,2,432,Regular
17930.0,36,5,707.4,24.393103448275863,22,550,7.214285714285714,110.0,Thursday,18,1,203,0.024509803921568627,0.0,1.0,3.0,22,1.4386206896551723,1.1894137936032998,3,4,3,343,Loyal
17931.0,134,2,317.4,5.038095238095238,62,133,1.9516129032258065,66.5,Tuesday,12,1,121,0.01639344262295082,0.0,0.0,0.0,62,3.1433333333333335,2.8441723100108156,2,3,2,232,Regular
17932.0,29,3,1331.57,14.795222222222222,84,789,2.033707865168539,263.0,Thursday,13,1,182,0.01639344262295082,1.0,1.0,1.0,84,2.7395555555555555,2.6021675973588008,3,3,3,333,Loyal
17934.0,59,1,337.13,24.080714285714286,14,150,0.0,150.0,Wednesday,10,1,0,1.0,0.0,1.0,1.0,14,4.615714285714286,4.638926789489327,2,2,2,222,At Risk
17935.0,138,2,145.79,5.027241379310345,28,82,0.10714285714285714,41.0,Thursday,11,1,3,0.5,0.0,0.0,0.0,28,1.8672413793103448,1.5514207694693556,2,3,1,231,Regular
17936.0,5,1,380.13,5.279583333333333,68,257,0.0,257.0,Sunday,13,1,0,1.0,1.0,1.0,1.0,68,2.414722222222222,2.2117541137705405,4,2,2,422,At Risk
17937.0,9,5,1473.6,113.35384615384615,6,228,29.333333333333332,45.6,Sunday,10,1,353,0.014124293785310734,1.0,2.0,2.0,6,6.876923076923077,3.1650181268974973,4,4,4,444,Champions
17939.0,160,1,99.14,8.261666666666667,12,40,0.0,40.0,Sunday,12,1,0,1.0,0.0,0.0,0.0,12,2.455833333333333,1.8234056963093355,1,2,1,121,Regular
17940.0,245,1,1867.86,1867.86,1,1,0.0,1.0,Friday,14,1,0,1.0,0.0,0.0,0.0,1,1867.86,0.0,1,2,4,124,Regular
17942.0,8,1,1.9,1.9,1,2,0.0,2.0,Friday,10,1,0,1.0,1.0,1.0,1.0,1,0.95,0.0,4,2,1,421,At Risk
17946.0,233,2,149.57999999999998,7.478999999999999,18,75,1.368421052631579,37.5,Wednesday,17,1,26,0.07407407407407407,0.0,0.0,0.0,18,3.1445,5.5476002161200055,1,3,1,131,Regular
17947.0,37,1,136.68,17.085,8,136,0.0,136.0,Wednesday,13,1,0,1.0,0.0,1.0,1.0,8,0.9037499999999999,0.49793681469496853,3,2,1,321,At Risk
17949.0,8,6,725.0999999999999,120.84999999999998,5,135,41.0,22.5,Monday,11,1,206,0.028985507246376812,2.0,2.0,2.0,5,5.123333333333333,3.960594231509543,4,4,3,443,Champions
17950.0,72,3,470.6,6.722857142857143,62,326,4.231884057971015,108.66666666666667,Thursday,15,1,293,0.01020408163265306,0.0,0.0,1.0,62,2.35,2.5315773853412056,2,3,2,232,Regular
17951.0,40,3,259.38,23.58,11,166,33.3,55.333333333333336,Monday,12,1,333,0.008982035928143712,0.0,1.0,1.0,11,2.7036363636363636,3.4950115099303254,3,3,2,332,Loyal
17954.0,5,12,2152.37,4.540864978902953,323,1597,0.7632135306553911,133.08333333333334,Sunday,14,1,365,0.03278688524590164,1.0,1.0,2.0,323,1.9536075949367089,1.6548168725371173,4,4,4,444,Champions
17955.0,219,3,394.1,21.894444444444446,13,81,0.058823529411764705,27.0,Wednesday,12,1,1,1.5,0.0,0.0,0.0,13,5.8966666666666665,3.2425988124995557,1,3,2,132,Regular
17956.0,249,1,12.75,12.75,1,1,0.0,1.0,Monday,13,1,0,1.0,0.0,0.0,0.0,1,12.75,0.0,1,2,1,121,Regular
17957.0,66,1,96.25,3.4375,28,185,0.0,185.0,Tuesday,14,1,0,1.0,0.0,0.0,1.0,28,1.477142857142857,1.5796644208627608,2,2,1,221,At Risk
17958.0,117,1,136.16,22.69333333333333,6,50,0.0,50.0,Monday,12,1,0,1.0,0.0,0.0,0.0,6,2.888333333333333,1.52210928210384,2,2,1,221,At Risk
17960.0,171,1,73.78,2.8376923076923077,26,41,0.0,41.0,Tuesday,14,1,0,1.0,0.0,0.0,0.0,26,1.7196153846153845,1.2329103155355003,1,2,1,121,Regular
17961.0,21,39,1296.44,5.206586345381527,211,560,1.342741935483871,14.35897435897436,Thursday,10,1,350,0.1111111111111111,2.0,3.0,8.0,211,3.2722489959839356,8.214127714807603,3,4,3,343,Loyal
17962.0,142,1,91.97,2.786969696969697,32,91,0.0,91.0,Wednesday,14,1,0,1.0,0.0,0.0,0.0,32,1.7303030303030305,1.8603955977971542,2,2,1,221,At Risk
17964.0,32,2,443.05,4.567525773195876,83,246,3.5416666666666665,123.0,Tuesday,10,1,340,0.005865102639296188,0.0,1.0,1.0,83,2.786082474226804,2.979598531647143,3,3,2,332,Loyal
17965.0,38,14,2572.67,7.964922600619195,272,1454,1.0093167701863355,103.85714285714286,Friday,10,1,331,0.04216867469879518,0.0,2.0,2.0,272,3.529659442724458,3.1667963230974516,3,4,4,344,Loyal
17966.0,151,2,184.93,4.300697674418605,43,196,0.0,98.0,Monday,15,1,0,2.0,0.0,0.0,0.0,43,2.1209302325581394,2.4479445351963274,1,3,1,131,Regular
17967.0,372,1,112.27,2.673095238095238,41,73,0.0,73.0,Friday,11,1,0,1.0,0.0,0.0,0.0,41,1.9209523809523812,1.8721968438354346,1,2,1,121,Regular
17968.0,374,1,265.1,3.27283950617284,74,151,0.0,151.0,Wednesday,12,1,0,1.0,0.0,0.0,0.0,74,1.9256790123456788,1.2697115206530232,1,2,2,122,Regular
17969.0,166,2,128.0,10.666666666666666,12,32,17.636363636363637,16.0,Sunday,13,1,194,0.010256410256410256,0.0,0.0,0.0,12,5.345833333333334,4.263772248593818,1,3,1,131,Regular
17970.0,211,1,338.63,14.109583333333333,22,197,0.0,197.0,Thursday,20,1,0,1.0,0.0,0.0,0.0,22,3.5533333333333332,3.3641403923900297,1,2,2,122,Regular
17972.0,242,1,135.19,4.506333333333333,30,36,0.0,36.0,Tuesday,12,1,0,1.0,0.0,0.0,0.0,30,4.343,3.5565269284940677,1,2,1,121,Regular
17973.0,52,1,331.28000000000003,23.662857142857145,14,128,0.0,128.0,Wednesday,10,1,0,1.0,0.0,1.0,1.0,14,3.467142857142857,2.446332981207803,2,2,2,222,At Risk
17974.0,25,3,697.15,4.2509146341463415,142,464,1.1901840490797546,154.66666666666666,Tuesday,11,1,194,0.015384615384615385,1.0,2.0,2.0,142,2.0378048780487803,1.699231168181906,3,3,3,333,Loyal
17975.0,15,13,4467.3,15.351546391752578,187,1489,1.186206896551724,114.53846153846153,Tuesday,12,1,351,0.036931818181818184,1.0,1.0,2.0,187,3.2026116838487972,2.5679025488547547,4,4,4,444,Champions
17976.0,372,1,321.79,5.645438596491228,56,93,0.0,93.0,Thursday,13,1,0,1.0,0.0,0.0,0.0,56,3.6531578947368417,2.3576154402085536,1,2,2,122,Regular
17977.0,29,1,200.54,11.796470588235294,16,138,0.0,138.0,Thursday,13,1,0,1.0,1.0,1.0,1.0,16,3.8970588235294117,4.985482379752588,3,2,1,321,At Risk
17978.0,365,1,145.4,13.218181818181819,11,67,0.0,67.0,Thursday,14,1,0,1.0,0.0,0.0,0.0,11,2.5454545454545454,2.177665555756272,1,2,1,121,Regular
17979.0,36,4,658.83,4.844338235294118,116,321,1.651851851851852,80.25,Friday,11,1,224,0.017777777777777778,0.0,1.0,1.0,116,2.3619117647058827,2.1720260262767415,3,3,3,333,Loyal
17980.0,166,3,236.65,11.269047619047619,20,106,9.6,35.333333333333336,Wednesday,15,1,193,0.015463917525773196,0.0,0.0,0.0,20,2.6880952380952383,1.795891475138793,1,3,1,131,Regular
17984.0,145,1,152.68,3.1808333333333336,48,98,0.0,98.0,Sunday,15,1,0,1.0,0.0,0.0,0.0,48,2.066666666666667,2.3753031908004822,1,2,1,121,Regular
17985.0,22,1,622.35,31.1175,20,141,0.0,141.0,Thursday,14,1,0,1.0,1.0,1.0,1.0,20,5.095000000000001,3.1148582801249813,3,2,3,323,At Risk
17986.0,56,1,20.8,20.8,1,10,0.0,10.0,Friday,14,1,0,1.0,0.0,1.0,1.0,1,2.08,0.0,2,2,1,221,At Risk
17987.0,185,1,123.93,12.393,10,141,0.0,141.0,Tuesday,14,1,0,1.0,0.0,0.0,0.0,10,1.003,0.5744378894962352,1,2,1,121,Regular
17988.0,12,7,201.12,5.292631578947368,37,43,8.486486486486486,6.142857142857143,Monday,11,1,314,0.022222222222222223,2.0,2.0,2.0,37,5.094736842105263,6.690505873833097,4,4,1,441,Champions
17990.0,237,3,585.84,20.922857142857143,26,378,4.592592592592593,126.0,Sunday,11,1,124,0.024,0.0,0.0,0.0,26,2.360714285714286,1.6939061335912302,1,3,3,133,Regular
17991.0,225,2,93.35,18.669999999999998,4,25,0.0,12.5,Thursday,15,1,0,2.0,0.0,0.0,0.0,4,4.91,4.382693235899588,1,3,1,131,Regular
17994.0,122,4,579.73,7.5289610389610395,63,387,2.210526315789474,96.75,Tuesday,11,1,169,0.023529411764705882,0.0,0.0,0.0,63,2.4055844155844155,2.6211947323724516,2,3,3,233,Regular
17995.0,282,1,23.6,23.6,1,8,0.0,8.0,Thursday,12,1,0,1.0,0.0,0.0,0.0,1,2.95,0.0,1,2,1,121,Regular
17997.0,74,8,1510.9,10.005960264900663,123,1359,0.5666666666666667,169.875,Friday,15,1,89,0.08888888888888889,0.0,0.0,2.0,123,1.5950993377483442,2.416449700848932,2,4,4,244,Regular
17999.0,37,2,380.39,4.18010989010989,87,219,3.6555555555555554,109.5,Wednesday,15,1,329,0.006060606060606061,0.0,1.0,1.0,87,2.866593406593407,2.641447927759916,3,3,2,332,Loyal
18001.0,12,2,352.13,6.520925925925926,53,212,1.3962264150943395,106.0,Wednesday,11,1,74,0.02666666666666667,1.0,1.0,2.0,53,2.9857407407407406,3.454468586416048,4,3,2,432,Regular
18004.0,362,1,157.92,4.268108108108108,32,75,0.0,75.0,Sunday,13,1,0,1.0,0.0,0.0,0.0,32,2.6772972972972973,2.6543001260519055,1,2,1,121,Regular
18005.0,4,2,226.47,4.273018867924528,52,86,0.8269230769230769,43.0,Tuesday,11,1,43,0.045454545454545456,1.0,2.0,2.0,52,3.168490566037736,3.224759619083386,4,3,1,431,Regular
18006.0,23,1,275.08000000000004,13.754000000000001,19,92,0.0,92.0,Wednesday,16,1,0,1.0,1.0,1.0,1.0,19,3.4170000000000003,1.6414342252400715,3,2,2,322,At Risk
18008.0,70,4,235.42999999999998,11.21095238095238,20,73,12.35,18.25,Monday,15,1,248,0.01606425702811245,0.0,0.0,1.0,20,5.025714285714285,4.3423606154125105,2,3,1,231,Regular
18009.0,235,1,247.39,7.9803225806451605,31,125,0.0,125.0,Monday,13,1,0,1.0,0.0,0.0,0.0,31,3.950322580645161,3.906587158352729,1,2,1,121,Regular
18010.0,257,1,174.8,12.485714285714286,14,60,0.0,60.0,Monday,12,1,0,1.0,0.0,0.0,0.0,14,5.014285714285714,5.433883317857305,1,2,1,121,Regular
18011.0,373,1,102.78999999999999,3.671071428571428,28,71,0.0,71.0,Wednesday,17,1,0,1.0,0.0,0.0,0.0,28,2.3610714285714285,2.0364008542409913,1,2,1,121,Regular
18013.0,155,2,129.81,4.636071428571428,28,153,0.0,76.5,Thursday,14,1,0,2.0,0.0,0.0,0.0,28,1.247142857142857,0.899044172040742,1,3,1,131,Regular
18014.0,28,1,162.22,5.407333333333333,29,66,0.0,66.0,Friday,15,1,0,1.0,1.0,1.0,1.0,29,2.9859999999999998,2.006557525576647,3,2,1,321,At Risk
18015.0,4,1,120.03,2.6093478260869567,46,157,0.0,157.0,Monday,14,1,0,1.0,1.0,1.0,1.0,46,1.2758695652173913,0.9691131709786279,4,2,1,421,At Risk
18016.0,32,5,1263.8,10.989565217391304,88,569,2.8859649122807016,113.8,Monday,14,1,331,0.015060240963855422,0.0,1.0,2.0,88,3.532173913043478,3.1104410424023254,3,4,3,343,Loyal
18018.0,108,2,122.14,4.211724137931035,29,55,3.25,27.5,Tuesday,17,1,91,0.021739130434782608,0.0,0.0,0.0,29,3.8113793103448277,5.885818746382778,2,3,1,231,Regular
18019.0,52,1,38.45,7.69,5,7,0.0,7.0,Wednesday,12,1,0,1.0,0.0,1.0,1.0,5,5.71,2.426520142096496,2,2,1,221,At Risk
18022.0,36,1,568.2,3.5512500000000005,137,485,0.0,485.0,Friday,12,1,0,1.0,0.0,1.0,1.0,137,1.79025,1.5359613587579222,3,2,2,322,At Risk
18024.0,153,1,94.58,5.254444444444444,18,40,0.0,40.0,Sunday,12,1,0,1.0,0.0,0.0,0.0,18,2.627222222222222,2.663431677489324,1,2,1,121,Regular
18027.0,99,1,115.31,5.490952380952381,21,78,0.0,78.0,Friday,10,1,0,1.0,0.0,0.0,0.0,21,2.7923809523809524,1.6585774168301726,2,2,1,221,At Risk
18030.0,4,2,142.14999999999998,17.768749999999997,7,37,5.428571428571429,18.5,Monday,16,1,38,0.05128205128205128,1.0,2.0,2.0,7,7.175,8.397235939794202,4,3,1,431,Regular
18032.0,334,1,73.5,14.7,5,42,0.0,42.0,Sunday,15,1,0,1.0,0.0,0.0,0.0,5,1.8699999999999999,0.4132190702278878,1,2,1,121,Regular
18033.0,65,1,71.82,2.4765517241379307,28,44,0.0,44.0,Wednesday,17,1,0,1.0,0.0,0.0,1.0,28,2.0258620689655173,1.425175471004434,2,2,1,221,At Risk
18034.0,22,2,342.84,3.2343396226415093,95,367,0.0,183.5,Friday,12,1,0,2.0,2.0,2.0,2.0,95,1.3554716981132076,1.0733837303242062,3,3,2,332,Loyal
18035.0,36,3,272.83,6.820749999999999,36,198,0.1794871794871795,66.0,Friday,12,1,7,0.375,0.0,3.0,3.0,36,2.81775,3.3337639369306706,3,3,2,332,Loyal
18036.0,32,3,403.12,4.288510638297873,77,232,2.2903225806451615,77.33333333333333,Friday,11,1,213,0.014018691588785047,0.0,1.0,1.0,77,1.905744680851064,1.1268583116529312,3,3,2,332,Loyal
18037.0,154,6,70.02,3.685263157894737,19,20,11.38888888888889,3.3333333333333335,Thursday,16,1,207,0.028846153846153848,0.0,0.0,0.0,19,3.598421052631579,4.553538627824268,1,4,1,141,Regular
18040.0,19,2,357.20000000000005,18.8,18,148,12.555555555555555,74.0,Friday,8,1,226,0.00881057268722467,1.0,1.0,1.0,18,3.0710526315789473,1.881763046651382,3,3,2,332,Loyal
18041.0,12,21,3193.47,7.409443155452435,278,2303,0.8186046511627907,109.66666666666667,Thursday,11,1,361,0.058011049723756904,2.0,3.0,5.0,278,2.0526218097447795,2.0258216463168766,4,4,4,444,Champions
18042.0,54,1,165.04999999999998,23.578571428571426,7,33,0.0,33.0,Monday,11,1,0,1.0,0.0,1.0,1.0,7,5.45,3.1775252424908706,2,2,1,221,At Risk
18043.0,25,3,529.29,4.6025217391304345,106,265,3.0,88.33333333333333,Wednesday,12,1,342,0.008746355685131196,1.0,1.0,1.0,106,2.9669565217391303,2.6884624099421606,3,3,2,332,Loyal
18044.0,4,10,2088.6,16.445669291338582,88,1033,2.7857142857142856,103.3,Tuesday,11,1,356,0.028011204481792718,1.0,2.0,3.0,88,4.251574803149607,3.9763901283316523,4,4,4,444,Champions
18045.0,45,1,178.34,4.147441860465117,43,138,0.0,138.0,Tuesday,13,1,0,1.0,0.0,1.0,1.0,43,2.592093023255814,2.334654617200761,3,2,1,321,At Risk
18048.0,203,2,95.97,15.995,5,55,0.0,27.5,Friday,14,1,0,2.0,0.0,0.0,0.0,5,1.5733333333333333,1.109624561131677,1,3,1,131,Regular
18050.0,359,1,74.4,14.88,5,40,0.0,40.0,Wednesday,14,1,0,1.0,0.0,0.0,0.0,5,2.31,1.3722244714331542,1,2,1,121,Regular
18053.0,71,1,300.02,15.001,20,302,0.0,302.0,Friday,9,1,0,1.0,0.0,0.0,1.0,20,1.5855000000000001,1.8343777806398722,2,2,2,222,At Risk
18055.0,7,10,6581.860000000001,18.592824858757062,221,2312,1.0141643059490084,231.2,Friday,12,1,362,0.027548209366391185,1.0,2.0,3.0,221,4.036101694915254,3.22675896662926,4,4,4,444,Champions
18056.0,288,1,363.65,19.139473684210525,19,211,0.0,211.0,Thursday,14,1,0,1.0,0.0,0.0,0.0,19,3.7578947368421054,7.9816501906611945,1,2,2,122,Regular
18058.0,10,1,6.959999999999999,6.959999999999999,1,24,0.0,24.0,Wednesday,8,1,0,1.0,1.0,1.0,1.0,1,0.29,0.0,4,2,1,421,At Risk
18059.0,23,3,306.46,17.025555555555556,17,258,2.588235294117647,86.0,Wednesday,14,1,44,0.06666666666666667,1.0,2.0,3.0,17,1.913333333333333,1.8747988127357276,3,3,2,332,Loyal
18061.0,22,10,1675.89,38.97418604651163,15,403,8.095238095238095,40.3,Friday,8,1,344,0.028985507246376812,1.0,1.0,2.0,15,5.305813953488372,2.817964676312235,3,4,4,344,Loyal
18062.0,173,3,528.4,25.16190476190476,18,140,8.15,46.666666666666664,Tuesday,9,1,164,0.01818181818181818,0.0,0.0,0.0,18,5.545238095238095,3.5429473874835042,1,3,2,132,Regular
18064.0,133,1,48.0,16.0,3,24,0.0,24.0,Friday,16,1,0,1.0,0.0,0.0,0.0,3,2.35,1.2124355652982142,2,2,1,221,At Risk
18065.0,6,14,2355.51,17.448222222222224,108,943,2.656716417910448,67.35714285714286,Wednesday,11,1,358,0.03899721448467967,3.0,3.0,6.0,108,4.20888888888889,2.945315954129835,4,4,4,444,Champions
18066.0,75,1,318.0,31.8,10,108,0.0,108.0,Sunday,15,1,0,1.0,0.0,0.0,1.0,10,3.4299999999999997,1.295976680174283,2,2,2,222,At Risk
18067.0,40,1,396.33,10.711621621621621,36,189,0.0,189.0,Sunday,15,1,0,1.0,0.0,1.0,1.0,36,2.8329729729729727,2.526415846021202,3,2,2,322,At Risk
18068.0,289,1,101.7,101.7,1,6,0.0,6.0,Wednesday,14,1,0,1.0,0.0,0.0,0.0,1,16.95,0.0,1,2,1,121,Regular
18069.0,26,5,1994.1200000000001,4.373070175438596,333,1260,0.6571428571428571,252.0,Monday,16,1,301,0.016556291390728478,1.0,1.0,2.0,333,2.2126973684210527,1.7827790272103803,3,4,4,344,Loyal
18071.0,258,2,408.0,17.0,22,224,4.695652173913044,112.0,Thursday,10,1,108,0.01834862385321101,0.0,0.0,0.0,22,3.0708333333333333,3.023491958512277,1,3,2,132,Regular
18072.0,186,1,247.44,13.746666666666666,18,288,0.0,288.0,Tuesday,10,1,0,1.0,0.0,0.0,0.0,18,0.885,0.4381008479119579,1,2,1,121,Regular
18073.0,114,11,1048.1000000000001,20.550980392156866,21,426,1.58,38.72727272727273,Wednesday,14,1,82,0.13253012048192772,0.0,0.0,0.0,21,5.002941176470588,4.152726956647955,2,4,3,243,Regular
18074.0,374,1,298.40000000000003,29.840000000000003,10,62,0.0,62.0,Wednesday,9,1,0,1.0,0.0,0.0,0.0,10,5.75,3.675444039689475,1,2,2,122,Regular
18075.0,23,10,2559.19,18.411438848920863,94,1332,2.4130434782608696,133.2,Tuesday,15,1,337,0.029585798816568046,1.0,2.0,2.0,94,3.5331654676258992,3.6509057911168377,3,4,4,344,Loyal
18077.0,8,11,2404.95,10.93159090909091,101,1713,1.6164383561643836,155.72727272727272,Sunday,10,1,358,0.03064066852367688,1.0,4.0,4.0,101,1.8208636363636364,1.3134511963704592,4,4,4,444,Champions
18078.0,217,2,259.63,9.272499999999999,27,115,1.5185185185185186,57.5,Friday,15,1,41,0.047619047619047616,0.0,0.0,0.0,27,3.0010714285714286,2.433627591470859,1,3,2,132,Regular
18079.0,45,3,571.6899999999999,8.532686567164179,61,948,2.909090909090909,316.0,Friday,15,1,193,0.015463917525773196,0.0,1.0,1.0,61,1.201044776119403,1.3307506816652768,3,3,2,332,Loyal
18081.0,36,3,328.33000000000004,20.520625000000003,13,159,6.466666666666667,53.0,Friday,11,1,97,0.030612244897959183,0.0,1.0,1.0,13,4.05375,3.5881729334021792,3,3,2,332,Loyal
18082.0,26,1,633.08,9.592121212121214,58,440,0.0,440.0,Monday,12,1,0,1.0,1.0,1.0,1.0,58,2.2806060606060607,2.018351862888194,3,2,3,323,At Risk
18085.0,330,2,689.95,23.79137931034483,25,265,1.5357142857142858,132.5,Thursday,15,1,43,0.045454545454545456,0.0,0.0,0.0,25,2.8448275862068964,1.6936512136498285,1,3,3,133,Regular
18086.0,274,1,101.34,14.477142857142857,7,106,0.0,106.0,Thursday,13,1,0,1.0,0.0,0.0,0.0,7,1.48,1.1357963432470335,1,2,1,121,Regular
18087.0,98,1,852.8,852.8,1,1,0.0,1.0,Friday,15,1,0,1.0,0.0,0.0,0.0,1,852.8,0.0,2,2,3,223,At Risk
18088.0,61,1,166.03,4.487297297297298,35,107,0.0,107.0,Sunday,13,1,0,1.0,0.0,0.0,1.0,35,2.1624324324324324,2.9837051960099368,2,2,1,221,At Risk
18092.0,2,9,4254.22,70.90366666666667,22,1082,6.11864406779661,120.22222222222223,Wednesday,12,1,363,0.024725274725274724,1.0,2.0,3.0,22,4.316333333333334,2.838790603478087,4,4,4,444,Champions
18093.0,120,2,398.6,28.47142857142857,14,244,14.0,122.0,Thursday,12,1,182,0.01092896174863388,0.0,0.0,0.0,14,1.6357142857142857,0.7764387566686396,2,3,2,232,Regular
18094.0,82,6,1834.8600000000001,32.19052631578948,34,842,3.732142857142857,140.33333333333334,Monday,14,1,210,0.02843601895734597,0.0,0.0,2.0,34,2.4089473684210527,1.7232233959009644,2,4,4,244,Regular
18095.0,313,2,313.65,18.45,16,203,1.25,101.5,Tuesday,12,1,20,0.09523809523809523,0.0,0.0,0.0,16,2.876470588235294,2.9579404599663395,1,3,2,132,Regular
18096.0,12,3,809.64,4.238952879581152,152,558,0.26842105263157895,186.0,Thursday,13,1,52,0.05660377358490566,1.0,2.0,3.0,152,2.3295811518324605,2.3359827938400057,4,3,3,433,Regular
18097.0,8,6,2228.84,22.977731958762888,61,1130,3.59375,188.33333333333334,Friday,13,1,346,0.01729106628242075,1.0,1.0,1.0,61,3.1708247422680413,2.8774962605330074,4,4,4,444,Champions
18099.0,127,1,168.31,8.858421052631579,19,149,0.0,149.0,Thursday,15,1,0,1.0,0.0,0.0,0.0,19,2.1389473684210527,2.3822839058741794,2,2,1,221,At Risk
18101.0,11,2,222.4,5.5600000000000005,37,87,3.3846153846153846,43.5,Monday,13,1,132,0.015037593984962405,1.0,1.0,1.0,37,2.61375,2.145972599414051,4,3,1,431,Regular
18102.0,1,14,6288.55,69.10494505494506,72,1374,4.011111111111111,98.14285714285714,Thursday,15,1,366,0.03814713896457766,1.0,4.0,12.0,72,4.791758241758242,5.4362756028178385,4,4,4,444,Champions
18104.0,37,1,754.64,19.858947368421052,38,362,0.0,362.0,Wednesday,14,1,0,1.0,0.0,1.0,1.0,38,3.758947368421053,3.256964919006887,3,2,3,323,At Risk
18105.0,38,1,113.48000000000002,6.304444444444446,18,46,0.0,46.0,Wednesday,12,1,0,1.0,0.0,1.0,1.0,18,2.232222222222222,2.0813698983109106,3,2,1,321,At Risk
18106.0,330,1,340.3,9.452777777777778,32,94,0.0,94.0,Friday,12,1,0,1.0,0.0,0.0,0.0,32,3.948611111111111,2.9060647449062977,1,2,2,122,Regular
18108.0,254,1,271.0,15.941176470588236,17,84,0.0,84.0,Wednesday,13,1,0,1.0,0.0,0.0,0.0,17,4.711764705882352,2.8208780443642842,1,2,2,122,Regular
18109.0,2,26,6932.12,16.121209302325582,119,1542,0.8251748251748252,59.30769230769231,Sunday,12,1,368,0.07046070460704607,4.0,6.0,8.0,119,5.020302325581396,4.0125978368418265,4,4,4,444,Champions
18110.0,20,1,198.8,5.372972972972973,33,72,0.0,72.0,Sunday,12,1,0,1.0,1.0,1.0,1.0,33,2.859189189189189,1.922328417972992,3,2,1,321,At Risk
18112.0,12,2,315.97,13.165416666666667,24,111,6.695652173913044,55.5,Sunday,14,1,154,0.012903225806451613,1.0,1.0,1.0,24,4.625416666666666,3.9155820036791757,4,3,2,432,Regular
18114.0,290,1,220.1,7.860714285714286,28,55,0.0,55.0,Tuesday,13,1,0,1.0,0.0,0.0,0.0,28,5.533928571428571,5.07621639448102,1,2,1,121,Regular
18116.0,68,8,1358.65,3.672027027027027,230,723,0.7967479674796748,90.375,Thursday,13,1,296,0.026936026936026935,0.0,0.0,1.0,230,2.392027027027027,2.163097861168361,2,4,4,244,Regular
18117.0,26,1,220.67,3.44796875,60,243,0.0,243.0,Monday,12,1,0,1.0,1.0,1.0,1.0,60,1.3571875,1.2698387208555768,3,2,1,321,At Risk
18118.0,11,26,5431.96,4.31450357426529,423,2553,0.27503974562798095,98.1923076923077,Friday,12,1,358,0.07242339832869081,3.0,6.0,7.0,423,2.54582208101668,2.309290840179273,4,4,4,444,Champions
18119.0,368,1,160.54,5.7335714285714285,28,76,0.0,76.0,Tuesday,11,1,0,1.0,0.0,0.0,0.0,28,2.9510714285714283,2.632954036376624,1,2,1,121,Regular
18120.0,214,1,111.15,6.538235294117648,17,31,0.0,31.0,Monday,13,1,0,1.0,0.0,0.0,0.0,17,4.0323529411764705,2.428987776347806,1,2,1,121,Regular
18121.0,149,2,615.8000000000001,20.526666666666667,27,408,0.1724137931034483,204.0,Friday,12,1,5,0.3333333333333333,0.0,0.0,0.0,27,1.8926666666666667,1.4426076325907873,1,3,3,133,Regular
18122.0,8,6,1743.47,4.939008498583569,235,1054,0.3977272727272727,175.66666666666666,Thursday,13,1,142,0.04195804195804196,2.0,4.0,5.0,235,2.33985835694051,2.725561500176411,4,4,4,444,Champions
18123.0,24,2,374.16,12.902068965517243,26,282,0.25,141.0,Tuesday,14,1,7,0.25,1.0,2.0,2.0,26,1.5717241379310345,0.48113013509501956,3,3,2,332,Loyal
18125.0,30,4,1069.47,5.658571428571428,161,668,1.5159574468085106,167.0,Thursday,15,1,286,0.013937282229965157,1.0,1.0,1.0,161,2.2412698412698413,1.788823598985585,3,3,3,333,Loyal
18126.0,61,1,200.92,3.8638461538461537,52,135,0.0,135.0,Monday,12,1,0,1.0,0.0,0.0,1.0,52,2.015,1.5751258897711797,2,2,1,221,At Risk
18127.0,19,3,340.24,7.560888888888889,40,151,2.590909090909091,50.333333333333336,Sunday,12,1,114,0.02608695652173913,2.0,2.0,2.0,40,3.2777777777777777,4.625815352645161,3,3,2,332,Loyal
18129.0,243,1,112.55000000000001,8.039285714285715,13,48,0.0,48.0,Sunday,14,1,0,1.0,0.0,0.0,0.0,13,2.9250000000000003,2.956527979287139,1,2,1,121,Regular
18130.0,15,3,1016.3100000000001,15.168805970149254,55,692,0.6212121212121212,230.66666666666666,Thursday,9,1,41,0.07142857142857142,2.0,3.0,3.0,55,2.461194029850746,2.9079960414232877,4,3,3,433,Regular
18135.0,29,4,206.25,13.75,10,75,11.5,18.75,Thursday,14,1,161,0.024691358024691357,1.0,2.0,3.0,10,2.43,1.2248615082064236,3,3,1,331,Loyal
18136.0,63,3,784.33,20.640263157894736,34,379,6.891891891891892,126.33333333333333,Monday,12,1,256,0.011673151750972763,0.0,0.0,1.0,34,2.728421052631579,1.7685198060552427,2,3,3,233,Regular
18138.0,295,1,152.65,19.08125,8,38,0.0,38.0,Thursday,14,1,0,1.0,0.0,0.0,0.0,8,6.25625,3.721024964403529,1,2,1,121,Regular
18139.0,18,6,3112.86,32.76694736842106,23,2027,0.0,337.8333333333333,Monday,14,1,0,6.0,6.0,6.0,6.0,23,1.7332631578947368,1.3379703922122976,4,4,4,444,Champions
18142.0,216,1,134.4,26.880000000000003,5,52,0.0,52.0,Sunday,12,1,0,1.0,0.0,0.0,0.0,5,2.9,1.9032866310674281,1,2,1,121,Regular
18143.0,117,2,1000.16,16.396065573770493,59,570,0.4166666666666667,285.0,Monday,12,1,25,0.07692307692307693,0.0,0.0,0.0,59,2.728360655737705,2.2129574331859385,2,3,3,233,Regular
18144.0,31,11,1324.55,38.95735294117647,24,315,10.181818181818182,28.636363636363637,Tuesday,14,1,342,0.03206997084548105,0.0,1.0,2.0,24,5.172941176470588,2.8022420995184776,3,4,3,343,Loyal
18145.0,13,4,2826.87,12.90808219178082,172,2493,1.3669724770642202,623.25,Sunday,12,1,299,0.013333333333333334,1.0,1.0,2.0,172,1.8157077625570777,2.38349558777813,4,3,4,434,Regular
18146.0,141,2,160.35,16.035,10,153,8.777777777777779,76.5,Friday,12,1,79,0.025,0.0,0.0,0.0,10,1.95,1.7888543819998315,2,3,1,231,Regular
18147.0,46,2,147.84,24.64,6,128,12.4,64.0,Tuesday,12,1,62,0.031746031746031744,0.0,1.0,1.0,6,1.4433333333333334,1.209407568467581,3,3,1,331,Loyal
18149.0,51,3,343.6,26.430769230769233,10,150,18.5,50.0,Friday,12,1,222,0.013452914798206279,0.0,1.0,1.0,10,3.0007692307692304,2.342724416637111,3,3,2,332,Loyal
18150.0,32,3,566.58,15.312972972972974,29,332,4.694444444444445,110.66666666666667,Sunday,10,1,169,0.01764705882352941,0.0,1.0,1.0,29,2.3235135135135137,1.3682556133352508,3,3,2,332,Loyal
18151.0,135,2,653.35,17.193421052631578,38,355,4.1891891891891895,177.5,Thursday,11,1,155,0.01282051282051282,0.0,0.0,0.0,38,3.1986842105263156,3.097339024504248,2,3,3,233,Regular
18154.0,3,2,399.19,19.009047619047617,15,255,2.0,127.5,Thursday,10,1,40,0.04878048780487805,1.0,2.0,2.0,15,2.8261904761904764,3.516975229071817,4,3,2,432,Regular
18155.0,75,3,351.46,14.644166666666665,19,218,9.391304347826088,72.66666666666667,Wednesday,11,1,216,0.013824884792626729,0.0,0.0,1.0,19,2.5558333333333336,1.769708688055667,2,3,2,232,Regular
18156.0,13,2,675.64,5.538032786885246,100,283,2.9421487603305785,141.5,Sunday,12,1,356,0.0056022408963585435,1.0,1.0,1.0,100,2.9568032786885245,1.8665937804316681,4,3,3,433,Regular
18158.0,9,2,453.4,13.335294117647058,24,354,2.393939393939394,177.0,Monday,9,1,79,0.025,1.0,1.0,2.0,24,1.2944117647058824,0.5940420920525118,4,3,2,432,Regular
18159.0,301,1,530.15,23.05,23,139,0.0,139.0,Friday,14,1,0,1.0,0.0,0.0,0.0,23,5.004347826086956,4.463282349130876,1,2,2,122,Regular
18160.0,57,2,617.26,16.243684210526315,36,262,3.864864864864865,131.0,Thursday,15,1,143,0.013888888888888888,0.0,1.0,1.0,36,3.736315789473684,2.694886470107967,2,3,3,233,Regular
18161.0,15,5,1550.57,19.879102564102563,48,744,3.9220779220779223,148.8,Thursday,16,1,304,0.01639344262295082,1.0,1.0,2.0,48,3.7067948717948718,3.3301774429498194,4,4,4,444,Champions
18164.0,37,1,399.65,16.652083333333334,24,184,0.0,184.0,Wednesday,12,1,0,1.0,0.0,1.0,1.0,24,4.207083333333333,3.060201015231383,3,2,2,322,At Risk
18165.0,177,1,177.66,19.74,9,134,0.0,134.0,Wednesday,13,1,0,1.0,0.0,0.0,0.0,9,1.26,1.5636096060078426,1,2,1,121,Regular
18167.0,23,3,1384.8600000000001,37.428648648648654,24,382,2.2777777777777777,127.33333333333333,Friday,15,1,82,0.03614457831325301,1.0,2.0,2.0,24,3.788648648648649,2.0447862726703008,3,3,4,334,Loyal
18168.0,176,6,1121.28,8.76,95,508,1.5354330708661417,84.66666666666667,Thursday,13,1,196,0.030456852791878174,0.0,0.0,0.0,95,3.27046875,2.7661488221175596,1,4,3,143,Regular
18169.0,61,1,202.65,22.516666666666666,9,61,0.0,61.0,Monday,12,1,0,1.0,0.0,0.0,1.0,9,3.688888888888889,3.59128961671307,2,2,1,221,At Risk
18170.0,33,3,680.71,20.02088235294118,27,257,5.545454545454546,85.66666666666667,Friday,16,1,183,0.016304347826086956,0.0,1.0,1.0,27,4.511764705882353,3.3374136879891267,3,3,3,333,Loyal
18171.0,59,5,1121.03,21.980980392156862,41,361,5.46,72.2,Thursday,9,1,274,0.01818181818181818,0.0,1.0,1.0,41,5.361960784313725,3.8796561804406546,2,4,3,243,Regular
18172.0,31,16,5162.0,30.011627906976745,93,2048,1.4853801169590644,128.0,Thursday,16,1,258,0.06177606177606178,0.0,5.0,7.0,93,3.230755813953489,2.6561751969451457,3,4,4,344,Loyal
18173.0,87,4,884.98,42.14190476190476,18,318,9.3,79.5,Thursday,11,1,187,0.02127659574468085,0.0,0.0,1.0,18,3.1647619047619053,1.5426879757346237,2,3,3,233,Regular
18176.0,358,1,476.35,15.878333333333334,30,283,0.0,283.0,Thursday,15,1,0,1.0,0.0,0.0,0.0,30,2.6816666666666666,2.6400262320187515,1,2,2,122,Regular
18177.0,31,6,1278.47,17.756527777777777,52,679,3.1267605633802815,113.16666666666667,Tuesday,15,1,224,0.02666666666666667,0.0,1.0,1.0,52,1.84875,0.7471258307957592,3,4,3,343,Loyal
18178.0,129,4,1562.97,16.452315789473683,78,887,2.4893617021276597,221.75,Wednesday,10,1,235,0.01694915254237288,0.0,0.0,0.0,78,2.4942105263157894,1.677774982343395,2,3,4,234,Regular
18179.0,9,5,1458.49,16.95918604651163,82,888,3.835294117647059,177.6,Monday,14,1,327,0.01524390243902439,1.0,2.0,2.0,82,2.8451162790697677,2.7963794845503758,4,4,4,444,Champions
18180.0,5,6,1675.63,15.372752293577983,99,1253,1.25,208.83333333333334,Tuesday,8,1,137,0.043478260869565216,1.0,2.0,4.0,99,2.2360550458715593,1.9495920838057872,4,4,4,444,Champions
18181.0,24,1,366.85,8.947560975609756,40,133,0.0,133.0,Tuesday,15,1,0,1.0,1.0,1.0,1.0,40,3.7065853658536585,2.922339482123952,3,2,2,322,At Risk
18183.0,227,2,590.47,16.401944444444446,36,307,1.3428571428571427,153.5,Thursday,10,1,47,0.041666666666666664,0.0,0.0,0.0,36,3.583611111111111,3.3533293926891536,1,3,3,133,Regular
18185.0,249,1,304.25,17.897058823529413,17,183,0.0,183.0,Monday,13,1,0,1.0,0.0,0.0,0.0,17,3.626470588235294,3.9005655698508495,1,2,2,122,Regular
18188.0,15,3,1444.52,22.223384615384614,59,780,4.28125,260.0,Friday,12,1,275,0.010869565217391304,1.0,1.0,2.0,59,2.585230769230769,1.94530211960468,4,3,4,434,Regular
18189.0,78,2,1090.24,16.032941176470587,65,566,2.8358208955223883,283.0,Thursday,9,1,190,0.010471204188481676,0.0,0.0,1.0,65,3.2851470588235294,2.6888273494898023,2,3,3,233,Regular
18190.0,192,2,284.46000000000004,18.964000000000002,14,140,9.857142857142858,70.0,Thursday,10,1,138,0.014388489208633094,0.0,0.0,0.0,14,3.929333333333333,3.7537761305244666,1,3,2,132,Regular
18191.0,262,1,136.4,27.28,5,56,0.0,56.0,Wednesday,12,1,0,1.0,0.0,0.0,0.0,5,5.29,4.053146925538229,1,2,1,121,Regular
18192.0,72,1,855.97,19.453863636363636,44,299,0.0,299.0,Thursday,9,1,0,1.0,0.0,0.0,1.0,44,4.040454545454545,2.8026017435178967,2,2,3,223,At Risk
18193.0,165,1,243.76,15.235,16,124,0.0,124.0,Monday,13,1,0,1.0,0.0,0.0,0.0,16,3.5949999999999998,3.832417861698626,1,2,1,121,Regular
18196.0,95,2,686.63,4.93978417266187,131,431,1.4130434782608696,215.5,Tuesday,16,1,195,0.01020408163265306,0.0,0.0,0.0,131,2.22136690647482,2.252457016411399,2,3,3,233,Regular
18198.0,4,17,2262.64,17.53984496124031,79,1230,2.53125,72.3529411764706,Thursday,14,1,332,0.05105105105105105,1.0,2.0,3.0,79,2.673565891472868,2.459926573615058,4,4,4,444,Champions
18200.0,106,1,150.35,5.011666666666667,29,104,0.0,104.0,Thursday,18,1,0,1.0,0.0,0.0,0.0,29,1.8596666666666666,1.5546559289666844,2,2,1,221,At Risk
18202.0,200,3,1396.99,20.543970588235293,55,581,1.6567164179104477,193.66666666666666,Tuesday,12,1,111,0.026785714285714284,0.0,0.0,0.0,55,4.052058823529412,3.5363095523751156,1,3,4,134,Regular
18203.0,157,1,160.42000000000002,8.443157894736842,19,43,0.0,43.0,Tuesday,13,1,0,1.0,0.0,0.0,0.0,19,4.583157894736842,2.8700833372174226,1,2,1,121,Regular
18204.0,71,3,1975.3500000000001,10.28828125,159,1190,0.6282722513089005,396.6666666666667,Tuesday,15,1,121,0.02459016393442623,0.0,0.0,1.0,159,2.580260416666667,2.314586443197205,2,3,4,234,Regular
18205.0,36,2,517.36,16.1675,30,192,1.2258064516129032,96.0,Thursday,13,1,38,0.05128205128205128,0.0,1.0,2.0,30,4.58,3.1753425012114835,3,3,2,332,Loyal
18209.0,29,1,139.10000000000002,17.387500000000003,8,58,0.0,58.0,Friday,12,1,0,1.0,1.0,1.0,1.0,8,3.24375,1.9269586510501837,3,2,1,321,At Risk
18210.0,2,6,2419.18,19.048661417322833,104,1110,2.0873015873015874,185.0,Wednesday,15,1,265,0.022556390977443608,4.0,5.0,5.0,104,3.7548818897637797,3.1095872910821925,4,4,4,444,Champions
18211.0,26,5,600.07,14.287380952380953,37,359,6.121951219512195,71.8,Thursday,13,1,252,0.019762845849802372,1.0,2.0,3.0,37,2.451904761904762,2.2460135287206717,3,4,3,343,Loyal
18212.0,326,1,216.07,6.3549999999999995,30,92,0.0,92.0,Monday,16,1,0,1.0,0.0,0.0,0.0,30,2.9155882352941176,2.8102865066669565,1,2,1,121,Regular
18213.0,237,1,232.48000000000002,15.498666666666669,15,232,0.0,232.0,Sunday,10,1,0,1.0,0.0,0.0,0.0,15,1.5013333333333334,1.4218743498167012,1,2,1,121,Regular
18215.0,89,1,299.34000000000003,23.02615384615385,13,118,0.0,118.0,Sunday,16,1,0,1.0,0.0,0.0,1.0,13,2.9930769230769227,1.7330723422839982,2,2,2,222,At Risk
18216.0,31,1,481.75,18.528846153846153,26,200,0.0,200.0,Tuesday,16,1,0,1.0,0.0,1.0,1.0,26,4.935384615384615,5.222300053247978,3,2,2,322,At Risk
18217.0,29,2,515.67,18.416785714285712,26,347,1.5185185185185186,173.5,Friday,10,1,41,0.047619047619047616,1.0,1.0,2.0,26,2.232857142857143,1.6433341382528055,3,3,2,332,Loyal
18218.0,211,2,299.0,19.933333333333334,14,180,5.0,90.0,Thursday,12,1,70,0.028169014084507043,0.0,0.0,0.0,14,2.21,1.6469885939409017,1,3,2,132,Regular
18219.0,3,10,2069.77,18.155877192982455,58,885,3.2212389380530975,88.5,Monday,12,1,366,0.027247956403269755,1.0,2.0,2.0,58,4.12921052631579,3.9460611356465187,4,4,4,444,Champions
18221.0,22,5,985.57,16.426166666666667,55,635,3.152542372881356,127.0,Thursday,14,1,189,0.02631578947368421,1.0,1.0,2.0,55,2.7535000000000003,2.935547086134926,3,4,3,343,Loyal
18222.0,93,1,415.72,24.454117647058826,17,235,0.0,235.0,Thursday,10,1,0,1.0,0.0,0.0,0.0,17,3.6029411764705883,4.2695575952109515,2,2,2,222,At Risk
18223.0,5,14,5952.12,22.37639097744361,113,2610,1.3094339622641509,186.42857142857142,Monday,9,1,353,0.03954802259887006,1.0,2.0,3.0,113,2.9990601503759398,2.1460699183580867,4,4,4,444,Champions
18224.0,264,1,158.95000000000002,15.895000000000001,10,69,0.0,69.0,Monday,10,1,0,1.0,0.0,0.0,0.0,10,3.06,1.836330882796211,1,2,1,121,Regular
18225.0,3,12,4623.0,18.05859375,146,2596,1.392156862745098,216.33333333333334,Thursday,15,1,361,0.03314917127071823,3.0,4.0,5.0,146,2.60671875,2.2647273512478705,4,4,4,444,Champions
18226.0,44,11,4594.51,20.789638009049774,131,2660,1.3136363636363637,241.8181818181818,Wednesday,10,1,293,0.03741496598639456,0.0,1.0,2.0,131,2.3151131221719456,1.967215062158068,3,4,4,344,Loyal
18227.0,218,1,93.75,18.75,5,21,0.0,21.0,Friday,12,1,0,1.0,0.0,0.0,0.0,5,8.65,5.683308895353129,1,2,1,121,Regular
18228.0,57,2,779.9,25.996666666666666,23,238,0.7586206896551724,119.0,Wednesday,10,1,22,0.08695652173913043,0.0,1.0,2.0,23,3.9876666666666667,1.8084813277011398,2,3,3,233,Regular
18229.0,12,20,5554.5,37.27852348993289,63,1568,2.364864864864865,78.4,Wednesday,10,1,361,0.055248618784530384,2.0,4.0,6.0,63,4.8772483221476515,3.7851844646149964,4,4,4,444,Champions
18230.0,9,7,2032.9,26.062820512820515,32,986,3.7662337662337664,140.85714285714286,Thursday,13,1,293,0.023809523809523808,2.0,2.0,2.0,32,2.181794871794872,1.2821164965098568,4,4,4,444,Champions
18231.0,192,5,1982.07,16.38074380165289,105,753,0.7916666666666666,150.6,Tuesday,14,1,96,0.05154639175257732,0.0,0.0,0.0,105,3.7890082644628102,2.8750638847854844,1,4,4,144,Regular
18232.0,82,4,592.97,16.026216216216216,31,302,3.1944444444444446,75.5,Tuesday,8,1,115,0.034482758620689655,0.0,0.0,1.0,31,3.724864864864865,2.9739298930891107,2,3,3,233,Regular
18233.0,326,1,440.0,440.0,1,4,0.0,4.0,Tuesday,8,1,0,1.0,0.0,0.0,0.0,1,110.0,0.0,1,2,2,122,Regular
18235.0,72,3,1640.28,16.910103092783505,93,1286,1.5104166666666667,428.6666666666667,Thursday,8,1,145,0.02054794520547945,0.0,0.0,1.0,93,2.2616494845360826,2.934666605287974,2,3,4,234,Regular
18236.0,30,6,882.24,18.004897959183673,42,403,4.333333333333333,67.16666666666667,Wednesday,9,1,210,0.02843601895734597,1.0,1.0,2.0,42,3.3632653061224493,2.2192466700015405,3,4,3,343,Loyal
18237.0,3,5,926.62,15.705423728813559,38,526,2.2241379310344827,105.2,Friday,12,1,131,0.03787878787878788,1.0,1.0,2.0,38,3.0366101694915253,3.046981327064707,4,4,3,443,Champions
18239.0,219,5,1561.6100000000001,17.745568181818182,80,795,1.735632183908046,159.0,Thursday,15,1,153,0.032467532467532464,0.0,0.0,0.0,80,2.871931818181818,2.2958482558062516,1,4,4,144,Regular
18240.0,46,1,125.58000000000001,25.116000000000003,5,66,0.0,66.0,Monday,13,1,0,1.0,0.0,1.0,1.0,5,3.724,3.0538303816682415,3,2,1,321,At Risk
18241.0,10,17,2073.09,19.933557692307694,60,1051,1.9611650485436893,61.8235294117647,Monday,9,1,208,0.08133971291866028,1.0,4.0,6.0,60,3.2537499999999997,2.669403841484468,4,4,4,444,Champions
18242.0,72,4,1874.27,25.327972972972972,71,775,1.917808219178082,193.75,Wednesday,13,1,141,0.028169014084507043,0.0,0.0,2.0,71,3.367972972972973,3.2543871252362346,2,4,4,244,Regular
18245.0,7,7,2540.1800000000003,14.59873563218391,152,1724,2.0,246.28571428571428,Friday,14,1,347,0.020114942528735632,1.0,1.0,1.0,152,2.59683908045977,2.696486861811223,4,4,4,444,Champions
18246.0,24,2,188.7,94.35,2,26,209.0,13.0,Wednesday,13,1,209,0.009523809523809525,1.0,1.0,1.0,2,6.449999999999999,4.949747468305833,3,3,1,331,Loyal
18248.0,123,2,783.14,17.024782608695652,38,439,1.4,219.5,Monday,13,1,63,0.03125,0.0,0.0,0.0,38,4.188695652173913,6.077026542167059,2,3,3,233,Regular
18249.0,17,1,81.66,13.61,6,56,0.0,56.0,Tuesday,15,1,0,1.0,1.0,1.0,1.0,6,2.0749999999999997,1.3779078343633873,4,2,1,421,At Risk
18250.0,310,1,325.87,16.2935,20,163,0.0,163.0,Wednesday,13,1,0,1.0,0.0,0.0,0.0,20,3.9635,3.6834784404218563,1,2,2,122,Regular
18252.0,51,2,518.27,5.5135106382978725,90,234,1.3010752688172043,117.0,Thursday,12,1,121,0.01639344262295082,0.0,1.0,1.0,90,3.1861702127659575,3.228927418167115,3,3,2,332,Loyal
18255.0,89,1,103.30000000000001,17.21666666666667,6,74,0.0,74.0,Sunday,13,1,0,1.0,0.0,0.0,1.0,6,1.7166666666666668,0.8710147338975769,2,2,1,221,At Risk
18257.0,39,8,2219.71,19.13543103448276,95,943,2.2,117.875,Wednesday,14,1,256,0.0311284046692607,0.0,1.0,3.0,95,3.4418965517241378,2.597938618879643,3,4,4,344,Loyal
18259.0,25,3,2203.6,53.74634146341463,26,678,8.525,226.0,Thursday,14,1,341,0.008771929824561403,1.0,1.0,2.0,26,3.247560975609756,1.1509751962744568,3,3,4,334,Loyal
18260.0,173,6,2408.71,18.67217054263566,86,1255,1.4296875,209.16666666666666,Wednesday,10,1,185,0.03225806451612903,0.0,0.0,0.0,86,3.568527131782946,3.0955146736788763,1,4,4,144,Regular
18261.0,43,2,324.24,15.440000000000001,19,146,2.6,73.0,Monday,9,1,52,0.03773584905660377,0.0,1.0,1.0,19,3.0828571428571427,1.9960639840875412,3,3,2,332,Loyal
18262.0,140,1,149.48,11.498461538461537,13,182,0.0,182.0,Friday,16,1,0,1.0,0.0,0.0,0.0,13,1.123076923076923,0.6818893436057473,2,2,1,221,At Risk
18263.0,26,3,1042.4,20.848000000000003,50,1024,4.591836734693878,341.3333333333333,Thursday,10,1,226,0.013215859030837005,1.0,1.0,1.0,50,1.085,0.5742972635654601,3,3,3,333,Loyal
18265.0,72,2,801.51,17.424130434782608,44,311,1.8888888888888888,155.5,Monday,15,1,85,0.023255813953488372,0.0,0.0,1.0,44,5.246521739130435,3.9280010281687416,2,3,3,233,Regular
18268.0,134,1,25.5,25.5,1,2,0.0,2.0,Thursday,19,1,0,1.0,0.0,0.0,0.0,1,12.75,0.0,2,2,1,221,At Risk
18269.0,366,1,168.60000000000002,24.08571428571429,7,76,0.0,76.0,Wednesday,13,1,0,1.0,0.0,0.0,0.0,7,3.164285714285714,1.4803474495633016,1,2,1,121,Regular
18270.0,38,2,283.15000000000003,25.740909090909096,11,101,22.8,50.5,Tuesday,13,1,228,0.008733624454148471,0.0,1.0,1.0,11,3.6727272727272724,3.452778854514407,3,3,2,332,Loyal
18272.0,3,6,2877.46,18.44525641025641,91,1594,1.5548387096774194,265.6666666666667,Thursday,12,1,244,0.024489795918367346,1.0,2.0,2.0,91,2.4128846153846157,1.6874290463899497,4,4,4,444,Champions
18273.0,2,2,102.0,51.0,1,40,255.0,20.0,Sunday,11,1,255,0.0078125,1.0,1.0,1.0,1,2.55,0.0,4,3,1,431,Regular
18274.0,30,1,175.92,15.992727272727272,11,88,0.0,88.0,Wednesday,17,1,0,1.0,1.0,1.0,1.0,11,3.671818181818182,3.4569403182057346,3,2,1,321,At Risk
18276.0,44,1,312.46000000000004,24.03538461538462,13,150,0.0,150.0,Thursday,10,1,0,1.0,0.0,1.0,1.0,13,2.623076923076923,2.2565179097279677,3,2,2,322,At Risk
18277.0,58,1,110.38,13.7975,8,68,0.0,68.0,Wednesday,15,1,0,1.0,0.0,1.0,1.0,8,3.1412500000000003,2.5879690741141843,2,2,1,221,At Risk
18278.0,74,1,173.9,19.322222222222223,9,66,0.0,66.0,Tuesday,11,1,0,1.0,0.0,0.0,1.0,9,3.283333333333333,1.6703293088490065,2,2,1,221,At Risk
18280.0,278,1,180.60000000000002,18.060000000000002,10,45,0.0,45.0,Monday,9,1,0,1.0,0.0,0.0,0.0,10,4.765,2.472071780691024,1,2,1,121,Regular
18281.0,181,1,80.82,11.545714285714284,7,54,0.0,54.0,Sunday,10,1,0,1.0,0.0,0.0,0.0,7,5.622857142857143,7.778641085874649,1,2,1,121,Regular
18282.0,8,2,164.13,14.92090909090909,11,55,11.8,27.5,Friday,13,1,118,0.01680672268907563,1.0,1.0,1.0,11,5.6454545454545455,4.85000074976564,4,3,1,431,Regular
18283.0,4,16,2045.53,2.8370735090152563,263,1357,0.45416666666666666,84.8125,Thursday,14,1,333,0.04790419161676647,5.0,6.0,6.0,263,1.6287517337031898,1.1117794024297845,4,4,4,444,Champions
18287.0,43,3,994.76,19.505098039215685,47,782,3.14,260.6666666666667,Wednesday,10,1,158,0.018867924528301886,0.0,2.0,2.0,47,1.6654901960784314,1.3651539308451486,3,3,3,333,Loyal
